Brand,TotalPurchaseDollars,TotalSalesDollars,GrossProfit,TotalPurchaseQuantity,TotalSalesQuantity,ProfitMargin,StockTurnover
58,65888.0,86683.08,10397.54,7100,6892.0,11.99488989085298,0.9707042253521126
60,24168.399999999998,37432.5,6632.050000000001,3266,3550.0,17.7173579109063,1.0869565217391304
61,6614.400000000001,8729.76,1057.6799999999998,624,624.0,12.11579699785561,1.0
62,183488.0,239727.5,28119.75,6400,6250.0,11.729880802160787,0.9765625
63,173926.6,224498.44,25285.92,5710,5556.0,11.263294301733232,0.9730297723292469
70,390.88,699.7199999999999,154.41999999999996,28,28.0,22.068827531012403,1.0
72,23864.54,34650.62,5393.040000000001,914,938.0,15.564050513381869,1.026258205689278
75,218.8,629.58,205.39000000000001,20,42.0,32.623336192382226,2.1
77,227166.96000000002,286833.42,29833.22999999998,21864,20858.0,10.40089052384481,0.9539882912550312
79,111187.95999999999,157846.28,23329.160000000003,11558,11372.0,14.77967044899633,0.9839072503893407
82,4470.12,24749.34,10139.61,18,66.0,40.969213724487204,3.6666666666666665
86,3306.94,10799.64,3746.3499999999995,14,36.0,34.6895822453341,2.5714285714285716
100,36087.0,40537.520000000004,2225.260000000002,300,248.0,5.489383662345407,0.8266666666666667
104,1964.5200000000002,2918.2799999999997,476.87999999999977,306,332.0,16.341132447880252,1.0849673202614378
106,6385.2,8432.22,1023.5099999999998,1878,1878.0,12.138084632516701,1.0
107,511.0,546.94,17.970000000000027,100,86.0,3.285552345778335,0.86
108,791.82,947.54,77.85999999999996,166,146.0,8.21706735335711,0.8795180722891566
109,4405.5,5424.74,509.6199999999999,890,846.0,9.394367287648807,0.950561797752809
110,367.84,480.26,56.21000000000001,76,74.0,11.704076958314248,0.9736842105263158
111,1851.8,2401.3,274.7500000000001,394,370.0,11.441719068837717,0.9390862944162437
112,2152.6,2518.12,182.76,458,388.0,7.2577954982288375,0.8471615720524017
113,1606.8799999999999,2362.36,377.7400000000001,332,364.0,15.989942261128705,1.0963855421686748
114,3331.72,4205.52,436.9000000000003,652,648.0,10.388727196636808,0.9938650306748467
115,475226.06,574074.9,49424.42000000001,22238,20510.0,8.609402710343199,0.9222951704289954
120,5032.08,7638.54,1303.23,482,546.0,17.06124468812103,1.1327800829875518
122,15.92,505.54,244.81,2,46.0,48.425446057680894,23.0
123,4572.5,6918.84,1173.17,118,116.0,16.956166062519152,0.9830508474576272
126,2411885.84,3473221.74,530667.9500000002,119756,116026.0,15.278838776357542,0.9688533351147333
128,195.36,245.92,25.279999999999987,8,8.0,10.27976577748861,1.0
129,199.92,569.8199999999999,184.95,8,18.0,32.457618195219545,2.25
131,619.2,447.72,-85.74000000000001,60,28.0,-19.150361833288663,0.4666666666666667
140,376.8,1055.04,339.12,48,96.0,32.142857142857146,2.0
143,24855.6,31419.52,3281.960000000001,840,848.0,10.44560833520054,1.0095238095238095
151,9591.0,11576.76,992.8800000000001,834,724.0,8.576492904750554,0.86810551558753
156,8277.0,3038.4799999999996,-2619.26,534,152.0,-86.20296990600565,0.2846441947565543
158,2232.36,3599.64,683.6399999999999,36,36.0,18.99189918991899,1.0
159,46127.52,96825.78,25349.13,1648,2622.0,26.180145411686844,1.5910194174757282
161,2227.2,2598.0,185.4000000000001,240,200.0,7.136258660508086,0.8333333333333334
162,36963.9,46490.54,4763.32,2010,1946.0,10.245783335706575,0.9681592039800995
165,24006.88,35751.68,5872.4,1192,1232.0,16.42552182163188,1.0335570469798658
168,52429.1,67109.38,7340.140000000003,5858,5262.0,10.937576833521637,0.898258791396381
169,67219.68000000001,86513.08,9646.699999999997,5104,5092.0,11.150568214656092,0.9976489028213166
171,489937.28,676868.2000000001,93465.46000000002,13328,13180.0,13.808516931361234,0.9888955582232893
173,43423.8,63692.619999999995,10134.409999999996,2954,3038.0,15.911435265184565,1.028436018957346
175,39396.0,60633.560000000005,10618.780000000002,1470,1444.0,17.51304063294321,0.9823129251700681
176,326.16,407.76,40.79999999999998,24,24.0,10.0058858151854,1.0
178,93710.64,143317.82,24803.590000000004,4514,5018.0,17.306703381338064,1.1116526362428
181,223.8,299.88,38.03999999999999,12,12.0,12.685074029611842,1.0
184,26340.8,41438.56,7548.879999999999,2020,2144.0,18.217042291044862,1.0613861386138614
187,276.72,359.76,41.51999999999998,24,24.0,11.541027351567706,1.0
188,1544.22,2068.62,262.19999999999993,138,138.0,12.675116744496329,1.0
189,46.08,59.92,6.920000000000002,8,8.0,11.548731642189589,1.0
190,1034.28,1441.44,203.58000000000004,338,336.0,14.123376623376627,0.9940828402366864
192,75068.16,100646.92,12789.379999999997,2712,2708.0,12.707174745138747,0.9985250737463127
194,1578.5000000000002,2579.14,500.3199999999998,70,86.0,19.398714300115536,1.2285714285714286
197,1841.8400000000001,2114.06,136.1099999999999,104,94.0,6.438322469560935,0.9038461538461539
199,92.88,159.68,33.400000000000006,24,32.0,20.91683366733467,1.3333333333333333
200,77928.18000000001,83911.76,2991.7899999999936,3326,2824.0,3.5654001298506834,0.8490679494888755
201,1051.96,1403.28,175.65999999999997,68,72.0,12.517815403910834,1.0588235294117647
202,7492.8,11422.06,1964.6299999999997,336,394.0,17.20031237797735,1.1726190476190477
203,94.68,83.96,-5.3600000000000065,6,4.0,-6.383992377322543,0.6666666666666666
204,296.8,318.78000000000003,10.990000000000009,28,22.0,3.4475186649099716,0.7857142857142857
206,750.52,467.73999999999995,-141.39000000000001,58,26.0,-30.228331979304745,0.4482758620689655
207,1035.0,1564.92,264.96000000000004,90,108.0,16.931216931216934,1.2
211,100498.44,140368.16,19934.86,5068,4984.0,14.201838935553477,0.9834254143646409
213,32731.660000000003,46498.38,6883.359999999997,1922,1962.0,14.80344046394734,1.0208116545265349
216,2343.0,2662.72,159.8599999999999,150,128.0,6.003635380362934,0.8533333333333334
217,8202.6,11730.3,1763.8499999999995,558,570.0,15.036699828648882,1.021505376344086
222,6012.24,5757.12,-127.55999999999995,376,288.0,-2.215691178922794,0.7659574468085106
226,3829.9199999999996,4769.66,469.8700000000001,474,434.0,9.851226292859453,0.9156118143459916
233,64045.2,93046.46,14500.630000000005,2120,2154.0,15.584289826824152,1.0160377358490567
234,825.8399999999999,929.4,51.78000000000003,72,60.0,5.5713363460297,0.8333333333333334
236,476.28,971.4599999999999,247.58999999999997,36,54.0,25.486381322957197,1.5
239,258.36,335.88,38.75999999999999,12,12.0,11.539835655591279,1.0
240,1948.6999999999998,2644.74,348.02,130,126.0,13.158949461950892,0.9692307692307692
241,44.76,59.96,7.600000000000001,4,4.0,12.675116744496334,1.0
247,52809.12,51797.420000000006,-505.84999999999854,338,258.0,-0.9765930426650564,0.7633136094674556
248,1102.08,1199.76,48.84000000000003,28,24.0,4.070814162832569,0.8571428571428571
249,2248.02,3562.3799999999997,657.1799999999998,138,162.0,18.447779293618307,1.173913043478261
253,28722.4,36384.36,3830.9799999999996,6244,6284.0,10.529194412104541,1.0064061499039076
254,7418.76,9473.380000000001,1027.3100000000004,844,862.0,10.844175996318107,1.0213270142180095
258,6021.4400000000005,8837.4,1407.9799999999996,248,260.0,15.932061466042043,1.0483870967741935
261,7032.96,8573.4,770.2199999999998,704,660.0,8.983833718244801,0.9375
262,56.22,95.92,19.85,6,8.0,20.694328607172647,1.3333333333333333
263,334.8,71.96,-131.42000000000002,24,4.0,-182.62923846581438,0.16666666666666666
264,487.2,623.52,68.16,48,48.0,10.931485758275597,1.0
267,41.56,155.88,57.16,4,12.0,36.669232743135744,3.0
269,10581.46,13510.140000000001,1464.340000000001,3338,3386.0,10.838821803475026,1.0143798681845417
271,25736.239999999998,8037.8,-8849.22,778,220.0,-110.09505088457038,0.2827763496143959
272,15850.8,17603.82,876.5100000000002,2142,2118.0,4.979089765744027,0.988795518207283
273,428076.3,471087.16,21505.429999999993,24730,20884.0,4.56506392574996,0.8444803881924787
274,2004.48,3014.8399999999997,505.17999999999984,108,116.0,16.756444786456328,1.0740740740740742
275,7782.28,4757.62,-1512.33,506,238.0,-31.78753242167302,0.47035573122529645
276,1018.4000000000001,1035.72,8.659999999999968,38,28.0,0.8361333178851396,0.7368421052631579
277,1154.3999999999999,869.4,-142.49999999999994,104,60.0,-16.390614216701167,0.5769230769230769
278,3513.6,3994.62,240.51,160,138.0,6.020848040614626,0.8625
281,9896.04,15255.28,2679.62,1386,1472.0,17.565197098971634,1.0620490620490621
283,37943.64,56489.98,9273.170000000002,956,1002.0,16.41560149251248,1.0481171548117154
284,53109.42,68661.09999999999,7775.8399999999965,994,890.0,11.324956926119736,0.8953722334004024
286,8449.92,3429.02,-2510.45,326,98.0,-73.21187977906224,0.3006134969325153
287,10245.9,5668.38,-2288.7599999999998,410,162.0,-40.37767404443598,0.3951219512195122
288,36413.04,22672.44,-6870.300000000001,1384,756.0,-30.30242885194536,0.546242774566474
290,97937.40000000001,127952.51999999999,15007.55999999999,2508,1748.0,11.72900697852609,0.696969696969697
294,47801.6,59141.34,5669.869999999999,7040,6966.0,9.586982641921876,0.9894886363636364
295,249.92,319.84,34.959999999999994,16,16.0,10.930465232616307,1.0
298,1866.48,2343.24,238.37999999999988,308,276.0,10.173093665181538,0.8961038961038961
300,87.0,75.96,-5.520000000000003,6,4.0,-7.266982622432865,0.6666666666666666
304,1418.1,1903.44,242.67000000000007,58,56.0,12.74902282183836,0.9655172413793104
305,397381.32,494079.48,48349.07999999999,17892,17652.0,9.7856887316996,0.9865861837692823
308,2124.32,2914.64,395.15999999999985,136,136.0,13.557763565997854,1.0
309,139.36,91.98,-23.690000000000005,4,2.0,-25.755599043270283,0.5
311,60220.8,88749.56,14264.379999999997,1836,2044.0,16.072620529048255,1.1132897603485838
313,4781.3,5937.299999999999,577.9999999999995,274,270.0,9.735064760076122,0.9854014598540146
315,282.24,543.66,130.70999999999998,24,34.0,24.04260015450833,1.4166666666666667
317,96.92,127.96,15.519999999999996,4,4.0,12.128790246952171,1.0
319,8004.06,11782.62,1889.2800000000002,318,338.0,16.03446432117814,1.0628930817610063
323,13207.6,19397.04,3094.7200000000003,1246,1296.0,15.954599258443558,1.0401284109149278
324,97.74,131.94,17.1,6,6.0,12.96043656207367,1.0
327,788.16,475.79999999999995,-156.18,48,20.0,-32.82471626733922,0.4166666666666667
332,1434.44,1079.46,-177.49,94,54.0,-16.442480499509013,0.574468085106383
335,617.76,827.64,104.94,36,36.0,12.679425837320574,1.0
336,263.9,329.90000000000003,33.00000000000003,10,10.0,10.003031221582305,1.0
338,327.78000000000003,1174.5,423.36,18,50.0,36.04597701149425,2.7777777777777777
344,26317.28,30944.519999999997,2313.619999999999,1672,1548.0,7.476671152113521,0.9258373205741627
350,21611.4,28745.539999999997,3567.069999999998,1194,1246.0,12.40912503296163,1.0435510887772195
351,535.2,695.76,80.27999999999997,24,24.0,11.538461538461535,1.0
354,512.28,1247.36,367.53999999999996,36,64.0,29.465430990251413,1.7777777777777777
356,8262.720000000001,15138.82,3438.0499999999993,906,1218.0,22.710158387509722,1.3443708609271523
359,2176.7400000000002,2850.7799999999997,337.01999999999975,522,522.0,11.82202765558899,1.0
361,184440.48,264114.16,39836.83999999998,12916,12584.0,15.0831897842963,0.9742954475069681
363,136.4,967.56,415.58,8,44.0,42.95134151887222,5.5
364,1958.8799999999999,3539.42,790.2700000000001,336,458.0,22.327669505173166,1.3630952380952381
365,3690.0,2433.08,-628.46,600,292.0,-25.82981241882717,0.4866666666666667
366,309.24,5917.339999999999,2804.0499999999997,18,266.0,47.38700159193151,14.777777777777779
368,50781.0,58239.58,3729.290000000001,50,42.0,6.403360051703672,0.84
369,388.74,1091.16,351.21000000000004,38,84.0,32.18684702518421,2.210526315789474
370,4972.799999999999,6547.32,787.2600000000002,480,468.0,12.024156448745444,0.975
371,355.2,159.84,-97.67999999999999,48,16.0,-61.11111111111111,0.3333333333333333
372,1245.6,2698.8,726.6000000000001,72,120.0,26.923076923076927,1.6666666666666667
373,450.90000000000003,479.76,14.429999999999978,30,24.0,3.0077538769384646,0.8
376,162193.5,237421.47999999998,37613.98999999999,8550,8252.0,15.842707239462914,0.9651461988304093
377,109090.8,116173.42,3541.3099999999977,3848,3058.0,3.0482962453890035,0.7946985446985447
381,371084.0,482002.88,55459.44,25592,24112.0,11.506039134040028,0.9421694279462332
382,947.9399999999999,1090.96,71.51000000000005,122,104.0,6.554777443719298,0.8524590163934426
384,58507.6,82648.48,12070.439999999999,1070,1152.0,14.604551711053851,1.0766355140186916
385,654.0,0.0,-327.0,2,0.0,-inf,0.0
388,218866.62,271310.76,26222.070000000007,19182,18724.0,9.664957630136014,0.9761234490668335
395,811.68,1103.76,146.04000000000002,24,24.0,13.231137203739946,1.0
397,200.6,299.6,49.500000000000014,34,40.0,16.522029372496664,1.1764705882352942
398,123.86,134.82,5.479999999999997,22,18.0,4.0646788310339685,0.8181818181818182
399,255.42000000000002,528.36,136.47,54,84.0,25.828980240744947,1.5555555555555556
401,35.4,134.82,49.709999999999994,6,18.0,36.87138406764575,3.0
405,183900.8,240829.30000000002,28464.250000000015,6464,6470.0,11.819263685938552,1.0009282178217822
407,1416.96,1699.66,141.35000000000002,36,34.0,8.31636915618418,0.9444444444444444
408,246974.74,330225.6,41625.42999999999,19042,17440.0,12.60514932821683,0.9158701817036026
415,379177.12,579048.78,99935.83000000002,29078,29122.0,17.25862024957552,1.0015131714698398
418,2383.92,3099.38,357.73,72,62.0,11.541985816518142,0.8611111111111112
419,88840.44,116303.78,13731.669999999998,5556,5622.0,11.806727176021276,1.011879049676026
423,20117.579999999998,37575.92,8729.17,6,8.0,23.230755228348368,1.3333333333333333
425,11162.699999999999,28799.64,8818.470000000001,18,36.0,30.62007025087814,2.0
426,79782.36,109223.3,14720.470000000001,12684,13670.0,13.477408208688074,1.0777357300536108
427,390.32,413.54,11.610000000000014,56,46.0,2.8074672341248763,0.8214285714285714
428,35270.119999999995,49613.72,7171.800000000003,5164,5228.0,14.455275677776234,1.0123934934159566
430,95.52,156.24,30.360000000000007,48,56.0,19.431643625192017,1.1666666666666667
435,213618.58,264019.86,25200.64,16702,15614.0,9.544978926964056,0.9348581008262483
437,908.88,1299.74,195.43,24,26.0,15.036084139904904,1.0833333333333333
438,164860.7,238822.37999999998,36980.83999999998,12910,12762.0,15.484662702046595,0.9885360185902401
441,11118.380000000001,14797.04,1839.33,298,296.0,12.430391483702143,0.9932885906040269
443,378877.2,547727.9,84425.35,15496,15410.0,15.413739194223993,0.9944501806917915
446,34122.0,48746.5,7312.25,3300,3150.0,15.000564143066683,0.9545454545454546
450,87371.52,103708.5,8168.489999999998,4476,4150.0,7.8763939310664,0.9271671134941912
451,2225.7999999999997,3153.6800000000003,463.9400000000003,620,632.0,14.71106770503032,1.0193548387096774
452,81.72,105.48,11.880000000000003,12,12.0,11.26279863481229,1.0
453,31977.22,43183.58,5603.18,1522,1442.0,12.97525587271829,0.9474375821287779
457,452.88,719.2,133.16000000000003,68,80.0,18.515016685205786,1.1764705882352942
463,107485.32,138954.6,15734.64,4364,4140.0,11.323583386228307,0.9486709440879927
473,5416.2,8293.56,1438.6799999999998,204,244.0,17.34695353985502,1.196078431372549
482,825041.28,1199202.68,187080.69999999995,57776,55732.0,15.600423774903502,0.9646219883688729
485,30421.920000000002,38294.52,3936.2999999999975,2928,2948.0,10.279016423237575,1.0068306010928962
495,2373.1,2910.18,268.53999999999996,190,182.0,9.227607914287088,0.9578947368421052
497,858480.0,1168935.24,155227.62,58400,58476.0,13.279402886339536,1.0013013698630138
500,141984.34,170099.44,14057.550000000003,62,56.0,8.264312921900274,0.9032258064516129
503,501.12,701.64,100.25999999999999,36,36.0,14.289379168804514,1.0
505,4704.0,711.76,-1996.12,240,24.0,-280.4484657749803,0.1
506,804.96,1149.54,172.28999999999996,48,46.0,14.98773422412443,0.9583333333333334
507,390.72,527.52,68.39999999999998,48,48.0,12.966333030027293,1.0
508,761219.78,1044618.3,141699.26,77914,76670.0,13.56469248145471,0.984033678157969
510,428.40000000000003,679.3199999999999,125.45999999999995,60,68.0,18.468468468468462,1.1333333333333333
513,129500.28,161358.16,15928.940000000002,5628,5384.0,9.871790803762265,0.9566453447050463
515,72225.28,104251.46,16013.090000000004,2848,2854.0,15.360063062905787,1.0021067415730338
516,2368.56,3340.96,486.20000000000005,278,304.0,14.552703414587425,1.0935251798561152
523,192082.28,260911.56,34414.64,27092,26044.0,13.190155315463983,0.9613169939465525
524,246.84,340.78000000000003,46.97000000000001,22,22.0,13.783085861846356,1.0
525,34162.0,41837.76,3837.880000000001,1102,1024.0,9.173244456682195,0.9292196007259528
529,4431.9,5846.58,707.3400000000001,790,802.0,12.098354935706006,1.0151898734177216
530,428.26000000000005,1109.26,340.5,38,74.0,30.696139768854913,1.9473684210526316
533,23309.26,12941.599999999999,-5183.83,962,440.0,-40.05555727267108,0.4573804573804574
536,3729.92,6313.14,1291.6100000000001,376,486.0,20.459074248313836,1.2925531914893618
538,255754.8,417902.08,81073.64000000001,32130,31192.0,19.400152303620985,0.970806100217865
539,68636.4,94423.32,12893.460000000006,16342,16308.0,13.654953034907061,0.9979194713009424
540,506.88,9220.86,4356.990000000001,704,9314.0,47.25144943096414,13.230113636363637
541,21138.0,22008.26,435.1299999999992,2710,2674.0,1.9771213171781832,0.9867158671586715
543,499.84,3664.8199999999997,1582.4899999999998,22,118.0,43.180565484798706,5.363636363636363
546,290.68,344.54,26.930000000000007,52,46.0,7.8162187264178336,0.8846153846153846
547,4247.72,5507.76,630.02,412,424.0,11.438770026290179,1.029126213592233
548,1298.8799999999999,2499.2200000000003,600.1700000000002,198,278.0,24.01429245924729,1.404040404040404
549,2105.76,2750.94,322.5899999999999,328,306.0,11.726537110951163,0.9329268292682927
551,4879.12,6044.5,582.69,568,550.0,9.64000330879312,0.9683098591549296
552,12.84,17.98,2.5700000000000003,2,2.0,14.293659621802005,1.0
555,25815.239999999998,40054.96,7119.860000000001,1188,1304.0,17.775226838324144,1.0976430976430978
557,232.32,289.34000000000003,28.51000000000002,48,46.0,9.853459597705127,0.9583333333333334
561,25288.440000000002,12247.8,-6520.3200000000015,996,420.0,-53.23666291089013,0.42168674698795183
563,26408.88,25531.28,-438.8000000000011,1032,872.0,-1.7186760710783053,0.8449612403100775
564,8328.599999999999,11075.68,1373.5400000000009,1260,1232.0,12.401405602184253,0.9777777777777777
565,5369.92,7126.54,878.31,346,346.0,12.324494074263246,1.0
567,427495.82,591743.88,82124.03,20642,20412.0,13.87830660791963,0.9888576688305397
573,172.56,59.94,-56.31,24,6.0,-93.94394394394395,0.25
576,1328.64,1528.3,99.82999999999993,192,170.0,6.532094484067259,0.8854166666666666
580,37886.4,50392.8,6253.200000000001,720,720.0,12.408915559365624,1.0
585,26158.000000000004,33168.94,3505.4699999999993,1160,1106.0,10.568531885553169,0.9534482758620689
586,1821.0600000000002,2102.7599999999998,140.8499999999998,134,124.0,6.698339325457961,0.9253731343283582
587,6519.78,6708.04,94.13000000000011,522,396.0,1.403241483354305,0.7586206896551724
589,854.28,1120.98,133.35000000000002,108,102.0,11.895841139003375,0.9444444444444444
590,110.64,203.66,46.51,24,34.0,22.83708141019346,1.4166666666666667
592,74746.16,88395.42,6824.629999999997,584,458.0,7.720569685623981,0.7842465753424658
596,865.5,1187.46,160.98000000000002,50,54.0,13.556667171946845,1.08
597,381554.66000000003,489657.06,54051.19999999998,17722,17494.0,11.038582799153348,0.9871346349170522
598,40522.68,54765.0,7121.16,2274,2300.0,13.003122432210354,1.0114335971855761
599,110456.58,155692.5,22617.96,6486,6550.0,14.527327905968496,1.009867406722171
600,4543.12,6750.54,1103.71,872,926.0,16.349951263158207,1.061926605504587
601,15279.2,20522.64,2621.7199999999993,2840,2936.0,12.774769717736117,1.0338028169014084
602,14697.119999999999,18983.16,2143.0200000000004,2742,2604.0,11.289058302200479,0.949671772428884
603,744.4399999999999,1048.5,152.03000000000003,148,150.0,14.499761564139249,1.0135135135135136
604,7617.48,11100.12,1741.3200000000006,1482,1588.0,15.687397974075962,1.0715249662618083
605,9476.6,15935.48,3229.4399999999996,980,1052.0,20.265721522037612,1.073469387755102
607,5923.679999999999,9076.74,1576.5300000000002,1032,926.0,17.368901169362573,0.8972868217054264
608,281.16,359.88,39.359999999999985,12,12.0,10.936978992997663,1.0
610,10454.56,7214.499999999999,-1620.0300000000002,722,350.0,-22.455194400166338,0.48476454293628807
613,245.52,623.76,189.12,12,24.0,30.319353597537518,2.0
614,617.76,965.5799999999999,173.90999999999997,36,42.0,18.010936431989062,1.1666666666666667
626,233.57999999999998,210.95999999999998,-11.310000000000002,34,24.0,-5.361205915813426,0.7058823529411765
630,1115.52,329.78000000000003,-392.87,96,22.0,-119.13093577536537,0.22916666666666666
634,5247.94,7946.32,1349.19,514,568.0,16.978802766563643,1.105058365758755
635,2235.08,3016.98,390.95000000000005,284,302.0,12.958322560971569,1.0633802816901408
636,460.68,930.02,234.67,66,98.0,25.232790692673273,1.4848484848484849
640,1259.76,1458.54,99.38999999999999,174,146.0,6.814348595170512,0.8390804597701149
644,33091.44,45547.659999999996,6228.109999999997,1594,1634.0,13.673830883957589,1.0250941028858218
648,119.94,167.94,24.0,6,6.0,14.29081814933905,1.0
649,43291.700000000004,56567.340000000004,6637.82,1510,1466.0,11.73436827681839,0.9708609271523179
650,131.82,377.46000000000004,122.82000000000002,26,54.0,32.53854713082181,2.076923076923077
652,19888.92,23311.5,1711.2900000000009,1212,1050.0,7.340969049610711,0.8663366336633663
653,150197.76,230323.2,40062.72,6912,6680.0,17.394131377125706,0.9664351851851852
655,285.26,483.56,99.15,34,44.0,20.50417735131111,1.2941176470588236
656,468.6,199.96,-134.32,12,4.0,-67.17343468693738,0.3333333333333333
657,594.24,575.28,-9.480000000000018,96,72.0,-1.647893199833128,0.75
658,18431.6,25337.260000000002,3452.8300000000017,8378,8474.0,13.62747984588705,1.0114585820004773
659,40734.0,72755.16,16010.580000000002,1752,2084.0,22.00610925740525,1.1894977168949772
661,104035.86,181436.94,38700.54,10414,11906.0,21.330022430933855,1.143268676781256
664,66756.36,94715.48,13979.559999999998,1236,1252.0,14.759530332317377,1.0129449838187703
669,15406.16,17035.74,814.7900000000009,574,426.0,4.782827162189613,0.7421602787456446
675,19052.66,21457.92,1202.6299999999992,242,208.0,5.604597276902884,0.859504132231405
676,234051.7,298192.06,32070.179999999993,27058,26994.0,10.754873888996237,0.9976347106216276
680,63589.68,102428.76,19419.539999999997,4588,5124.0,18.959069698783818,1.116826503923278
685,5842.8,20695.86,7426.530000000001,180,414.0,35.88413334840882,2.3
686,35401.6,59050.46,11824.43,2368,2954.0,20.02428092854823,1.2474662162162162
688,811.08,1078.92,133.92000000000002,108,108.0,12.412412412412413,1.0
689,23822.5,34690.78,5434.139999999999,3250,2922.0,15.664507975894459,0.8990769230769231
692,390.96,539.46,74.25000000000003,54,54.0,13.763763763763768,1.0
693,7592.2,10911.6,1659.7000000000003,812,840.0,15.210418270464462,1.0344827586206897
694,2953.02,3912.8799999999997,479.92999999999984,474,472.0,12.265390198523846,0.9957805907172996
700,2405.3999999999996,3000.9799999999996,297.78999999999996,380,362.0,9.923091790015262,0.9526315789473684
702,8078.2,10256.779999999999,1089.2899999999995,676,622.0,10.620194641983154,0.9201183431952663
704,3713.58,5299.24,792.8299999999999,78,76.0,14.961201983680677,0.9743589743589743
709,6882.960000000001,5157.419999999999,-862.7700000000009,482,258.0,-16.728713193806225,0.5352697095435685
711,3566.7999999999997,839.5799999999999,-1363.61,482,42.0,-162.41573167536149,0.08713692946058091
712,604.96,2241.96,818.5,76,204.0,36.50823386679512,2.6842105263157894
713,343.98,883.66,269.84,18,34.0,30.536631736188124,1.8888888888888888
714,112.06,23.96,-44.05,26,4.0,-183.84808013355592,0.15384615384615385
715,2005.56,2503.58,249.01,324,302.0,9.946157103028463,0.9320987654320988
717,9374.88,5999.9400000000005,-1687.4699999999993,12,6.0,-28.124781247812464,0.5
718,1081.38,1258.8,88.70999999999992,134,120.0,7.047187797902758,0.8955223880597015
722,4187.04,3200.12,-493.46000000000004,624,388.0,-15.420046748246943,0.6217948717948718
726,9.58,11.98,1.2000000000000002,2,2.0,10.01669449081803,1.0
728,41175.259999999995,14164.78,-13505.239999999998,1198,322.0,-95.34380343358667,0.2687813021702838
731,5726.8,6963.419999999999,618.3099999999995,278,258.0,8.879401213771388,0.9280575539568345
734,3271.2,5997.6,1363.2000000000003,240,240.0,22.729091636654665,1.0
735,2334.96,3187.8,426.4200000000001,216,220.0,13.376623376623378,1.0185185185185186
738,157.4,199.8,21.200000000000003,20,20.0,10.610610610610612,1.0
742,1413.04,2390.16,488.55999999999995,136,184.0,20.440472604344478,1.3529411764705883
743,243309.0,321535.68,39113.34,6666,6432.0,12.16454111717866,0.9648964896489649
744,3294.72,2487.02,-403.8499999999999,528,298.0,-16.238309301895438,0.5643939393939394
746,110.64,11.98,-49.33,24,2.0,-411.7696160267111,0.08333333333333333
749,76426.72,33367.5,-21529.61,5048,3250.0,-64.52269423840563,0.6438193343898574
751,3649.86,4895.1,622.6200000000001,486,490.0,12.719249862107008,1.008230452674897
752,470.86,449.82,-10.52000000000001,26,18.0,-2.3387132630830134,0.6923076923076923
753,34088.88,41019.479999999996,3465.2999999999993,2472,2052.0,8.447937419001898,0.8300970873786407
754,53457.6,11968.02,-20744.79,7224,1198.0,-173.33518827675755,0.16583610188261352
755,781.1999999999999,839.6999999999999,29.25,36,30.0,3.483386923901394,0.8333333333333334
756,27938.88,36250.14,4155.629999999999,5232,5186.0,11.463762622709869,0.9912079510703364
757,76222.8,103546.65999999999,13661.929999999993,5464,5334.0,13.193984238603152,0.976207906295754
758,71579.76,102955.08,15687.660000000003,2488,2492.0,15.2373831383551,1.0016077170418007
759,91686.0,129804.98000000001,19059.490000000005,2478,2302.0,14.683173172554708,0.9289749798224375
764,2875.92,4086.18,605.1299999999999,276,282.0,14.809186085781828,1.0217391304347827
765,2881.2000000000003,2799.0,-41.100000000000136,140,100.0,-1.4683815648445924,0.7142857142857143
771,892.32,1409.06,258.36999999999995,78,94.0,18.336337700310843,1.205128205128205
775,22398.72,30531.66,4066.4699999999993,4912,4854.0,13.31886310800002,0.9881921824104235
776,1520.4,3034.68,757.1399999999999,84,132.0,24.949582822571077,1.5714285714285714
778,13790.04,18445.8,2327.879999999999,1348,1420.0,12.620108642617827,1.053412462908012
779,8556.8,10729.74,1086.4700000000003,896,826.0,10.125781239806372,0.921875
780,5530.08,7352.34,911.1300000000001,562,566.0,12.392381201087002,1.00711743772242
781,893.5400000000001,337.74,-277.90000000000003,86,26.0,-82.28222893349914,0.3023255813953488
782,661874.5,888145.04,113135.27000000002,18830,18296.0,12.738377731637168,0.9716409984067976
784,139.84,47.92,-45.96,32,8.0,-95.90984974958263,0.25
787,928.2,1889.46,480.63,52,54.0,25.437426566320536,1.0384615384615385
788,22.38,1558.96,768.29,2,104.0,49.282213783548,52.0
797,36.62,95.96,29.669999999999998,2,4.0,30.919132972071694,2.0
799,736.5600000000001,1221.06,242.24999999999994,72,94.0,19.83931993513832,1.3055555555555556
800,727421.68,937175.88,104877.09999999998,30284,29012.0,11.190759625610507,0.9579976225069343
802,80683.02,114120.76,16718.869999999995,10098,9924.0,14.650156553461436,0.9827688651218063
803,25792.0,32820.0,3514.0,2600,2500.0,10.706886045094455,0.9615384615384616
804,6866.64,8079.5,606.4299999999998,594,550.0,7.50578624914908,0.9259259259259259
805,527.8,791.76,131.98000000000002,20,24.0,16.669192684651918,1.2
806,22483.960000000003,28136.34,2826.1899999999987,2164,2166.0,10.044625562528738,1.0009242144177448
807,274892.94,385759.22,55433.139999999985,20778,20478.0,14.369880776926081,0.9855616517470401
809,116935.78,167471.58,25267.899999999994,8906,8842.0,15.08787341708963,0.9928138333707612
810,32829.54,75472.94,21321.7,4566,6306.0,28.25078763328949,1.38107752956636
811,1291742.72,1875830.72,292044.0,65108,64128.0,15.568782240649092,0.9849480862566812
812,499421.78,626688.4199999999,63633.31999999995,29326,28958.0,10.153900721510054,0.9874514083066221
814,43572.92,20612.12,-11480.4,3028,1988.0,-55.697327591727586,0.6565389696169088
817,326.88,431.52,52.31999999999999,48,48.0,12.124582869855393,1.0
818,20477.1,27332.64,3427.7700000000004,2786,2736.0,12.54094006286989,0.9820531227566404
819,17.12,23.98,3.4299999999999997,2,2.0,14.303586321934944,1.0
821,491560.38,662443.68,85441.65000000002,17562,17232.0,12.897949301893863,0.9812094294499487
822,398840.48,534402.0,67780.76000000001,19952,19800.0,12.68347798099558,0.9923817161186849
823,9030.06,15114.599999999999,3042.2699999999995,442,540.0,20.12802191258783,1.2217194570135748
824,281796.24,357185.66,37694.70999999999,13574,13234.0,10.553254013612975,0.9749521143362311
825,84751.74,121435.08,18341.67,2826,2892.0,15.104095126383577,1.0233545647558386
826,230.16,647.46,208.65000000000003,24,54.0,32.22592901491985,2.25
827,2678.7999999999997,3176.82,249.01000000000022,362,318.0,7.838341486140235,0.8784530386740331
828,1811.1599999999999,2677.32,433.08000000000015,234,268.0,16.175877369907226,1.1452991452991452
829,41640.48,60229.82,9294.669999999998,3888,4018.0,15.432006936099093,1.0334362139917694
830,382.2,439.56,28.680000000000007,52,44.0,6.524706524706526,0.8461538461538461
831,6937.799999999999,9590.4,1326.3000000000002,930,960.0,13.829454454454456,1.032258064516129
832,1998.24,3136.86,569.3100000000001,276,314.0,18.14904076050573,1.1376811594202898
833,6455.92,7572.42,558.25,808,758.0,7.372147873467134,0.9381188118811881
834,2995.2,3996.0,500.4000000000001,390,400.0,12.522522522522525,1.0256410256410255
835,1877.3600000000001,2217.7799999999997,170.2099999999998,248,222.0,7.674791909026135,0.8951612903225806
836,2480.3999999999996,3656.34,587.9700000000003,318,366.0,16.080834933293957,1.150943396226415
837,3409.9,4935.06,762.5800000000002,430,494.0,15.452294399662822,1.1488372093023256
838,3359.12,5187.28,914.0799999999999,422,472.0,17.621566601378756,1.1184834123222749
839,182.4,146.86,-17.769999999999996,24,14.0,-12.099959144763716,0.5833333333333334
840,3814.86,4659.76,422.45000000000005,434,424.0,9.06591755798582,0.9769585253456221
842,1030.9,1340.78,154.93999999999994,122,122.0,11.555959963603271,1.0
843,1509.3,1977.1399999999999,233.91999999999996,86,86.0,11.831230969986951,1.0
844,949.08,1738.26,394.59,132,174.0,22.70028649338994,1.3181818181818181
845,2113.86,3216.78,551.46,294,322.0,17.143230186708447,1.0952380952380953
846,104.68,133.98,14.649999999999991,2,2.0,10.93446783101955,1.0
847,3636.3,5334.84,849.27,102,116.0,15.919315293429607,1.1372549019607843
849,720.3000000000001,1358.64,319.17,98,136.0,23.491874227168346,1.3877551020408163
853,488.4,639.36,75.48000000000002,66,64.0,11.805555555555557,0.9696969696969697
854,45909.78,71027.58,12558.900000000001,3934,4442.0,17.68172307151673,1.1291306558210472
855,11591.0,14770.56,1589.7799999999997,1340,1344.0,10.763166731660816,1.0029850746268656
856,1694.94,11456.18,4880.62,78,382.0,42.60250799131997,4.897435897435898
857,652136.1,925864.52,136864.21000000002,40330,39348.0,14.782315019480391,0.9756508802380363
858,157448.4,208074.46,25313.03,17592,17354.0,12.165370992672527,0.9864711232378354
859,176115.94,232115.87999999998,27999.969999999987,10186,10012.0,12.062927361971093,0.9829177302179462
860,28040.100000000002,34376.72,3168.3099999999995,3190,3128.0,9.21644066100547,0.980564263322884
861,9433.4,12694.44,1630.5200000000004,2020,1956.0,12.84436335907689,0.9683168316831683
862,471.9,703.12,115.61000000000001,78,88.0,16.442428035043807,1.1282051282051282
863,967.78,1632.16,332.19000000000005,166,184.0,20.352784040780318,1.108433734939759
864,1378.08,1869.6599999999999,245.78999999999996,264,234.0,13.146240492923846,0.8863636363636364
865,4851.0,7590.5,1369.75,882,950.0,18.04558329490811,1.0770975056689343
866,223.01999999999998,307.86,42.420000000000016,14,14.0,13.778990450204642,1.0
867,97.2,131.22,17.009999999999998,18,18.0,12.962962962962962,1.0
868,12501.88,18202.42,2850.2699999999995,508,558.0,15.658742079349889,1.0984251968503937
869,1302.04,2097.9,397.93000000000006,172,210.0,18.968015634682303,1.2209302325581395
870,90846.0,145228.12,27191.059999999998,5150,4988.0,18.722999375052158,0.9685436893203884
871,2042.72,2237.76,97.5200000000001,272,224.0,4.357929357929362,0.8235294117647058
872,776.52,1038.96,131.22000000000003,108,104.0,12.629937629937633,0.9629629629629629
874,1503.04,2211.54,354.25,224,246.0,16.018249726434973,1.0982142857142858
875,6546.88,10823.960000000001,2138.5400000000004,998,1204.0,19.75746399654101,1.2064128256513027
876,11615.04,15732.5,2058.7299999999996,1744,1750.0,13.085841411091687,1.003440366972477
877,13309.92,18231.72,2460.9000000000005,1896,2028.0,13.497903653632243,1.0696202531645569
878,27333.44,37122.840000000004,4894.700000000003,3664,3716.0,13.185144240041986,1.0141921397379912
879,2146.0,2857.14,355.56999999999994,290,286.0,12.444962444962442,0.9862068965517241
880,1332.32,1338.66,3.1700000000000728,176,134.0,0.23680396814725718,0.7613636363636364
881,2374.72,3775.8,700.5400000000002,362,420.0,18.553419142963083,1.160220994475138
882,1953.3200000000002,3793.08,919.8799999999999,188,292.0,24.251531736741644,1.553191489361702
883,17187.28,26999.46,4906.09,44,54.0,18.171067125046207,1.2272727272727273
884,3554.16,4423.08,434.46000000000004,502,492.0,9.822567079953338,0.9800796812749004
885,871.1999999999999,1150.56,139.68,144,144.0,12.140175219023781,1.0
887,6597.5,9222.9,1312.6999999999998,650,710.0,14.233050342083292,1.0923076923076922
888,388.26,377.58,-5.340000000000003,54,42.0,-1.4142698236135398,0.7777777777777778
889,17003.52,19032.54,1014.5100000000002,1728,1746.0,5.330397309029694,1.0104166666666667
890,2894.48,3776.22,440.8699999999999,388,378.0,11.674902415643155,0.9742268041237113
892,146591.34,187868.94,20638.800000000003,5866,5506.0,10.985743572088074,0.9386293897033754
895,26419.18,35457.22,4519.02,1454,1478.0,12.744992416213115,1.016506189821183
896,36828.0,48315.86,5743.93,1980,2014.0,11.88829092558841,1.0171717171717172
897,14828.88,19949.02,2560.0700000000006,3014,2938.0,12.833061473696455,0.9747843397478434
899,4060.0,5981.0199999999995,960.5099999999998,280,298.0,16.059300921916325,1.0642857142857143
900,268.56,539.64,135.54,24,36.0,25.116744496330885,1.5
901,376.32,862.56,243.11999999999998,96,144.0,28.1858653311074,1.5
902,30.72,47.519999999999996,8.399999999999999,48,48.0,17.676767676767675,1.0
903,358287.72,502612.69999999995,72162.48999999999,19068,18930.0,14.357474452993326,0.9927627438640655
904,106289.56,153591.31999999998,23650.87999999999,8698,8668.0,15.398578513421196,0.9965509312485629
905,2462.72,2623.98,80.63000000000011,256,202.0,3.072813054977557,0.7890625
906,5054.7,5897.46,421.3800000000001,498,454.0,7.145109928681164,0.9116465863453815
910,7296.38,9701.779999999999,1202.6999999999994,422,422.0,12.396694214876028,1.0
911,1041.76,2140.98,549.61,68,102.0,25.670954422740987,1.5
912,1940.1000000000001,2811.06,435.4799999999999,174,194.0,15.491665065847043,1.1149425287356323
913,5861.32,7505.82,822.25,554,518.0,10.954832383403811,0.9350180505415162
914,437.0,1072.26,317.63,38,74.0,29.622479622479624,1.9473684210526316
915,7554.24,10027.08,1236.42,688,692.0,12.330808171471656,1.005813953488372
917,31.42,43.98,6.279999999999998,2,2.0,14.27921782628467,1.0
918,1045.44,1246.14,100.35000000000002,96,86.0,8.052867254080603,0.8958333333333334
920,3981.82,5234.76,626.47,526,524.0,11.967501852998035,0.9961977186311787
921,24627.12,13872.54,-5377.289999999999,856,346.0,-38.76211566158756,0.40420560747663553
923,79.36,181.86,51.25000000000001,8,14.0,28.181018365775873,1.75
924,144.96,194.26,24.64999999999999,96,94.0,12.68917945022135,0.9791666666666666
925,2398.68,3022.92,312.1200000000001,108,108.0,10.325116112897467,1.0
926,82.32,335.88,126.78,4,12.0,37.74562343694177,3.0
927,589.4,783.72,97.16000000000003,28,28.0,12.397284744551628,1.0
928,40.28,55.98,7.849999999999998,2,2.0,14.02286530903894,1.0
929,8110.72,10833.66,1361.4699999999998,874,834.0,12.567036440131957,0.954233409610984
930,542.6400000000001,709.24,83.29999999999995,476,476.0,11.744966442953013,1.0
932,2795.5,9199.08,3201.79,50,92.0,34.8055457719685,1.84
934,107710.4,149392.2,20840.90000000001,4130,3980.0,13.950460599683254,0.9636803874092009
935,120.28,399.90000000000003,139.81,4,10.0,34.96124031007752,2.5
936,377.88,319.92,-28.97999999999999,12,8.0,-9.05851462865716,0.6666666666666666
938,40319.4,54821.72,7251.16,1788,1828.0,13.226801348078826,1.0223713646532437
942,95626.8,125336.2,14854.699999999997,2104,1980.0,11.851883175012484,0.94106463878327
945,1920.42,2407.14,243.3599999999999,94,86.0,10.109922979137064,0.9148936170212766
950,588.2,3359.58,1385.69,10,42.0,41.245929550717655,4.2
954,205.7,571.56,182.92999999999998,22,44.0,32.00538876058506,2.0
955,186.48000000000002,215.64000000000001,14.579999999999998,42,36.0,6.76126878130217,0.8571428571428571
956,4669.56,7857.38,1593.9099999999999,204,262.0,20.285515019001245,1.2843137254901962
957,42.74,335.88,146.57,2,12.0,43.63760866976301,6.0
966,303393.9,421592.25999999995,59099.179999999964,18786,19774.0,14.018089421281113,1.0525923560097945
967,595.2,511.84,-41.680000000000035,24,16.0,-8.143169740543927,0.6666666666666666
970,4989.32,15000.34,5005.51,412,966.0,33.3693102956333,2.3446601941747574
971,8245.24,14774.76,3264.76,722,924.0,22.096873316385512,1.2797783933518005
972,5605.2,5302.4400000000005,-151.37999999999965,216,156.0,-2.8549120782130424,0.7222222222222222
973,499.8,4706.86,2103.5299999999997,42,314.0,44.69072800125773,7.476190476190476
974,1450.2199999999998,1483.02,16.40000000000009,118,98.0,1.1058515731412988,0.8305084745762712
975,7208.9400000000005,9447.300000000001,1119.1800000000003,274,270.0,11.846559334413008,0.9854014598540146
976,5766.84,7990.58,1111.87,772,842.0,13.914759629463692,1.0906735751295338
977,592.6800000000001,988.14,197.72999999999996,66,86.0,20.010322423948022,1.303030303030303
978,8745.0,12036.78,1645.8900000000003,1650,1722.0,13.673839681376581,1.0436363636363637
979,1368.8,1776.1200000000001,203.66000000000008,232,228.0,11.466567574263003,0.9827586206896551
981,4340.78,6224.400000000001,941.8100000000004,1502,1560.0,15.130936315146847,1.0386151797603196
982,13082.16,16496.4,1707.1200000000008,2396,2360.0,10.348439659562091,0.9849749582637729
984,221978.8,286828.36,32424.78,10760,10964.0,11.304593450940487,1.0189591078066915
989,1371.46,1511.28,69.90999999999997,94,72.0,4.625880048700437,0.7659574468085106
990,210.14,0.0,-105.07,2,0.0,-inf,0.0
994,4028.3199999999997,5593.36,782.52,272,264.0,13.990159760859305,0.9705882352941176
995,6459.96,7760.24,650.1399999999999,404,376.0,8.377833675247155,0.9306930693069307
996,11999.34,8999.7,-1499.8199999999997,54,30.0,-16.665222174072465,0.5555555555555556
998,26987.58,35014.479999999996,4013.449999999997,1458,1352.0,11.462257900160155,0.9272976680384087
999,148056.31999999998,172546.16,12244.920000000013,1648,1384.0,7.096605337377553,0.8398058252427184
1000,348.59999999999997,2074.7599999999998,863.0799999999999,30,124.0,41.599028321348015,4.133333333333334
1001,61435.12,94965.46,16765.170000000002,14354,15854.0,17.6539659787885,1.1045004876689424
1003,398940.36,428073.8,14566.720000000001,23946,18620.0,3.402852498798105,0.7775828948467385
1004,13845.0,31417.94,8786.47,1300,1406.0,27.96641027387537,1.0815384615384616
1005,13505.96,64241.64,25367.84,494,1836.0,39.48815752524375,3.716599190283401
1006,558.92,2617.44,1029.26,178,656.0,39.323155449599604,3.6853932584269664
1007,14.38,619.38,302.5,2,62.0,48.839161742387546,31.0
1009,2867.5,22234.84,9683.67,74,516.0,43.55178629574128,6.972972972972973
1012,14666.1,20806.280000000002,3070.090000000001,570,572.0,14.755593022875788,1.0035087719298246
1013,6811.9800000000005,27670.68,10429.35,662,1732.0,37.69097832073516,2.6163141993957706
1019,26285.6,36334.479999999996,5024.439999999999,1276,1352.0,13.828297528958716,1.0595611285266457
1020,72.44,2638.96,1283.26,4,104.0,48.627489617121896,26.0
1021,3141.92,14079.32,5468.7,292,1268.0,38.84207475929235,4.342465753424658
1022,2353.2,12764.960000000001,5205.880000000001,222,1104.0,40.782579812236,4.972972972972973
1023,54613.6,183413.1,64399.75,1520,3690.0,35.111859512761086,2.4276315789473686
1024,108985.48,226447.94,58731.23,5452,7206.0,25.935864110753226,1.3217168011738811
1025,25858.16,50295.48,12218.660000000002,4916,5052.0,24.29375363352731,1.0276647681041498
1026,15398.94,20281.32,2441.1899999999996,1054,1068.0,12.03664258539385,1.0132827324478177
1028,18192.06,19300.7,554.3199999999997,3186,2030.0,2.8720201857963685,0.6371625863151287
1029,1052.0,4968.3,1958.15,200,570.0,39.41287764426464,2.85
1030,9492.0,12457.439999999999,1482.7199999999993,700,656.0,11.902284899626244,0.9371428571428572
1031,10473.84,19705.920000000002,4616.040000000001,312,408.0,23.42463584547182,1.3076923076923077
1032,425.16,1579.84,577.3399999999999,6,16.0,36.54420700830464,2.6666666666666665
1033,276.84,6076.18,2899.67,12,182.0,47.72192397196923,15.166666666666666
1034,18813.78,24880.14,3033.1800000000003,4938,4986.0,12.1911693422947,1.0097205346294047
1035,51.54,1714.48,831.47,6,152.0,48.496920349027114,25.333333333333332
1036,80508.31999999999,112051.98000000001,15771.830000000009,2698,2802.0,14.075458550576267,1.0385470719051149
1037,713.0,4010.12,1648.56,46,188.0,41.109991720946006,4.086956521739131
1038,44503.92,62953.799999999996,9224.939999999999,2712,2820.0,14.653507810489597,1.0398230088495575
1039,701.0799999999999,9098.88,4198.9,68,712.0,46.14743792642611,10.470588235294118
1042,9761.52,13863.960000000001,2051.2200000000003,1828,2004.0,14.795339859607212,1.0962800875273524
1045,10266.3,18296.34,4015.0200000000004,306,366.0,21.94438887777556,1.196078431372549
1047,424.56,551.88,63.66,12,12.0,11.535116329636876,1.0
1048,6142.22,12208.42,3033.1,1202,1358.0,24.844328750157676,1.1297836938435941
1049,12831.6,17992.26,2580.329999999999,2312,2574.0,14.341333440045881,1.1133217993079585
1050,6830.72,24384.58,8776.93,208,542.0,35.9937714736116,2.605769230769231
1051,1940.1200000000001,16658.219999999998,7359.049999999998,26,178.0,44.176688745856396,6.846153846153846
1059,6086.0,11105.46,2509.7299999999996,1790,1854.0,22.599063883891347,1.035754189944134
1060,252154.0,276361.0,12103.5,11620,9500.0,4.379597700109639,0.8175559380378657
1061,13303.0,17964.3,2330.6499999999996,2510,2570.0,12.973786899573039,1.0239043824701195
1062,6873.280000000001,10666.74,1896.7299999999996,1504,1526.0,17.78172150066468,1.014627659574468
1063,913.32,2447.28,766.98,36,72.0,31.340100029420416,2.0
1064,55464.24,103137.5,23836.63,3016,4450.0,23.111506484062538,1.4754641909814323
1065,25839.62,43828.26,8994.320000000002,2566,3374.0,20.521736432155876,1.3148869836321122
1066,1023.36,2738.74,857.6899999999998,64,126.0,31.31695597245448,1.96875
1067,21593.88,22996.82,701.4699999999993,2394,1918.0,3.050291301145112,0.8011695906432749
1068,98795.84,129303.74,15253.950000000004,8636,8626.0,11.796990558819106,0.9988420565076425
1069,47982.72,0.0,-23991.36,1608,0.0,-inf,0.0
1070,50755.12,52155.0,699.9399999999987,5276,3700.0,1.3420381554980323,0.7012888551933283
1071,33516.0,0.0,-16758.0,2280,0.0,-inf,0.0
1072,1764.4,2399.6,317.5999999999999,40,40.0,13.235539256542753,1.0
1073,8645.279999999999,0.0,-4322.639999999999,336,0.0,-inf,0.0
1074,45588.6,0.0,-22794.3,1140,0.0,-inf,0.0
1076,26417.6,34271.82,3927.1100000000006,34760,34618.0,11.458714477375292,0.9959148446490219
1078,18758.399999999998,16159.56,-1299.4199999999992,1920,1244.0,-8.041184289671248,0.6479166666666667
1079,441.36,551.76,55.19999999999999,24,24.0,10.004349717268376,1.0
1081,53832.24,46316.82,-3757.709999999999,1848,1518.0,-8.113056984482094,0.8214285714285714
1082,17178.0,13363.279999999999,-1907.3600000000006,840,472.0,-14.273142521895826,0.5619047619047619
1084,31567.3,29730.14,-918.5799999999999,1198,986.0,-3.089726452684044,0.8230383973288815
1085,113740.8,153481.22,19870.21,7680,7678.0,12.946346139286616,0.9997395833333333
1086,97550.64,100370.64,1410.0,2616,2136.0,1.4047932742084737,0.8165137614678899
1088,411.36,191.92,-109.72000000000001,24,8.0,-57.169654022509384,0.3333333333333333
1090,3261.6000000000004,5069.36,903.8799999999997,240,264.0,17.83025865197973,1.1
1091,25861.920000000002,8248.5,-8806.710000000001,602,150.0,-106.76741225677398,0.24916943521594684
1093,16748.16,12345.06,-2201.55,858,494.0,-17.833449169141343,0.5757575757575758
1094,161089.28,218605.68000000002,28758.20000000001,5384,5232.0,13.155284894701733,0.9717682020802377
1095,25461.12,9149.46,-8155.83,2384,654.0,-89.1400148205468,0.27432885906040266
1096,19047.6,24115.5,2533.9500000000007,3432,3450.0,10.507557380108231,1.0052447552447552
1106,16799.4,18919.24,1059.92,108,76.0,5.6023392060146175,0.7037037037037037
1107,3577.0,4507.02,465.0100000000002,98,98.0,10.317460317460322,1.0
1111,12644.58,17209.38,2282.4000000000005,2494,2462.0,13.26253473396485,0.9871692060946271
1112,20177.98,83613.86,31717.940000000002,578,1814.0,37.93383058741696,3.13840830449827
1114,62634.159999999996,83318.31999999999,10342.079999999998,4198,4168.0,12.412732277847176,0.9928537398761315
1120,599.52,767.52,84.0,48,48.0,10.944340212632895,1.0
1121,20281.66,21769.440000000002,743.8900000000012,6398,5456.0,3.417129701085564,0.8527664895279775
1124,1047.36,0.0,-523.68,24,0.0,-inf,0.0
1125,124781.4,131632.52,3425.5599999999977,7660,5348.0,2.6023660414614853,0.6981723237597911
1127,23668.62,29255.6,2793.49,2526,2440.0,9.54856506104814,0.9659540775930324
1128,2326.08,3646.8599999999997,660.3899999999999,96,114.0,18.108454944801828,1.1875
1129,1507.5,1139.7,-183.89999999999998,50,30.0,-16.13582521716241,0.6
1130,79160.18000000001,65497.76,-6831.210000000003,2062,1424.0,-10.429684923576016,0.6905916585838991
1132,58798.08,45066.659999999996,-6865.710000000003,3168,1734.0,-15.234565863101466,0.5473484848484849
1133,67097.16,97185.62,15044.229999999996,2916,3038.0,15.479893012978666,1.041838134430727
1135,108059.16,139480.34,15710.589999999997,6918,6766.0,11.263659093460769,0.9780283318878289
1136,40518.9,55334.32,7407.709999999999,10470,10168.0,13.387188999521452,0.9711556829035339
1148,31297.0,42037.86,5370.43,5950,6014.0,12.775222144990256,1.0107563025210085
1156,35059.84,49413.96,7177.060000000001,3778,3804.0,14.5243570845162,1.0068819481206988
1158,12410.16,17670.72,2630.2800000000007,2324,2528.0,14.884962242625091,1.0877796901893289
1164,285.6,359.88,37.139999999999986,12,12.0,10.320106702234074,1.0
1168,18592.56,37808.64,9608.039999999999,1302,1936.0,25.412286715417427,1.4869431643625193
1173,73.0,2943.36,1435.18,2,64.0,48.75992063492063,32.0
1174,231448.08,294877.38,31714.65000000001,14584,14262.0,10.755199330650594,0.977921009325288
1176,22047.2,3999.98,-9023.61,14,2.0,-225.5913779568898,0.14285714285714285
1178,172087.74,240515.16,34213.71000000001,21978,21784.0,14.225178155090102,0.9911729911729912
1180,759889.8,1086850.18,163480.18999999994,58140,56582.0,15.041649070711841,0.973202614379085
1181,1520.76,14110.779999999999,6295.009999999999,138,722.0,44.61135387271292,5.231884057971015
1185,2748.0,3599.7,425.8499999999999,30,30.0,11.830152512709391,1.0
1186,72603.24,93917.78,10657.269999999997,4038,3422.0,11.347446670907251,0.8474492322932144
1188,36635.56,44278.259999999995,3821.3499999999985,2998,2574.0,8.63030751434225,0.8585723815877252
1189,42587.520000000004,26994.600000000002,-7796.460000000001,1082,540.0,-28.881554088595497,0.49907578558225507
1193,8296.26,1599.98,-3348.1400000000003,14,2.0,-209.2613657670721,0.14285714285714285
1195,21787.08,29060.46,3636.6899999999987,29442,29354.0,12.514220353015743,0.9970110726173493
1210,14599.56,18684.66,2042.5500000000002,534,534.0,10.931694769934268,1.0
1212,16191.880000000001,113883.78,48845.95,1126,5222.0,42.89105085904244,4.63765541740675
1214,395.16,4035.96,1820.4,74,404.0,45.1045104510451,5.45945945945946
1215,304.62,7018.919999999999,3357.1499999999996,6,108.0,47.83000803542426,18.0
1217,5538.4,4499.9,-519.25,16,10.0,-11.53914531434032,0.625
1220,816278.1,1178963.84,181342.87000000005,37290,36816.0,15.38154639246612,0.987288817377313
1226,98950.5,123864.56,12457.029999999999,4950,4944.0,10.0569767494431,0.9987878787878788
1228,176213.76,225067.4,24426.819999999992,2526,2260.0,10.853113334050153,0.894695170229612
1231,691092.0,870755.34,89831.66999999998,72900,71466.0,10.316522434418832,0.9803292181069959
1232,1686413.52,2510377.88,411982.17999999993,105864,106412.0,16.411161972156954,1.0051764528073754
1233,7622503.2,10203839.02,1290667.9099999997,290160,284098.0,12.648846257474569,0.9791080783016267
1236,216.95999999999998,4248.26,2015.65,16,174.0,47.44648397226158,10.875
1237,501901.88,607996.84,53047.47999999998,14836,13316.0,8.724959820514853,0.8975465084928552
1238,69448.48,92544.54000000001,11548.030000000006,19508,18546.0,12.478348263441587,0.9506868976830019
1239,277770.54,363997.0,43113.23000000001,6946,7100.0,11.844391574655837,1.0221710336884537
1240,30987.6,39580.76,4296.580000000002,1240,1124.0,10.855223598536263,0.9064516129032258
1243,207.2,467.64,130.22,28,36.0,27.846206483619877,1.2857142857142858
1244,209679.26,248184.34,19252.539999999994,16394,15566.0,7.757354875815289,0.9494937172136148
1245,4479.860000000001,2399.94,-1039.9600000000003,14,6.0,-43.332749985416314,0.42857142857142855
1248,1233.44,5589.139999999999,2177.8499999999995,26,86.0,38.96574428266245,3.3076923076923075
1249,193755.12000000002,198379.37999999998,2312.1299999999756,9554,8062.0,1.1655092379056613,0.8438350429139627
1251,37266.04,7399.98,-14933.03,14,2.0,-201.79824810337328,0.14285714285714285
1252,830.4,6152.58,2661.09,60,342.0,43.251611519070046,5.7
1253,921.06,6109.0599999999995,2594.0,18,94.0,42.461524358903006,5.222222222222222
1258,119414.36000000002,164663.5,22624.569999999992,7012,7050.0,13.739881637399906,1.0054192812321734
1259,17682.0,25918.739999999998,4118.369999999999,840,926.0,15.889545556612703,1.1023809523809525
1260,431.94,539.9399999999999,53.99999999999997,6,6.0,10.001111234581616,1.0
1261,35185.52,46860.66,5837.570000000003,47548,47334.0,12.457293601925373,0.9954992849331202
1262,402.96,3914.22,1755.6299999999999,24,178.0,44.85261431396294,7.416666666666667
1263,12824.279999999999,4799.96,-4012.1599999999994,14,4.0,-83.58736322802689,0.2857142857142857
1267,1182.06,4318.5599999999995,1568.2499999999998,54,144.0,36.31418806268756,2.6666666666666665
1269,705464.76,895216.48,94875.85999999999,36916,33952.0,10.598091313064298,0.9197096110087767
1271,208549.32,266556.92,29003.79999999999,5548,5308.0,10.880903035644316,0.9567411679884643
1273,115532.57999999999,164805.56,24636.490000000005,4982,5444.0,14.948822114982047,1.09273384183059
1274,2092.8,179.96,-956.4200000000001,60,4.0,-531.4625472327184,0.06666666666666667
1276,43429.14,56506.76,6538.810000000001,11222,11324.0,11.571730532771655,1.00908928889681
1277,5266.799999999999,1379.8799999999999,-1943.4599999999996,60,12.0,-140.8426819723454,0.2
1278,442050.5,554830.64,56390.07000000001,16550,15736.0,10.163474389229838,0.9508157099697885
1279,41390.340000000004,24997.5,-8196.420000000002,534,250.0,-32.7889588958896,0.4681647940074906
1281,209454.42,278261.12,34403.34999999999,18718,16888.0,12.363692778926497,0.9022331445667272
1282,127160.0,190011.53999999998,31425.76999999999,6800,6646.0,16.538874428363663,0.9773529411764705
1294,887.26,1109.26,111.0,74,74.0,10.00667111407605,1.0
1295,114074.08,157581.06,21753.489999999998,39472,39494.0,13.804634897112633,1.0005573571139035
1296,23566.399999999998,31146.46,3790.0300000000007,1144,1154.0,12.168413360619477,1.0087412587412588
1297,62967.18,37623.48,-12671.849999999999,39602,37652.0,-33.680696203540975,0.9507600626230999
1300,6201.52,11999.94,2899.21,4,6.0,24.160204134354004,1.5
1304,199.92,359.76,79.92,24,24.0,22.214809873248832,1.0
1309,104522.88,111745.8,3611.459999999999,2352,1820.0,3.231853009240615,0.7738095238095238
1310,479.96,3519.78,1519.91,4,22.0,43.18196023615112,5.5
1323,196946.28,261037.02,32045.369999999995,14492,14298.0,12.27617829838848,0.9866133038918024
1328,999.1999999999999,4860.96,1930.88,80,304.0,39.722194792798135,3.8
1330,183925.62,273662.2,44868.29000000001,4806,5380.0,16.3955014612906,1.1194340407823553
1336,65523.08,111202.64,22839.78,3374,3736.0,20.538882889830674,1.107291049199763
1339,56537.24,79461.26000000001,11462.010000000006,1598,1674.0,14.424651710783348,1.0475594493116396
1340,15230.2,49404.56,17087.18,1084,2744.0,34.586240622323125,2.5313653136531364
1342,19998.0,23397.66,1699.83,264,234.0,7.264957264957264,0.8863636363636364
1343,54102.4,81003.12000000001,13450.360000000004,440,488.0,16.604743125943795,1.1090909090909091
1345,726100.9,989465.9600000001,131682.53000000003,25522,25804.0,13.308444688688434,1.0110492908079305
1346,1151854.0,1368911.1199999999,108528.55999999994,51080,44288.0,7.928093972967358,0.8670321064996085
1347,57231.68,97655.58,20211.95,1832,2442.0,20.697178799204305,1.3329694323144106
1348,252428.80000000002,360821.62,54196.40999999999,21320,20638.0,15.020277886896022,0.9680112570356473
1355,110359.9,157656.98,23648.540000000008,42610,41102.0,14.999995559980919,0.9646092466557146
1358,437498.5,593850.5,78176.0,10210,9550.0,13.164255986986623,0.9353574926542605
1359,249536.7,250723.46,593.3799999999901,11410,8454.0,0.2366671232121598,0.7409290096406661
1361,14700.08,25838.64,5569.28,106,136.0,21.554075601502245,1.2830188679245282
1364,4058.24,12367.62,4154.6900000000005,544,1238.0,33.59328633965145,2.275735294117647
1365,55115.5,92636.06,18760.28,9110,11594.0,20.251595329075954,1.2726673984632273
1366,101381.16,139802.46,19210.649999999994,109012,108374.0,13.741281805770797,0.9941474333100943
1373,243501.44,341525.58,49012.07000000001,23504,22442.0,14.350922118337376,0.9548162014976175
1375,579209.0,805242.58,113016.78999999998,50366,52242.0,14.035123428271762,1.0372473494023746
1376,3546854.28,4870786.78,661966.2500000002,217732,214122.0,13.590540499906675,0.9834199842007606
1377,167720.6,184812.69999999998,8546.049999999988,8740,7530.0,4.624168144288779,0.8615560640732265
1378,315838.8,418186.34,51173.77000000002,44610,44066.0,12.237073549556882,0.9878054247926474
1379,312131.95999999996,417016.42,52442.23000000001,27356,26958.0,12.575579158249935,0.9854510893405468
1380,453205.5,630594.28,88694.39000000001,13310,12972.0,14.06520687120727,0.9746055597295267
1382,307419.84,424370.08,58475.119999999995,10764,10392.0,13.779274919664457,0.9654403567447045
1383,108558.72,148796.68,20118.979999999996,13536,13532.0,13.521121573411449,0.9997044917257684
1384,715554.0,940509.6,112477.79999999999,37800,35240.0,11.959239969480375,0.9322751322751323
1385,1678863.2,2068289.7,194713.25,82096,75230.0,9.414215523096209,0.9163662054180471
1386,61132.100000000006,82099.79999999999,10483.849999999991,4190,3820.0,12.76964133895575,0.9116945107398569
1388,268887.8,346784.77999999997,38948.48999999999,13990,13922.0,11.231314707640859,0.9951393852751965
1389,130817.44,164174.92,16678.740000000005,60008,54908.0,10.159127837552779,0.9150113318224237
1390,24678.72,31099.58,3210.4300000000003,912,842.0,10.323065456189441,0.9232456140350878
1392,3498.0,13731.4,5116.7,330,860.0,37.26277000160217,2.606060606060606
1393,389.36,2994.0,1302.32,124,600.0,43.49766199064796,4.838709677419355
1394,220175.52,284282.38,32053.430000000008,17364,16762.0,11.275208122290241,0.9653305689933195
1395,106616.16,150594.0,21988.92,18132,18000.0,14.601458225427308,0.9927200529450695
1396,383628.24,545522.5,80947.13,36746,36550.0,14.838458542039973,0.99466608610461
1397,182575.68,245572.6,31498.460000000006,16968,16440.0,12.826536836764365,0.9688826025459689
1398,439589.7,605465.22,82937.75999999998,10830,10678.0,13.69818732114786,0.9859649122807017
1399,11235.24,28808.4,8786.580000000002,404,760.0,30.50006248177615,1.881188118811881
1404,257.12,979.9,361.39,4,10.0,36.880293907541585,2.5
1414,142.8,1739.3,798.25,10,70.0,45.8949002472259,7.0
1415,209005.24000000002,277694.38,34344.56999999999,20116,19962.0,12.367758396838997,0.992344402465699
1416,198.3,3694.68,1748.1899999999998,10,132.0,47.316411705479226,13.2
1424,256319.88,356190.82,49935.47,26452,24718.0,14.01930291184933,0.9344473007712082
1425,11608.8,18529.379999999997,3460.289999999999,560,662.0,18.674612966003178,1.1821428571428572
1460,545.6,879.5999999999999,166.99999999999994,44,40.0,18.98590268303774,0.9090909090909091
1464,119202.43999999999,146662.0,13729.780000000006,6202,5600.0,9.361511502638724,0.9029345372460497
1465,261658.88,388939.39999999997,63640.25999999998,23744,23660.0,16.362513029022,0.9964622641509434
1468,292605.08,365036.24,36215.57999999999,9292,8576.0,9.921091670240738,0.9229444683598794
1474,2380.8,3436.7,527.9499999999998,120,130.0,15.362120638985068,1.0833333333333333
1476,371364.9,684491.12,156563.11,23138,30088.0,22.872920542782204,1.3003716829458034
1479,173944.52,263691.4,44873.44000000002,18866,18760.0,17.01740746948896,0.9943814269055443
1483,33899.76,42960.32,4530.279999999999,14184,14368.0,10.545265957050596,1.0129723632261702
1484,100850.28,73766.96,-13541.659999999996,2154,1304.0,-18.35735131283707,0.6053853296193129
1489,85998.08,103062.82,8532.370000000003,1792,1718.0,8.278805101587558,0.9587053571428571
1492,234.36,1589.8,677.72,4,20.0,42.62926154233237,5.0
1494,15743.699999999999,20465.62,2360.96,238,238.0,11.536225142458425,1.0
1498,20157.44,25197.48,2520.0200000000004,254,252.0,10.00107947302667,0.9921259842519685
1505,7354.8,22383.54,7514.370000000001,360,846.0,33.57096330607223,2.35
1515,105050.40000000001,146313.13999999998,20631.369999999988,10360,9486.0,14.100831955352739,0.9156370656370656
1520,67418.48,96151.02,14366.270000000004,22324,24098.0,14.941359956451844,1.079466045511557
1523,88654.5,85394.74,-1629.8799999999974,594,526.0,-1.9086421482166198,0.8855218855218855
1532,58719.439999999995,79901.52,10591.040000000005,3448,3448.0,13.255117049087431,1.0
1535,41466.840000000004,45230.64,1881.8999999999978,13206,11336.0,4.160675152949412,0.8583976980160533
1542,9315.199999999999,22771.199999999997,6727.999999999999,410,880.0,29.546093310848793,2.1463414634146343
1545,574249.4,847617.98,136684.28999999998,29570,29002.0,16.12569497404951,0.9807913425769361
1550,808.98,20827.8,10009.41,278,5220.0,48.05793218678881,18.776978417266186
1556,159886.16,204592.63999999998,22353.23999999999,10774,10736.0,10.925730270649028,0.9964729905327641
1565,115.12,797.5799999999999,341.22999999999996,8,42.0,42.78316908648662,5.25
1575,22749.38,24372.78,811.6999999999989,1754,1722.0,3.330354600501047,0.9817559863169898
1591,7539.2,10236.119999999999,1348.4599999999996,760,788.0,13.173546226499882,1.0368421052631578
1595,224414.76,302148.22000000003,38866.73000000001,20532,20378.0,12.863464825309912,0.9924995129553867
1598,16201.46,17099.82,449.1800000000003,22,18.0,2.6268112763760105,0.8181818181818182
1603,2147.68,2199.5,25.910000000000082,62,50.0,1.1779949988633818,0.8064516129032258
1604,2380.8,3239.88,429.53999999999996,12,12.0,13.257898440682986,1.0
1605,2362.56,2175.3199999999997,-93.62000000000012,96,68.0,-4.303734622952032,0.7083333333333334
1620,35941.74,46568.1,5313.18,1002,990.0,11.409484174789181,0.9880239520958084
1623,192175.88,262487.92,35156.01999999999,19084,18208.0,13.393385874671868,0.9540976734437225
1626,427.8,551.88,62.03999999999999,12,12.0,11.241574255272884,1.0
1634,623185.26,889899.72,133357.22999999998,30062,29228.0,14.985646922104884,0.9722573348413279
1637,238030.14,339660.8,50815.32999999999,29278,29120.0,14.960610703384077,0.9946034565202542
1639,115216.8,150619.96,17701.579999999994,7320,7204.0,11.75247955184691,0.9841530054644809
1648,23616.0,4099.18,-9758.41,600,82.0,-238.05761152230446,0.13666666666666666
1650,599.88,779.88,90.0,12,12.0,11.540236959532235,1.0
1655,70361.98,43777.8,-13292.089999999997,442,220.0,-30.362626719478815,0.497737556561086
1656,63.96,79.96,7.9999999999999964,4,4.0,10.005002501250623,1.0
1657,107242.64,141799.74,17278.549999999996,2084,2026.0,12.185177490452379,0.972168905950096
1663,34965.0,46076.58,5555.790000000001,47250,46542.0,12.057730847211317,0.985015873015873
1667,9230.4,23499.06,7134.330000000001,60,94.0,30.36006546644845,1.5666666666666667
1672,3645.72,8955.519999999999,2654.8999999999996,228,448.0,29.645403058672194,1.9649122807017543
1686,23820.48,10598.939999999999,-6610.77,324,106.0,-62.37199191617277,0.3271604938271605
1692,171037.6,240668.63999999998,34815.51999999999,12764,12636.0,14.466163933946689,0.9899717956753369
1695,588.48,551.76,-18.360000000000014,32,24.0,-3.3275337103088325,0.75
1696,328.32,449.64,60.66,36,36.0,13.490792634107285,1.0
1697,215.52,275.88,30.179999999999993,12,12.0,10.939538929969551,1.0
1698,87360.12,53815.86,-16772.129999999997,914,414.0,-31.16577529375169,0.45295404814004375
1704,92063.79999999999,104839.71999999999,6387.959999999999,4790,4628.0,6.0930723584534565,0.9661795407098122
1714,87454.72,87328.79999999999,-62.9600000000064,3968,3120.0,-0.07209534540724985,0.7862903225806451
1715,95081.6,130802.76,17860.579999999994,6910,6924.0,13.654589551474292,1.002026049204052
1719,5538.42,0.0,-2769.21,6,0.0,-inf,0.0
1720,15112.8,10228.14,-2442.33,360,186.0,-23.878535100223502,0.5166666666666667
1722,7734.1,43199.04,17732.47,22,96.0,41.04829644362468,4.363636363636363
1725,103100.92,141179.3,19039.189999999995,7276,7470.0,13.48582263830462,1.026663001649258
1727,105198.5,118658.04,6729.769999999997,6170,5396.0,5.671566798170606,0.8745542949756888
1728,150265.9,206499.44,28116.770000000004,3634,3456.0,13.615906173885994,0.9510181618051734
1730,140161.91999999998,107970.54,-16095.689999999995,7104,3946.0,-14.907483096778062,0.5554617117117117
1731,9998.4,1869.66,-4064.37,240,34.0,-217.38551394371166,0.14166666666666666
1733,26101.14,31649.519999999997,2774.1899999999987,1842,1848.0,8.76534620430262,1.003257328990228
1734,192857.4,218043.86,12593.229999999996,11052,10014.0,5.775549011102627,0.9060803474484256
1737,1203038.2,1647042.22,222002.01,35074,32178.0,13.478829340513201,0.9174317158008781
1738,170928.63999999998,219233.36,24152.36,11612,11464.0,11.01673577415408,0.9872545642438857
1740,25810.14,37581.64,5885.75,634,636.0,15.661237774615477,1.003154574132492
1742,13431.6,1599.84,-5915.88,180,16.0,-369.7794779477948,0.08888888888888889
1744,62573.5,83137.2,10281.849999999999,3670,3680.0,12.367327742574922,1.002724795640327
1746,83198.38,125407.4,21104.509999999995,4162,4060.0,16.828759706365013,0.9754925516578568
1748,64806.42,98798.18000000001,16995.880000000005,6298,6582.0,17.202624582760535,1.0450936805335027
1757,3269.84,5759.64,1244.9,28,36.0,21.614198109604075,1.2857142857142858
1758,207486.72,287979.08,40246.18000000001,6972,6892.0,13.975383211863864,0.9885255306942053
1760,114792.7,148822.96,17015.129999999997,5830,5704.0,11.433135048516705,0.9783876500857633
1761,55.54,69.98,7.220000000000002,2,2.0,10.31723349528437,1.0
1762,8779.68,11559.259999999998,1389.789999999999,624,674.0,12.023174493868979,1.080128205128205
1766,9082.66,11353.32,1135.33,12442,11468.0,9.999982384007497,0.9217167657932808
1767,669194.76,824937.2799999999,77871.25999999995,34548,32672.0,9.439658248927719,0.9456987379877272
1770,567818.64,779013.4400000001,105597.40000000002,21492,20256.0,13.555273192719245,0.9424902289223898
1771,45000.0,141361.22,48180.61,60000,47278.0,34.08332921857918,0.7879666666666667
1774,111.0,149.88,19.439999999999998,12,12.0,12.970376301040831,1.0
1779,9258.48,12868.019999999999,1804.7699999999995,198,198.0,14.02523465148484,1.0
1781,56084.28,98091.46,21003.590000000004,1492,1854.0,21.412251382536258,1.242627345844504
1788,3269.28,13356.66,5043.69,112,334.0,37.761611061447994,2.982142857142857
1789,706648.7999999999,939445.5,116398.35000000003,41180,40050.0,12.390112039495643,0.9725594949004371
1790,868.0,3270.4199999999996,1201.2099999999998,56,158.0,36.729533209801794,2.8214285714285716
1798,53031.420000000006,74749.31999999999,10858.949999999993,1038,1068.0,14.527155564759644,1.0289017341040463
1801,29071.64,2701.92,-13184.86,3022,208.0,-487.9811393379523,0.06882859033752482
1808,26865.36,14999.7,-5932.83,72,30.0,-39.552991059821196,0.4166666666666667
1812,75788.15999999999,100796.64,12504.240000000005,336,336.0,12.405413513783799,1.0
1817,93184.5,120376.56,13596.029999999999,5550,5544.0,11.29458259980182,0.9989189189189189
1820,22896.0,8398.32,-7248.84,600,168.0,-86.3129768810905,0.28
1828,14112.000000000002,8697.1,-2707.4500000000007,640,290.0,-31.130491773119783,0.453125
1832,64963.5,63463.08,-750.2099999999991,690,492.0,-1.1821203761304984,0.7130434782608696
1835,115914.8,181312.38,32698.79,5884,5562.0,18.03450486944135,0.9452753229095853
1836,55150.74,70217.6,7533.430000000004,2538,2240.0,10.728691951875318,0.8825847123719465
1845,18775.82,47205.7,14214.939999999999,1666,2630.0,30.112761806307287,1.5786314525810323
1848,212391.18,270765.16000000003,29186.99000000002,4518,4484.0,10.779448138748728,0.9924745462594068
1856,2186.4,2951.76,382.68000000000006,24,24.0,12.964468655988293,1.0
1860,22705.8,33714.86,5504.530000000001,492,514.0,16.326717655063675,1.0447154471544715
1862,131733.88,172030.52,20148.319999999992,6854,6548.0,11.712061324932339,0.9553545374963525
1864,10766.0,13996.5,1615.25,350,350.0,11.540385096274068,1.0
1867,115687.2,152914.58000000002,18613.69000000001,53808,51142.0,12.172606431643084,0.9504534641688969
1868,776156.04,1101481.1199999999,162662.53999999992,15642,15288.0,14.767619439541546,0.9773686229382432
1869,794129.76,1098583.62,152226.93000000005,19784,18438.0,13.856653897679635,0.9319652244237768
1870,153642.06,206534.18,26446.059999999998,2574,2582.0,12.804689277096895,1.003108003108003
1874,1184.54,15178.619999999999,6997.039999999999,14,138.0,46.097998368758155,9.857142857142858
1875,167461.06,225852.91999999998,29195.929999999993,8086,8108.0,12.92696592100735,1.0027207519168935
1876,171855.31999999998,177898.44,3021.560000000012,1612,1156.0,1.6984747027573779,0.71712158808933
1878,106.5,4104.3,1998.9,10,270.0,48.702580220744096,27.0
1880,101360.7,163368.75999999998,31004.02999999999,2170,2324.0,18.977942906587522,1.070967741935484
1882,1065.6,499.0,-283.29999999999995,288,100.0,-56.77354709418837,0.3472222222222222
1883,853414.38,1166831.4,156708.50999999995,64506,64860.0,13.430261647055433,1.0054878615942704
1885,958.8,1198.8,120.0,120,120.0,10.01001001001001,1.0
1886,156398.08,215491.92,29546.920000000013,19648,19608.0,13.711381846706832,0.9979641693811075
1887,173.76,239.76,33.0,24,24.0,13.763763763763764,1.0
1888,651.48,1038.7,193.61,122,130.0,18.639645710984887,1.0655737704918034
1889,13024.0,18025.44,2500.7199999999993,2368,2256.0,13.873281317959504,0.9527027027027027
1890,155391.80000000002,228801.86000000002,36705.03,3730,3814.0,16.042277803161216,1.0225201072386059
1891,96467.94,113708.92,8620.489999999998,1206,1108.0,7.581190640101057,0.9187396351575456
1892,366946.56,501674.58,67364.01000000001,509648,506742.0,13.427830048714052,0.994298025303739
1893,52172.14,70748.3,9288.080000000002,1186,1170.0,13.128343719919775,0.9865092748735245
1895,22084.920000000002,30867.84,4391.459999999999,4356,4416.0,14.22665142750513,1.0137741046831956
1896,270088.92,406401.27999999997,68156.18,3924,3872.0,16.770660761698387,0.9867482161060143
1897,56288.64,18492.6,-18898.02,3086,740.0,-102.19233639401708,0.23979261179520414
1905,7662.0,10024.099999999999,1181.0499999999993,600,590.0,11.78210512664478,0.9833333333333333
1906,57612.94,67028.86,4707.959999999999,2926,2914.0,7.023780502905762,0.9958988380041012
1919,18424.32,19973.34,774.5100000000002,768,666.0,3.877718999426236,0.8671875
1920,42123.4,51042.979999999996,4459.789999999997,1868,1702.0,8.737322938433449,0.911134903640257
1921,678483.12,758336.74,39926.81,12872,10926.0,5.265050193928359,0.8488191423244251
1927,187660.80000000002,178592.81999999998,-4533.99000000002,3620,2718.0,-2.5387302804222593,0.7508287292817679
1929,13597.499999999998,17069.58,1736.0400000000018,2450,2442.0,10.170373260502025,0.996734693877551
1932,25334.22,32883.840000000004,3774.8100000000013,35682,33216.0,11.479225054008294,0.9308895241298134
1952,4411.68,2499.9,-955.8900000000001,24,10.0,-38.23712948517941,0.4166666666666667
1955,383029.92,479333.76,48151.92000000001,39816,39424.0,10.04559328347747,0.9901547116736991
1956,720859.74,912923.56,96031.91000000003,18026,15844.0,10.519162195792168,0.8789526239875735
1961,274008.60000000003,374812.4,50401.899999999994,11460,11160.0,13.44723386953046,0.9738219895287958
1962,335977.76,436680.22,50351.22999999998,30488,28578.0,11.530458146237992,0.9373524009446339
1963,19046.4,11599.42,-3723.4900000000007,120,58.0,-32.10065675697579,0.48333333333333334
1964,66395.45999999999,89110.76,11357.650000000001,2878,2924.0,12.745542738048696,1.0159833217512162
1972,185.64,900.62,357.49,34,138.0,39.69376651639981,4.0588235294117645
1980,5399.46,7152.42,876.48,162,158.0,12.254313924517856,0.9753086419753086
1982,99128.12,89068.18,-5029.970000000001,6266,4982.0,-5.6473254533774035,0.7950845834663262
1984,15110.4,6459.620000000001,-4325.389999999999,120,38.0,-66.96044039742274,0.31666666666666665
1987,13441.439999999999,20937.52,3748.040000000001,984,1448.0,17.90106946763514,1.4715447154471544
1988,10323.0,479.84,-4921.58,444,16.0,-1025.6710570190064,0.036036036036036036
1989,104178.88,145755.0,20788.059999999998,4108,3900.0,14.262330623306232,0.9493670886075949
1992,13743.2,2316.8999999999996,-5713.150000000001,838,110.0,-246.5859553714015,0.13126491646778043
1993,116035.92,124845.35999999999,4404.719999999994,6762,6264.0,3.528140733464179,0.9263531499556344
1994,37209.12,3999.96,-16604.58,48,4.0,-415.1186511865119,0.08333333333333333
1995,6175.68,8399.16,1111.7399999999998,84,84.0,13.236323632363234,1.0
1996,326.4,433.86,53.73000000000002,16,14.0,12.384179228322505,0.875
1997,804.1800000000001,5902.62,2549.22,26,138.0,43.1879402705917,5.3076923076923075
1999,9975.68,26756.9,8390.61,286,710.0,31.358677574756417,2.4825174825174825
2000,210.06,319.8,54.870000000000005,18,20.0,17.157598499061915,1.1111111111111112
2002,173.84,359.88,93.02,8,12.0,25.84750472379682,1.5
2004,441.0,359.88,-40.56,20,12.0,-11.270423474491498,0.6
2008,44448.88,57608.24,6579.68,2668,2776.0,11.421421657735074,1.04047976011994
2009,1987.1999999999998,1553.5800000000002,-216.80999999999983,72,42.0,-13.955509210983653,0.5833333333333334
2011,3841.7799999999997,4890.780000000001,524.5000000000005,122,122.0,10.724260751863719,1.0
2013,29774.8,11058.42,-9358.189999999999,536,158.0,-84.62501876398254,0.2947761194029851
2014,15447.6,20055.64,2304.0199999999995,840,836.0,11.488139994535201,0.9952380952380953
2015,1220483.0,1542020.6199999999,160768.80999999994,67430,65938.0,10.425853449352704,0.9778733501408868
2016,10297.560000000001,26457.239999999998,8079.839999999998,138,276.0,30.53923992071735,2.0
2017,243906.96,350848.36,53470.7,5448,5364.0,15.240401864782838,0.9845814977973568
2018,4834.08,5218.26,192.09000000000015,216,174.0,3.681112094836212,0.8055555555555556
2024,763.6800000000001,5331.1,2283.71,172,890.0,42.83750070341956,5.174418604651163
2025,12502.32,15003.199999999999,1250.4399999999996,922,880.0,8.334488642422947,0.9544468546637744
2026,123016.2,140715.9,8849.849999999999,8420,7410.0,6.289161352768237,0.8800475059382423
2027,99.96,823.64,361.84,6,36.0,43.93181487057452,6.0
2029,28002.800000000003,43861.78,7929.489999999998,548,622.0,18.07835888101212,1.135036496350365
2030,97348.08,124147.54,13399.729999999996,4146,4046.0,10.793391475980915,0.9758803666184274
2033,8987.68,1342.32,-3822.6800000000003,1508,168.0,-284.78157220334947,0.11140583554376658
2034,75771.28,91290.26,7759.489999999998,3554,3174.0,8.499800526365023,0.8930782217220034
2035,82624.08,112312.64,14844.279999999999,5786,5736.0,13.216927320023819,0.9913584514344971
2036,291.3,8833.68,4271.1900000000005,10,232.0,48.35119678322059,23.2
2037,34610.76,46490.4,5939.82,47412,46960.0,12.776444169118783,0.9904665485531089
2038,3608.8799999999997,3708.94,50.0300000000002,132,106.0,1.3489029210502246,0.803030303030303
2039,6531.84,8230.32,849.2399999999998,168,168.0,10.318432333129207,1.0
2040,48220.5,39818.84,-4200.830000000002,2074,1516.0,-10.549855294629381,0.7309546769527483
2041,112130.76,134605.22,11237.230000000003,1834,1478.0,8.348286938649187,0.8058887677208287
2042,48037.920000000006,59905.020000000004,5933.549999999999,1682,1498.0,9.904929503403887,0.8906064209274673
2043,33636.06,41182.9,3773.420000000002,1458,1310.0,9.16258932712364,0.8984910836762688
2044,16272.0,2029.42,-7121.29,600,58.0,-350.9027209744656,0.09666666666666666
2045,108674.64,122479.76000000001,6902.560000000005,3576,3224.0,5.635674008505572,0.901565995525727
2046,8295.68,11199.36,1451.8400000000001,64,64.0,12.963597919881137,1.0
2047,55994.88,79717.36,11861.240000000002,2208,2264.0,14.879117923624166,1.0253623188405796
2048,44286.74,44385.2,49.22999999999956,1994,1480.0,0.11091535016176465,0.7422266800401204
2049,8760.960000000001,503.82,-4128.570000000001,432,18.0,-819.453376205788,0.041666666666666664
2050,21133.86,39004.84,8935.489999999998,426,516.0,22.908669795850972,1.2112676056338028
2051,36150.24,27674.66,-4237.789999999999,848,534.0,-15.312889119504987,0.6297169811320755
2054,58749.44,101440.94,21345.75,1696,2306.0,21.04253962946321,1.3596698113207548
2055,11076.0,685.86,-5195.07,312,14.0,-757.4534161490683,0.04487179487179487
2056,10678.08,2175.3199999999997,-4251.38,454,68.0,-195.43699317801523,0.14977973568281938
2057,28089.600000000002,26114.22,-987.6900000000005,36480,26378.0,-3.7821922308994886,0.7230811403508772
2058,1786.32,7566.28,2889.98,54,172.0,38.1955201234953,3.185185185185185
2059,38865.119999999995,41792.340000000004,1463.6100000000042,1614,1366.0,3.5021011027379756,0.8463444857496902
2062,431042.92000000004,628087.66,98522.37,9772,10034.0,15.68608591991761,1.0268112975849366
2071,2557.7999999999997,3730.9199999999996,586.56,196,208.0,15.721591457334922,1.0612244897959184
2074,1373.8,7919.16,3272.68,20,84.0,41.32610024295506,4.2
2075,15539.039999999999,17999.100000000002,1230.0300000000016,108,90.0,6.833841692084612,0.8333333333333334
2077,15197.76,1349.3999999999999,-6924.18,864,60.0,-513.1302801244998,0.06944444444444445
2079,72221.94,59593.48,-6314.23,1806,1252.0,-10.59550474313633,0.6932447397563677
2080,36028.64,37506.64,739.0,664,536.0,1.970317789063483,0.8072289156626506
2082,133029.72,171263.91999999998,19117.09999999999,1796,1608.0,11.16236274400352,0.8953229398663697
2083,88172.0,110772.3,11300.150000000001,2800,2770.0,10.201241646151612,0.9892857142857143
2085,71062.4,95504.12,12220.86,6704,6788.0,12.796159998123644,1.0125298329355608
2086,9646.48,31836.019999999997,11094.769999999999,164,398.0,34.84973938325206,2.426829268292683
2087,5791.400000000001,19624.899999999998,6916.749999999998,230,710.0,35.244765578423326,3.0869565217391304
2088,8507.06,10799.64,1146.29,38,36.0,10.614150101299673,0.9473684210526315
2089,1090.98,7564.5599999999995,3236.79,66,344.0,42.7888733779625,5.212121212121212
2092,15079.68,3501.0600000000004,-5789.3099999999995,528,94.0,-165.35877705609155,0.17803030303030304
2093,3401.2799999999997,359.98,-1520.6499999999999,24,2.0,-422.4262459025501,0.08333333333333333
2094,22298.4,267.96,-11015.220000000001,456,4.0,-4110.77026421854,0.008771929824561403
2096,3593.5200000000004,44995.5,20700.989999999998,46,450.0,46.006800680068,9.782608695652174
2097,24147.34,30636.059999999998,3244.3599999999988,1994,1594.0,10.59000406710262,0.7993981945837513
2098,7591.14,23395.239999999998,7902.049999999999,466,1076.0,33.776315182062675,2.3090128755364807
2100,242366.24,334666.72000000003,46150.24000000002,33476,33128.0,13.78991015300237,0.9896044927709404
2101,865.26,6373.36,2754.0499999999997,198,1064.0,43.21190078702599,5.373737373737374
2102,1483.06,1517.54,17.24000000000001,58,46.0,1.1360491321480823,0.7931034482758621
2103,11421.800000000001,18799.62,3688.909999999999,764,1038.0,19.62225832224268,1.3586387434554974
2104,14400.1,23906.68,4753.29,286,332.0,19.882685508820128,1.1608391608391608
2105,130563.3,170632.76,20034.730000000003,16590,16724.0,11.741432301745574,1.008077154912598
2106,187.04,1039.92,426.44000000000005,2,8.0,41.007000538502965,4.0
2107,26873.84,22191.84,-2341.0,36316,22416.0,-10.548922486823987,0.617248595660315
2108,50.36,287.82,118.72999999999999,4,18.0,41.251476617330276,4.5
2109,150455.76,195956.58,22750.40999999999,2324,2142.0,11.609923994386914,0.9216867469879518
2110,29924.98,15586.62,-7169.179999999999,838,338.0,-45.995732237008404,0.4033412887828162
2112,3389.9,16804.12,6707.11,218,788.0,39.9134855023649,3.614678899082569
2114,1378132.14,1897677.14,259772.5,146454,144086.0,13.688972403387861,0.9838311005503435
2115,107.36,5624.38,2758.51,22,862.0,49.045583691002385,39.18181818181818
2116,92320.73999999999,122828.68000000001,15253.970000000008,3378,2932.0,12.418899234283074,0.8679692125518058
2117,181280.4,259848.16,39283.880000000005,30830,30584.0,15.118013535289226,0.9920207590009731
2118,303.02,8399.58,4048.2799999999997,2,42.0,48.19621933477626,21.0
2119,5179.2,19677.7,7249.25,78,230.0,36.83992539778531,2.948717948717949
2120,2380290.66,3108996.8,364353.06999999983,194946,189920.0,11.719313123770338,0.9742185015337581
2121,145360.8,192986.88,23813.040000000008,18636,18512.0,12.339201504268067,0.9933462116333978
2122,205842.0,276610.82,35384.41,26390,26518.0,12.79212794351284,1.0048503220917013
2123,34196.4,68951.37999999999,17377.489999999994,590,862.0,25.202526765961753,1.4610169491525424
2124,14512.26,4498.5,-5006.88,634,150.0,-111.30110036678893,0.23659305993690852
2125,253570.48,291456.78,18943.15000000001,6898,5722.0,6.49947137959872,0.8295158016816468
2126,12854.400000000001,0.0,-6427.200000000001,240,0.0,-inf,0.0
2127,1249435.06,1798221.1,274393.02,173774,172390.0,15.25913693260523,0.9920356324881743
2129,488.16,1974.9599999999998,743.3999999999999,36,104.0,37.64126868392271,2.888888888888889
2130,76425.3,95848.04,9711.369999999995,3466,3196.0,10.132048605271423,0.9221004039238315
2131,5298.3,106232.22,50466.96,522,8178.0,47.50626504840057,15.666666666666666
2132,176856.24,226528.38,24836.070000000007,17288,17162.0,10.96377857820729,0.9927117075428042
2133,10316.800000000001,12999.48,1341.3399999999992,52,52.0,10.318412736509455,1.0
2136,138868.5,183100.84,22116.17,6450,6316.0,12.078682981465294,0.9792248062015504
2137,59.98,6148.4400000000005,3044.2300000000005,2,156.0,49.51223399756687,78.0
2140,23079.64,5332.9800000000005,-8873.33,554,102.0,-166.38596056988774,0.18411552346570398
2141,5808.0,1463.76,-2172.12,120,24.0,-148.3931792097065,0.2
2142,75255.0,102852.62,13798.809999999998,7250,6738.0,13.416099657937735,0.9293793103448276
2143,758331.42,1036178.74,138923.65999999997,75306,75526.0,13.40730654249864,1.0029214139643587
2144,20064.66,7298.1,-6383.28,602,190.0,-87.46495663254818,0.31561461794019935
2145,59114.159999999996,86206.98,13546.41,4662,4902.0,15.713820389021866,1.0514800514800515
2147,57.56,71.96,7.199999999999996,4,4.0,10.005558643690934,1.0
2148,25723.36,46357.88,10317.259999999998,4316,6012.0,22.255676920514915,1.3929564411492121
2149,87778.92,122723.94,17472.510000000002,16438,16406.0,14.237246620341558,0.9980532911546417
2150,56.68,73.98,8.650000000000002,2,2.0,11.692349283590161,1.0
2151,19603.64,5614.3,-6994.67,742,170.0,-124.58668044101668,0.22911051212938005
2152,175177.16,257247.4,41035.119999999995,24364,24060.0,15.951617003709268,0.987522574289936
2153,4389.04,30349.62,12980.289999999999,664,3038.0,42.76920106413194,4.575301204819277
2155,139971.0,221911.16,40970.08,5820,6084.0,18.462379269253514,1.045360824742268
2156,35265.200000000004,43038.18,3886.489999999998,1310,1182.0,9.030330743539801,0.9022900763358779
2157,36696.600000000006,33150.48,-1773.0600000000013,3330,2552.0,-5.348519840436703,0.7663663663663663
2158,42879.200000000004,68285.84,12703.319999999996,3458,3416.0,18.603154036034404,0.9878542510121457
2159,86094.6,109344.1,11624.75,2820,2590.0,10.631346364367166,0.9184397163120568
2160,43703.8,28185.78,-7759.010000000002,868,422.0,-27.528101049536335,0.4861751152073733
2161,90247.64,122905.54,16328.949999999997,5914,5846.0,13.285772146642044,0.9885018599932364
2162,16961.879999999997,20991.58,2014.8500000000022,786,642.0,9.598372299750672,0.816793893129771
2163,2617.1600000000003,14143.0,5762.92,182,700.0,40.747507600933325,3.8461538461538463
2164,633003.88,863348.1,115172.10999999999,52142,48990.0,13.340170668123319,0.939549691227801
2167,93666.3,62632.100000000006,-15517.099999999999,3666,1790.0,-24.774995569364584,0.48827059465357336
2169,23423.4,8592.82,-7415.290000000001,15210,4318.0,-86.29634974315768,0.2838921761998685
2170,61286.72,72424.48000000001,5568.880000000005,24224,20752.0,7.689223312338596,0.8566710700132101
2171,42107.94,63754.1,10823.079999999998,2906,2790.0,16.97628858379304,0.9600825877494839
2173,34266.64,27484.819999999996,-3390.9100000000017,2228,1518.0,-12.337392058598171,0.6813285457809695
2174,28761.68,7627.820000000001,-10566.93,1052,218.0,-138.531454596464,0.20722433460076045
2175,17388.0,1839.5400000000002,-7774.23,600,46.0,-422.6181545386346,0.07666666666666666
2177,15757.92,20249.46,2245.7699999999995,21886,20454.0,11.09051796936807,0.9345700447774833
2178,15062.039999999999,3125.1600000000003,-5968.44,516,84.0,-190.98030180854738,0.16279069767441862
2180,7327.200000000001,0.0,-3663.6000000000004,240,0.0,-inf,0.0
2182,65352.04,80332.07999999999,7490.019999999993,4612,3992.0,9.323821815643257,0.8655680832610582
2183,93708.54,124828.04,15559.75,6414,6196.0,12.464947779361111,0.9660118490801372
2184,6588.8,16071.3,4741.25,580,1070.0,29.501347121888088,1.8448275862068966
2186,2855.7599999999998,8893.22,3018.7299999999996,146,278.0,33.94417320160751,1.904109589041096
2189,29388.06,40694.259999999995,5653.099999999997,1482,1574.0,13.891639754599291,1.0620782726045883
2191,4057.2000000000003,4997.5,470.14999999999986,276,250.0,9.40770385192596,0.9057971014492754
2192,76709.36,65786.84,-5461.260000000002,2056,1316.0,-8.301447523547266,0.6400778210116731
2193,4857.36,15541.72,5342.18,296,828.0,34.373158183264145,2.7972972972972974
2194,20190.899999999998,13919.8,-3135.5499999999993,1258,620.0,-22.525826520495983,0.492845786963434
2195,347.88,475.71999999999997,63.91999999999999,26,28.0,13.436475237534681,1.0769230769230769
2196,108098.8,99564.96,-4266.919999999998,10198,8304.0,-4.28556391726567,0.8142773092763287
2198,111640.98000000001,109672.72,-984.1300000000047,3894,3128.0,-0.8973334480990393,0.8032871083718541
2199,81785.04,88716.68,3465.8199999999997,3464,2932.0,3.9066159824736455,0.8464203233256351
2200,5799.64,14838.14,4519.25,538,986.0,30.456984500752792,1.8327137546468402
2201,25964.399999999998,13858.199999999999,-6053.099999999999,462,180.0,-43.67883274884184,0.38961038961038963
2202,81898.5,88410.51999999999,3256.0099999999948,3550,2948.0,3.682830957220923,0.8304225352112676
2204,54146.7,5159.88,-24493.41,170,12.0,-474.6895276634341,0.07058823529411765
2207,46057.7,56620.36,5281.330000000002,998,964.0,9.32761642631732,0.9659318637274549
2208,54489.5,257544.86,101527.68,1010,3514.0,39.42135750641655,3.479207920792079
2209,42081.0,44684.64,1301.8199999999997,1950,1936.0,2.913350090769445,0.9928205128205129
2211,221.64,101.96,-59.839999999999996,12,4.0,-58.689682228324834,0.3333333333333333
2212,115051.68000000001,149671.68,17309.999999999993,13194,13032.0,11.5653141596326,0.9877216916780355
2213,109.28,493.73999999999995,192.22999999999996,8,26.0,38.933446753351966,3.25
2214,53432.079999999994,95072.94,20820.430000000004,2476,2706.0,21.899427954999606,1.0928917609046849
2215,9812.88,12694.66,1440.8900000000003,708,734.0,11.350363066045094,1.036723163841808
2216,1848.96,2589.12,370.0799999999999,288,288.0,14.293659621801998,1.0
2219,34668.0,40317.4,2824.7000000000007,23112,20260.0,7.0061561509422745,0.8766008999653859
2220,1330.56,1823.04,246.24,96,96.0,13.507109004739338,1.0
2221,24386.88,0.0,-12193.44,456,0.0,-inf,0.0
2226,163778.4,201626.56,18924.08,5934,5344.0,9.385707914671562,0.9005729693292889
2230,42476.7,42738.86,131.08000000000175,1130,1014.0,0.3066998043466806,0.8973451327433628
2231,21666.06,9854.72,-5905.670000000001,394,128.0,-59.92732416547605,0.3248730964467005
2232,51460.0,59179.740000000005,3859.870000000001,1660,1626.0,6.522282794753746,0.9795180722891567
2235,42797.28,67505.8,12354.260000000002,2188,2220.0,18.301034874040457,1.0146252285191957
2236,19704.0,1259.72,-9222.14,600,28.0,-732.0785571396817,0.04666666666666667
2237,63278.119999999995,106700.90000000001,21711.390000000007,1772,1910.0,20.347897721574988,1.0778781038374718
2238,50467.38,44478.46,-2994.459999999999,2666,1754.0,-6.732382371152237,0.6579144786196549
2239,378.72,6716.799999999999,3169.0399999999995,24,320.0,47.18080038113387,13.333333333333334
2240,300.6,111.96,-94.32000000000002,20,4.0,-84.24437299035372,0.2
2241,63998.880000000005,87794.22,11897.669999999998,3128,3378.0,13.55176912557569,1.079923273657289
2242,898.8,7388.639999999999,3244.9199999999996,56,336.0,43.91768985902683,6.0
2244,371568.2,353155.7,-9206.25,20758,15230.0,-2.6068530112921864,0.7336930340109837
2245,59291.840000000004,83876.72,12292.439999999999,2224,2128.0,14.655365636615258,0.9568345323741008
2246,63294.64000000001,92542.37999999999,14623.869999999992,4534,4762.0,15.80234915073504,1.0502867225408028
2247,134381.94,156842.78,11230.419999999998,826,722.0,7.160304095604528,0.87409200968523
2248,13586.16,18478.32,2446.08,168,168.0,13.237567051550142,1.0
2250,69806.76,97292.66,13742.950000000004,7204,6534.0,14.125371842027965,0.9069961132704053
2251,30565.1,28147.68,-1208.7099999999991,38690,28432.0,-4.294172734662321,0.7348668906694237
2252,18698.4,17213.86,-742.2700000000004,848,614.0,-4.312048546926723,0.7240566037735849
2253,6239.400000000001,1819.8600000000001,-2209.7700000000004,60,14.0,-121.42527447166268,0.23333333333333334
2254,105759.98,137087.38,15663.700000000004,10258,10262.0,11.426070000024804,1.0003899395593683
2255,146479.12,190230.42,21875.65000000001,4762,4758.0,11.499554067115032,0.999160016799664
2256,33041.76,0.0,-16520.88,456,0.0,-inf,0.0
2258,104070.04,132731.0,14330.480000000003,10652,9700.0,10.796633793160606,0.9106271122793842
2259,100395.54000000001,86448.9,-6973.320000000007,4386,3310.0,-8.066406860006325,0.7546739626082991
2262,4748.8,18065.66,6658.43,224,634.0,36.856832244158255,2.830357142857143
2264,571.4,0.0,-285.7,10,0.0,-inf,0.0
2265,11464.98,12871.56,703.29,534,444.0,5.463906472875083,0.8314606741573034
2270,74663.16,107629.98,16483.409999999996,1374,1402.0,15.314887171771282,1.0203784570596797
2271,16469.600000000002,7295.24,-4587.180000000001,692,276.0,-62.87908279919511,0.3988439306358382
2277,144550.64,40545.08,-52002.780000000006,8488,3092.0,-128.2591623940562,0.3642789820923657
2280,177497.2,198746.76,10624.779999999999,6478,5324.0,5.345888405929233,0.8218585983328188
2287,419365.44,553908.2000000001,67271.38000000003,14352,13580.0,12.144860827119011,0.9462095875139354
2289,88978.68000000001,22125.260000000002,-33426.71000000001,372,74.0,-151.07939974490696,0.1989247311827957
2290,115275.59999999999,151133.63999999998,17929.019999999997,6390,6036.0,11.863024009743958,0.9446009389671362
2291,23616.0,1899.6200000000001,-10858.19,600,38.0,-571.5980038112885,0.06333333333333334
2292,1379.54,8448.2,3534.3300000000004,46,180.0,41.835302194550316,3.9130434782608696
2294,5290.88,11128.94,2919.03,64,106.0,26.229182653514172,1.65625
2295,771.36,1799.8000000000002,514.22,12,20.0,28.570952328036448,1.6666666666666667
2296,10557.36,599.88,-4978.740000000001,264,12.0,-829.9559911982398,0.045454545454545456
2299,34556.18,35679.6,561.7099999999991,43742,36040.0,1.5743169766477179,0.8239220886104888
2301,5953.28,7679.68,863.2000000000003,32,32.0,11.240051668819536,1.0
2302,67337.82,76894.36,4778.269999999997,2874,2564.0,6.2140708369248365,0.8921363952679193
2308,152.16,1355.3,601.5699999999999,12,70.0,44.38648269755773,5.833333333333333
2310,31955.819999999996,41615.92,4830.050000000001,1378,1408.0,11.606255490687222,1.0217706821480406
2312,49442.44,58194.18,4375.869999999999,628,582.0,7.519428918836899,0.9267515923566879
2313,9851.880000000001,3108.6,-3371.6400000000003,596,140.0,-108.46168693302454,0.2348993288590604
2320,928.32,2649.5,860.5899999999999,24,50.0,32.48122287224004,2.0833333333333335
2322,15115.2,4479.44,-5317.880000000001,240,56.0,-118.71751826121127,0.23333333333333334
2326,22653.64,26397.8,1872.08,236,220.0,7.091803104804188,0.9322033898305084
2327,192874.5,244346.12,25735.809999999998,10990,10988.0,10.532522472630218,0.999818016378526
2328,4060.1,5399.9,669.8999999999999,10,10.0,12.405785292320227,1.0
2329,58367.1,59511.76,572.3300000000017,1518,1224.0,0.9617090806926256,0.8063241106719368
2331,22341.08,7501.58,-7419.750000000001,838,242.0,-98.9091631362993,0.28878281622911695
2332,51503.17999999999,8098.919999999999,-21702.129999999997,886,108.0,-267.9632592987707,0.12189616252821671
2333,58965.5,73065.46,7049.980000000003,1510,1454.0,9.648854602434588,0.9629139072847682
2339,1297.24,11742.66,5222.71,82,534.0,44.47637928714619,6.512195121951219
2344,33336.36,7099.5,-13118.43,324,50.0,-184.77963236847665,0.15432098765432098
2345,53.42,69.98,8.280000000000001,2,2.0,11.831951986281796,1.0
2346,25015.68,14394.419999999998,-5310.630000000001,1818,758.0,-36.89367129762785,0.41694169416941695
2347,45122.76,26803.9,-9159.43,876,410.0,-34.172004820194076,0.4680365296803653
2349,20246.4,28377.16,4065.379999999999,288,284.0,14.326239835135016,0.9861111111111112
2353,276.12,347.88,35.879999999999995,12,12.0,10.313901345291479,1.0
2354,21702.8,27997.2,3147.2000000000007,280,280.0,11.241124112411244,1.0
2366,154188.8,215746.44,30778.820000000007,6080,5956.0,14.266200638119455,0.9796052631578948
2367,17058.8,11599.98,-2729.41,4,2.0,-23.52943711971917,0.5
2368,142595.28,189986.68000000002,23695.70000000001,1314,1332.0,12.472295426184619,1.0136986301369864
2369,1007.5999999999999,10768.38,4880.389999999999,20,162.0,45.32148754037283,8.1
2373,245704.62,343189.72,48742.54999999999,23878,22528.0,14.202800130493417,0.9434626015579194
2374,377441.68,429985.64,26271.98000000001,12082,10236.0,6.109966835171521,0.8472107267008774
2382,23640.6,46040.86,11200.130000000001,1230,2114.0,24.32650041723808,1.71869918699187
2384,12183.599999999999,20441.04,4128.720000000001,390,696.0,20.19818952460345,1.7846153846153847
2386,380.52000000000004,643.7199999999999,131.59999999999994,28,28.0,20.443671161374503,1.0
2392,2028.8,8678.76,3324.98,40,124.0,38.311694297342015,3.1
2396,40.3,719.76,339.73,2,24.0,47.20045570745805,12.0
2398,467006.4,600111.0599999999,66552.32999999996,28476,26694.0,11.090002240585262,0.9374209860935525
2401,109.76,197.78,44.01,16,22.0,22.25199716857114,1.375
2405,15252.300000000001,18461.16,1604.4299999999994,538,684.0,8.690840662233573,1.271375464684015
2407,1517.04,1061.94,-227.54999999999995,12,6.0,-21.427764280467816,0.5
2410,21754.56,22195.8,220.61999999999898,544,420.0,0.9939718325088485,0.7720588235294118
2412,36235.28,55909.719999999994,9837.219999999998,2356,2628.0,17.594829664680844,1.1154499151103565
2414,69690.0,66986.66,-1351.6699999999983,2300,1734.0,-2.017819667378547,0.7539130434782608
2418,811887.48,1140542.32,164327.42000000004,49116,48568.0,14.407831881240499,0.9888427396367783
2421,530.28,6299.82,2884.77,2,18.0,45.791308323094945,9.0
2423,305.64,467.64,81.0,36,36.0,17.321016166281755,1.0
2426,619275.1,826951.1,103838.0,14890,14890.0,12.556727961302668,1.0
2427,414.18,719.64,152.73,26,36.0,21.223111555777887,1.3846153846153846
2429,23025.6,11895.24,-5565.179999999999,1170,476.0,-46.7849324603791,0.40683760683760684
2432,1473795.74,1934011.88,230108.06999999995,83786,83012.0,11.897965693985292,0.990762179839114
2433,122043.2,165751.30000000002,21854.05000000001,1328,1270.0,13.184843799113496,0.9563253012048193
2435,158680.32,207578.26,24448.97,5332,5174.0,11.77819392069285,0.9703675918979745
2436,320924.33999999997,397894.56,38485.110000000015,26766,26544.0,9.67218802890897,0.9917058955391168
2438,154423.96,215224.13999999998,30400.089999999997,2846,2986.0,14.124851422335801,1.0491918482080111
2439,8437.32,2999.9,-2718.71,36,10.0,-90.62668755625187,0.2777777777777778
2440,8586.84,19665.14,5539.15,652,1286.0,28.167356042214802,1.9723926380368098
2443,1284751.84,1804979.0799999998,260113.61999999988,95308,94892.0,14.410893892465495,0.9956352037604398
2444,35538.8,30919.699999999997,-2309.550000000003,1576,1030.0,-7.4695097300426685,0.6535532994923858
2445,153815.19999999998,197906.94,22045.87000000001,16940,16506.0,11.139513349051837,0.9743801652892562
2446,15102.000000000002,13716.320000000002,-692.8400000000001,600,368.0,-5.05120907065452,0.6133333333333333
2448,50225.159999999996,69428.58,9601.710000000003,4398,4342.0,13.829621749429416,0.9872669395179627
2454,13645.42,17757.04,2055.8100000000004,298,296.0,11.577436329478338,0.9932885906040269
2458,566.4000000000001,5107.639999999999,2270.62,48,236.0,44.45536490433938,4.916666666666667
2460,39362.5,13676.58,-12842.96,1250,342.0,-93.9047627403927,0.2736
2461,30748.9,20295.18,-5226.860000000001,1526,882.0,-25.75419385292469,0.5779816513761468
2464,49972.2,54868.04,2447.920000000002,4502,3496.0,4.4614679146548735,0.7765437583296313
2465,119088.5,161747.04,21329.270000000004,55390,54096.0,13.186807004319833,0.9766383823794909
2466,42060.4,114467.64,36203.619999999995,1420,2436.0,31.627820753533488,1.7154929577464788
2467,2334.8,10620.3,4142.75,130,370.0,39.00784346958184,2.8461538461538463
2468,231423.04,227932.58,-1745.2300000000105,10336,7942.0,-0.7656781667631765,0.7683823529411765
2471,337.32,431.82,47.25,18,18.0,10.94205919132972,1.0
2474,70247.4,50609.020000000004,-9819.189999999995,2414,1298.0,-19.402055206759574,0.5376967688483845
2476,186133.94,315437.72,64651.889999999985,11086,13228.0,20.495928641634865,1.193216669673462
2478,51481.92,44705.3,-3388.3099999999977,1974,1270.0,-7.5792132029088215,0.6433637284701115
2480,8503.2,2519.72,-2991.7400000000007,120,28.0,-118.73303382915566,0.23333333333333334
2482,224223.04,190998.91999999998,-16612.060000000012,2848,2108.0,-8.697462791936212,0.7401685393258427
2484,2290.9,11573.78,4641.4400000000005,62,222.0,40.10306053856217,3.5806451612903225
2487,2187.0,5310.44,1561.7199999999998,100,156.0,29.408485925836654,1.56
2490,24648.18,17598.239999999998,-3524.970000000001,318,176.0,-20.0302416605297,0.5534591194968553
2491,3012.66,8054.0,2520.67,126,200.0,31.297119443754656,1.5873015873015872
2492,66406.04,169938.82,51766.39000000001,1594,3118.0,30.461780304229492,1.9560853199498118
2494,229586.0,361916.98000000004,66165.49000000002,7406,7702.0,18.281952396928162,1.03996759384283
2495,31428.539999999997,12047.7,-9690.419999999998,666,230.0,-80.43377574142781,0.34534534534534533
2496,156687.72,256341.32,49826.8,4326,4868.0,19.437677858567632,1.125288950531669
2498,1987.64,7722.22,2867.29,74,178.0,37.130384785722235,2.4054054054054053
2499,190712.74000000002,244754.75999999998,27021.00999999998,8858,8524.0,11.040034522719797,0.9622939715511402
2502,161.52,6858.04,3348.2599999999998,6,196.0,48.82240406880099,32.666666666666664
2504,39271.68,11519.36,-13876.16,288,64.0,-120.45946997055393,0.2222222222222222
2505,234.92000000000002,485.82,125.44999999999999,14,18.0,25.822321024247664,1.2857142857142858
2508,6922.860000000001,17957.76,5517.449999999999,4354,9024.0,30.72460039559499,2.0725769407441432
2512,105091.84,128133.38,11520.770000000004,4144,3662.0,8.991232417345115,0.8836872586872587
2514,76880.58,94708.82,8914.120000000003,6738,6118.0,9.41213289321945,0.9079845651528643
2517,400697.44,599712.74,99507.65,8632,8526.0,16.59255229428676,0.9877201112140871
2518,209233.66,294631.98,42699.15999999999,5734,5602.0,14.492371126854591,0.9769794209975584
2519,231.66,305.82,37.08,18,18.0,12.124779281930548,1.0
2520,863363.34,1144079.74,140358.2,20454,19426.0,12.2682182974414,0.949740881979075
2521,104799.08,135265.66,15233.29,1514,1434.0,11.261757049054431,0.9471598414795245
2522,182089.44,235683.28,26796.92,4932,4672.0,11.369885890929556,0.9472830494728305
2525,61283.84,39369.26,-10957.289999999997,4736,2874.0,-27.832095396255852,0.6068412162162162
2529,558.0,719.76,80.88,24,24.0,11.237079026342114,1.0
2530,2044.3200000000002,13939.42,5947.55,12,58.0,42.66712675276303,4.833333333333333
2531,464720.14,576913.96,56096.909999999974,10022,8204.0,9.723618059094978,0.818599082019557
2532,96696.22,179373.30000000002,41338.54000000001,998,1270.0,23.04609437413484,1.2725450901803608
2534,113080.58,190658.52,38788.969999999994,3142,3148.0,20.34473465964175,1.0019096117122852
2535,28405.24,39597.8,5596.280000000001,202,220.0,14.132805357873417,1.0891089108910892
2540,204.48,269.88,32.7,12,12.0,12.116496220542466,1.0
2543,21496.82,30426.78,4464.98,1138,1322.0,14.67450712826004,1.1616871704745166
2547,105599.48,108331.02,1365.770000000004,20386,15498.0,1.2607376908294632,0.760227607181399
2549,116249.58,163883.88,23817.15,3942,3812.0,14.532942471218036,0.9670218163368848
2550,46440.939999999995,42063.82,-2188.5599999999977,2686,1818.0,-5.202951134728129,0.676842889054356
2552,50365.6,44850.4,-2757.5999999999985,1570,1160.0,-6.148440147690987,0.7388535031847133
2554,163326.80000000002,205721.6,21197.399999999994,1960,1840.0,10.303925304878046,0.9387755102040817
2555,266.64,9178.98,4456.17,4,102.0,48.54755103508233,25.5
2563,33017.94,28863.88,-2077.0300000000007,954,612.0,-7.195948708212481,0.6415094339622641
2564,62079.35999999999,48987.840000000004,-6545.759999999995,1302,816.0,-13.362009837543345,0.6267281105990783
2568,86038.4,64340.1,-10849.149999999998,1840,990.0,-16.862190142694832,0.5380434782608695
2570,310270.2,344087.62,16908.709999999992,5430,4238.0,4.914071014818839,0.7804788213627992
2571,3294.0,5269.38,987.69,50,62.0,18.74395090124455,1.24
2572,655.56,3209.38,1276.91,18,62.0,39.78681240613452,3.4444444444444446
2573,351.78,319.84,-15.969999999999999,22,16.0,-4.9931215607803905,0.7272727272727273
2577,75.74,999.8000000000001,462.03000000000003,2,20.0,46.2122424484897,10.0
2579,64693.200000000004,66507.23999999999,907.0199999999932,3828,2876.0,1.3637913706838434,0.7513061650992685
2580,309571.84,348309.08,19368.619999999995,10544,9892.0,5.560756555643049,0.9381638846737481
2582,6324.8,18047.96,5861.58,536,1204.0,32.47779804476517,2.246268656716418
2584,1999.1999999999998,7823.88,2912.34,140,412.0,37.22373042531327,2.942857142857143
2585,3060852.2,4297931.06,618539.4299999997,186410,182494.0,14.391562390486545,0.9789925433184915
2586,232443.38,306815.86,37186.23999999999,105178,102614.0,12.120051421070603,0.9756222784232444
2587,243441.38,342861.12,49709.869999999995,19214,18588.0,14.498543900224089,0.9674195898823774
2589,4354570.16,5546735.46,596082.6499999999,141566,139254.0,10.746549106201648,0.9836683949535906
2590,141596.28,154608.42,6506.070000000007,4886,3758.0,4.208095522869975,0.7691363078182563
2591,96255.6,133031.86000000002,18388.130000000005,3274,3214.0,13.822350525656034,0.9816737935247404
2593,54633.54,61388.299999999996,3377.3799999999974,2314,2170.0,5.501667255812586,0.9377700950734659
2595,66961.2,88134.37999999999,10586.589999999997,5444,5162.0,12.01187323267038,0.9481998530492285
2597,11302.68,21788.739999999998,5243.029999999999,786,1326.0,24.063025213940776,1.6870229007633588
2598,76327.68000000001,107043.34,15357.829999999994,6672,6466.0,14.34730082226507,0.9691247002398081
2602,118543.36000000002,153071.88,17264.259999999995,2704,2612.0,11.278531367093677,0.9659763313609467
2604,152921.6,185781.41999999998,16429.90999999999,2080,1858.0,8.843677693926546,0.8932692307692308
2606,216176.64,253279.4,18551.37999999999,2724,2460.0,7.32447249954003,0.9030837004405287
2607,53498.52,86068.86,16285.170000000002,3114,3914.0,18.921094109995185,1.2569043031470777
2609,46470.26,63047.03999999999,8288.389999999996,2566,2496.0,13.146358655378581,0.9727201870615745
2610,38275.68,36478.08,-898.7999999999993,276,192.0,-2.463945470814251,0.6956521739130435
2611,37750.56,38589.700000000004,419.57000000000335,944,830.0,1.0872590354421083,0.8792372881355932
2612,3455.52,4319.52,432.0000000000002,48,48.0,10.001111234581625,1.0
2614,26374.399999999998,32188.22,2906.9100000000017,640,578.0,9.03097468577014,0.903125
2615,30459.64,37971.200000000004,3755.7800000000025,11852,10880.0,9.891128012809713,0.9179885251434357
2616,717.6,1059.52,170.95999999999998,48,48.0,16.13560857746904,1.0
2617,37954.8,59794.02,10919.609999999997,520,598.0,18.26204359566391,1.15
2618,33780.8,42565.7,4392.449999999997,430,430.0,10.319224164056969,1.0
2619,223031.91999999998,296865.57999999996,36916.82999999999,4324,4442.0,12.43553732298638,1.0272895467160037
2621,13593.36,4275.16,-4659.1,264,84.0,-108.98071651119491,0.3181818181818182
2622,60910.9,76870.42,7979.759999999998,3266,2958.0,10.380794068771836,0.9056950398040416
2623,142819.2,224082.53999999998,40631.669999999984,7830,7746.0,18.132456906281046,0.989272030651341
2624,69952.96,85507.12,7777.0799999999945,1496,1288.0,9.09524259500261,0.8609625668449198
2625,70091.84,92037.2,10972.68,1624,1480.0,11.92200544997023,0.9113300492610837
2626,5.68,55.72,25.02,4,28.0,44.90308686288586,7.0
2628,177130.80000000002,225261.06,24065.12999999999,7560,7094.0,10.683217951651294,0.9383597883597884
2630,110308.08,137832.2,13762.060000000005,3688,3580.0,9.98464799952406,0.9707158351409978
2631,127209.28,148591.02,10690.869999999995,2272,2098.0,7.19482913570416,0.9234154929577465
2632,399.96,2023.54,811.79,12,46.0,40.11731915356257,3.8333333333333335
2636,4394.7,37494.439999999995,16549.87,90,556.0,44.13953108780929,6.177777777777778
2637,13222.56,30244.88,8511.16,338,712.0,28.140829125458588,2.106508875739645
2638,19266.76,23398.2,2065.720000000001,202,180.0,8.828542366506829,0.8910891089108911
2639,52370.00000000001,54430.46,1030.229999999996,1000,754.0,1.89274534883592,0.754
2640,157266.09999999998,216863.58000000002,29798.74000000002,5230,5042.0,13.740776574840282,0.9640535372848948
2641,12855.78,16596.68,1870.4499999999998,342,332.0,11.270025089355219,0.9707602339181286
2644,158113.59999999998,204831.58,23358.990000000005,2720,2842.0,11.40399834830157,1.0448529411764707
2645,500274.06,650239.64,74982.79000000001,22854,20836.0,11.531562425200654,0.9117003587993349
2646,753593.2,924239.34,85323.07,17404,16466.0,9.231707232890564,0.9461043438290049
2647,115309.6,115716.58,203.48999999999796,2792,2142.0,0.17585206890836036,0.7671919770773639
2648,86593.32,115190.42,14298.549999999996,7092,7058.0,12.41296802286162,0.9952058657642414
2650,196.8,3648.54,1725.87,10,146.0,47.303030801361636,14.6
2652,87494.40000000001,76179.14,-5657.630000000005,2688,1886.0,-7.426744381729702,0.7016369047619048
2653,16872.0,7828.26,-4521.87,480,174.0,-57.763411026205056,0.3625
2654,18739.98,92246.18,36753.1,834,3182.0,39.84240865041782,3.815347721822542
2655,54549.88,64637.1,5043.610000000001,2492,2290.0,7.802964551318052,0.9189406099518459
2656,380483.84,476458.36,47987.25999999998,19492,18564.0,10.071658727952634,0.9523907243997537
2658,66846.48,97713.2,15433.36,5352,5880.0,15.794549764003227,1.0986547085201794
2660,1832.0,10199.66,4183.83,8,34.0,41.01930848675348,4.25
2661,71601.08,96210.4,12304.659999999996,1492,1360.0,12.789324231060256,0.9115281501340483
2663,2956002.84,4378737.56,711367.3599999999,138002,140244.0,16.245946468643805,1.0162461413602701
2664,1554.0,8467.16,3456.58,148,584.0,40.82336934698293,3.945945945945946
2665,571336.24,800922.24,114793.0,37148,38176.0,14.332602375980969,1.0276730914181114
2667,6389.16,15298.88,4454.86,444,912.0,29.118863603087284,2.054054054054054
2668,123631.68,149552.98,12960.650000000009,11576,11102.0,8.666259943466194,0.9590532135452661
2670,11358.839999999998,17697.64,3169.4000000000005,206,236.0,17.908602502932595,1.145631067961165
2671,234.92000000000002,1885.1799999999998,825.1299999999999,14,82.0,43.76929523971185,5.857142857142857
2672,83372.4,102024.08,9325.840000000004,46318,44552.0,9.140822441133508,0.9618722742778185
2675,158773.76,204003.28,22614.759999999995,4552,4472.0,11.085488429401721,0.9824253075571178
2676,147030.36,191728.4,22349.020000000004,13452,12560.0,11.65660382082154,0.9336901575973833
2678,112668.78,129075.86,8203.54,3522,3014.0,6.355595848828743,0.855763770584895
2679,6454.56,93353.04,43449.24,452,4696.0,46.542929935650726,10.389380530973451
2680,75581.54000000001,59848.64,-7866.450000000004,1726,1136.0,-13.143907697819039,0.6581691772885284
2682,52478.82,73604.68000000001,10562.930000000004,1238,1332.0,14.350894535510516,1.0759289176090467
2684,21118.48,38241.6,8561.56,554,840.0,22.38807999665286,1.516245487364621
2686,85867.20000000001,116967.66,15550.229999999996,3204,3034.0,13.294469599545716,0.9469413233458177
2689,3356.16,28636.92,12640.38,228,1508.0,44.14015194371462,6.614035087719298
2690,121363.2,166293.82,22465.310000000005,16512,16218.0,13.509407625611106,0.9821947674418605
2692,504520.56,668159.26,81819.35,19176,18674.0,12.245486203394083,0.9738214434710054
2694,159985.28,200108.9,20061.809999999998,4288,3910.0,10.025446144574278,0.9118470149253731
2695,22222.199999999997,14723.78,-3749.209999999998,2002,1222.0,-25.463637734331794,0.6103896103896104
2696,173256.81999999998,250399.6,38571.390000000014,6878,6840.0,15.403934351332834,0.994475138121547
2704,15236.52,29622.78,7193.129999999999,19534,29922.0,24.282427240117233,1.5317907238660797
2707,200.7,708.84,254.07000000000002,6,16.0,35.84306754697816,2.6666666666666665
2708,22491.0,13416.9,-4537.05,2100,1110.0,-33.815933635936766,0.5285714285714286
2710,1146.96,1891.1399999999999,372.0899999999999,72,86.0,19.6754338652876,1.1944444444444444
2711,8927.820000000002,19030.48,5051.329999999999,594,952.0,26.543366220925584,1.6026936026936027
2713,158725.46,220015.56,30645.050000000003,14522,14444.0,13.928583051126022,0.9946288390028921
2714,2137.2400000000002,15798.42,6830.59,28,158.0,43.23590586906792,5.642857142857143
2715,70302.42,55717.6,-7292.41,1758,1240.0,-13.088162447772339,0.7053469852104665
2716,12375.68,15817.739999999998,1721.0299999999988,244,226.0,10.880378612873894,0.9262295081967213
2717,28196.999999999996,32938.5,2370.7500000000027,650,550.0,7.197504440092908,0.8461538461538461
2719,403.0,2878.56,1237.78,26,144.0,42.99997220832638,5.538461538461538
2720,23114.56,22983.920000000002,-65.31999999999971,2428,2408.0,-0.2841986919550699,0.9917627677100495
2721,355741.92000000004,384006.56,14132.319999999978,7472,6344.0,3.680228796091394,0.8490364025695931
2722,79225.36,112412.87999999999,16593.759999999995,4504,5112.0,14.761440148139604,1.1349911190053286
2723,434954.52,579163.88,72104.68,20306,18612.0,12.449788823156581,0.9165763813651138
2727,464.88,9596.22,4565.67,24,378.0,47.577796257276304,15.75
2729,72803.58,52905.579999999994,-9949.000000000004,3642,2842.0,-18.80519975397681,0.7803404722679846
2730,2531.1,1983.3799999999999,-273.86,110,62.0,-13.807742338835727,0.5636363636363636
2733,12615.3,28278.42,7831.5599999999995,214,358.0,27.694475151016217,1.6728971962616823
2734,106215.0,99099.43999999999,-3557.780000000006,1940,1456.0,-3.5901111045632614,0.7505154639175258
2737,70813.5,81465.22,5325.860000000001,2550,2278.0,6.537587451430193,0.8933333333333333
2738,10992.24,5999.9,-2496.17,24,10.0,-41.60352672544543,0.4166666666666667
2739,431.52,1799.64,684.0600000000001,12,36.0,38.01093552043742,3.0
2740,43955.52,82958.94,19501.710000000003,672,906.0,23.507665358308582,1.3482142857142858
2742,78162.84,85522.38,3679.770000000004,2058,1762.0,4.30269831124906,0.8561710398445093
2743,1124.82,9438.82,4157.0,18,118.0,44.04152213941997,6.555555555555555
2746,39799.079999999994,66908.95999999999,13554.939999999999,774,904.0,20.25878148457247,1.1679586563307494
2747,2953.68,25918.38,11482.35,24,162.0,44.30195868723277,6.75
2748,476849.38,614080.72,68615.66999999998,1982,1928.0,11.173721591519756,0.9727547931382442
2749,139098.48,184545.37999999998,22723.449999999983,10396,10862.0,12.313204481195891,1.04482493266641
2750,66.66,3697.1400000000003,1815.2400000000002,2,86.0,49.098492348139374,43.0
2751,199395.3,237161.36,18883.03,12470,11864.0,7.962102258141883,0.9514033680834002
2752,672378.36,981584.3400000001,154602.99000000005,25556,26166.0,15.75035212970085,1.0238691501017374
2753,2829105.84,3478088.56,324491.3600000001,63192,56744.0,9.3295887784985,0.897961767312318
2755,230492.16,287634.89999999997,28571.36999999998,11712,11510.0,9.93320699261459,0.9827527322404371
2756,513651.6,632047.36,59197.880000000005,22440,21264.0,9.366051303497258,0.9475935828877006
2757,2996323.92,3681231.34,342453.70999999996,133884,122866.0,9.302694625000123,0.917704878850348
2759,92132.04000000001,118747.12,13307.539999999994,9086,8488.0,11.20662126374096,0.9341844596081884
2760,1077032.76,1402343.0,162655.12,38438,36500.0,11.598811417748726,0.9495811436599199
2762,8390.380000000001,29856.4,10733.01,206,760.0,35.94877480205249,3.6893203883495147
2764,28788.0,2391.22,-13198.39,1200,78.0,-551.9521415846305,0.065
2765,2165.04,6859.18,2347.07,36,82.0,34.217938587411325,2.2777777777777777
2767,827862.2000000001,1097296.78,134717.28999999998,5926,5522.0,12.277197241023524,0.9318258521768478
2769,110208.0,174093.80000000002,31942.90000000001,2870,3020.0,18.348097404962154,1.0522648083623694
2770,39928.0,34541.66,-2693.1699999999983,1288,834.0,-7.796874846200205,0.6475155279503105
2772,139096.09999999998,156390.78,8647.340000000011,3014,2922.0,5.529315730761118,0.9694757796947578
2776,710.6,6550.4400000000005,2919.92,22,156.0,44.57593688362919,7.090909090909091
2777,3018.12,3863.16,422.52,84,84.0,10.937160252228745,1.0
2779,11407.2,16086.939999999999,2339.869999999999,776,906.0,14.545152776102846,1.1675257731958764
2780,215157.6,269209.3,27025.84999999999,7560,6670.0,10.038973393564039,0.8822751322751323
2781,40051.88,35874.020000000004,-2088.9299999999967,908,598.0,-5.822960459965168,0.6585903083700441
2782,18978.3,24295.14,2658.42,486,486.0,10.942188437687538,1.0
2783,184922.91999999998,274768.82,44922.95000000001,18382,18318.0,16.349362347590972,0.9965183331519966
2784,1421.0,1938.4199999999998,258.7099999999999,196,198.0,13.346436788724835,1.010204081632653
2787,67086.23999999999,86700.36,9807.060000000005,2028,1964.0,11.311440921352581,0.9684418145956607
2788,491155.27999999997,693755.04,101299.88000000003,15722,15496.0,14.601678425283948,0.9856252385192723
2790,115650.07999999999,128677.36,6513.640000000007,4732,4064.0,5.06199381149878,0.8588334742180896
2792,36539.88,47864.520000000004,5662.320000000003,46846,48348.0,11.829889864141546,1.0320625026683174
2793,19860.08,29415.0,4777.459999999999,1156,1400.0,16.241577426483083,1.2110726643598615
2794,19257.0,56826.6,18784.8,1834,3540.0,33.056350371129014,1.93020719738277
2795,67838.8,97673.68,14917.439999999995,3620,3832.0,15.27273263380677,1.0585635359116021
2796,17276.4,15717.380000000001,-779.5100000000002,360,262.0,-4.9595416029898125,0.7277777777777777
2797,4053.0,8939.7,2443.3500000000004,5404,9030.0,27.33145407564012,1.6709844559585492
2800,95504.0,148281.88,26388.940000000002,1600,1812.0,17.79646980467202,1.1325
2801,1273.28,8277.880000000001,3502.3000000000006,46,212.0,42.309141954220166,4.608695652173913
2802,9427.14,25639.739999999998,8106.299999999999,498,1026.0,31.616155234023434,2.0602409638554215
2803,29585.16,37113.72,3764.2800000000007,1446,1428.0,10.142556445433119,0.9875518672199171
2804,13498.800000000001,12597.2,-450.8000000000002,420,280.0,-3.578573016225829,0.6666666666666666
2806,478.2,659.88,90.84,12,12.0,13.766139298054192,1.0
2807,49838.4,4139.54,-22849.43,720,46.0,-551.9799301371651,0.06388888888888888
2808,46322.82,52381.579999999994,3029.3799999999974,1962,1842.0,5.783292523822301,0.9388379204892966
2809,441.0,3638.18,1598.59,30,182.0,43.939277330973184,6.066666666666666
2810,100689.48,112539.90000000001,5925.210000000006,2302,2010.0,5.264986018292184,0.8731537793223284
2812,424.2,4988.88,2282.34,14,112.0,45.74854476355414,8.0
2813,1420.02,5877.0599999999995,2228.5199999999995,98,294.0,37.91895947973987,3.0
2814,1798.0,6098.64,2150.32,58,136.0,35.25900856584419,2.3448275862068964
2815,20041.579999999998,32698.16,6328.290000000001,494,584.0,19.35365782050122,1.1821862348178138
2816,55168.34,70196.94,7514.300000000003,1594,1506.0,10.704597664798497,0.944792973651192
2817,39067.2,4059.4199999999996,-17503.89,720,58.0,-431.1918944085608,0.08055555555555556
2818,67913.92,79307.96,5697.020000000004,2656,2404.0,7.183415132604601,0.9051204819277109
2821,54695.04,72902.90000000001,9103.930000000004,1952,1910.0,12.487747400995026,0.9784836065573771
2822,47290.5,71454.56,12082.029999999999,2034,2344.0,16.90868994225141,1.152409046214356
2823,2222.2,2999.98,388.8900000000001,2,2.0,12.96308642057614,1.0
2824,26997.3,19672.62,-3662.34,594,338.0,-18.61643238165532,0.569023569023569
2826,93267.68,118784.90000000001,12758.610000000008,3152,3110.0,10.740935927041237,0.9866751269035533
2827,31745.600000000002,14999.7,-8372.95,80,30.0,-55.82078308232832,0.375
2828,104675.76000000001,113918.96,4621.5999999999985,3096,2504.0,4.056919058952082,0.8087855297157622
2830,94106.16,105354.52,5624.18,9014,7548.0,5.338337643225938,0.8373641002884402
2832,5236.7,6239.4,501.3499999999999,70,60.0,8.035227746257652,0.8571428571428571
2833,1042.56,1158.84,58.139999999999986,144,116.0,5.01708605156881,0.8055555555555556
2834,387302.39999999997,533851.94,73274.76999999999,31488,31506.0,13.72567270243506,1.0005716463414633
2837,953.96,6714.54,2880.29,28,146.0,42.89631158649736,5.214285714285714
2838,129461.22,166173.36000000002,18356.070000000007,3654,3664.0,11.046337391264162,1.0027367268746579
2839,47088.0,59331.920000000006,6121.960000000003,1744,1608.0,10.318155893151616,0.9220183486238532
2840,839.04,2364.18,762.5699999999999,114,182.0,32.25515823668248,1.5964912280701755
2841,140177.04,165899.82,12861.39,5448,5218.0,7.752503890600966,0.9577826725403817
2842,58945.04,25999.420000000002,-16472.809999999998,196,58.0,-63.358374917594304,0.29591836734693877
2843,3551.1000000000004,14398.82,5423.86,114,318.0,37.66878119179211,2.789473684210526
2844,44440.32,35387.7,-4526.310000000001,1704,1230.0,-12.790630642850488,0.721830985915493
2845,23664.980000000003,17671.16,-2996.9100000000017,1622,884.0,-16.959328080329765,0.5450061652281134
2846,7058.64,3999.9,-1529.3700000000001,24,10.0,-38.23520588014701,0.4166666666666667
2847,115782.24,99587.22,-8097.510000000002,4054,3278.0,-8.131073444966134,0.8085841144548594
2849,258.98,5759.68,2750.3500000000004,2,32.0,47.75178482137897,16.0
2850,3428.52,11399.7,3985.59,12,30.0,34.96223584831179,2.5
2851,6156.0,12675.9,3259.95,1368,1410.0,25.71770051830639,1.030701754385965
2852,64017.36,82635.84,9309.239999999998,2124,2016.0,11.26537831526853,0.9491525423728814
2854,271764.6,333128.94,30682.170000000013,7068,5906.0,9.210298570877695,0.8355970571590265
2855,1294.8,9056.98,3881.0899999999997,60,302.0,42.85192194307595,5.033333333333333
2856,65423.4,79396.36,6986.48,1554,1364.0,8.799496601607428,0.8777348777348777
2858,107.04,407.76,150.35999999999999,8,24.0,36.874632136550915,3.0
2859,3027.96,33628.32,15300.18,234,1568.0,45.4979017685094,6.700854700854701
2862,106235.84000000001,135465.12,14614.639999999992,3838,3688.0,10.788489317397714,0.9609171443460135
2863,12568.439999999999,23185.04,5308.300000000001,366,496.0,22.895367012521874,1.355191256830601
2864,382.76,223.94,-79.41,14,6.0,-35.460391176207914,0.42857142857142855
2867,38694.24,23357.079999999998,-7668.58,624,292.0,-32.83192933363246,0.46794871794871795
2868,24801.0,38976.32,7087.66,350,368.0,18.184528452147354,1.0514285714285714
2870,62921.88,54335.06,-4293.41,738,494.0,-7.901730484883977,0.6693766937669376
2871,79608.3,82422.5,1407.0999999999985,2370,2150.0,1.7071794716248578,0.9071729957805907
2872,21292.04,19769.82,-761.1100000000006,892,618.0,-3.849858015905054,0.6928251121076233
2874,5866.44,57988.56,26061.059999999998,114,1144.0,44.941726437076554,10.035087719298245
2876,59829.119999999995,61755.48,963.1800000000039,2448,1852.0,1.559667255440333,0.7565359477124183
2877,3349.0,4091.3799999999997,371.1899999999998,68,62.0,9.072488989045258,0.9117647058823529
2878,39985.6,45339.020000000004,2676.7100000000028,1340,1098.0,5.903766777491006,0.8194029850746268
2879,83998.22,113155.95999999999,14578.870000000003,3782,3604.0,12.88387284240265,0.952934955050238
2880,9300.880000000001,17940.54,4319.83,844,1146.0,24.0785951816389,1.3578199052132702
2882,81827.2,87093.38,2633.090000000004,910,662.0,3.023295226342121,0.7274725274725274
2884,196.96,5199.6,2501.32,2,40.0,48.10600815447342,20.0
2885,3262.7000000000003,1859.7,-701.5000000000001,70,30.0,-37.72113781792763,0.42857142857142855
2886,317536.8,358190.06,20326.630000000005,6454,5794.0,5.67481688352826,0.8977378370003098
2887,2127.96,1859.7,-134.13,46,30.0,-7.212453621551863,0.6521739130434783
2888,21229.92,12398.76,-4415.579999999999,276,124.0,-35.613077436775924,0.4492753623188406
2889,657956.4,864516.64,103280.12,28520,26936.0,11.946573983815972,0.9444600280504909
2890,281605.0,360860.18,39627.59,13252,12982.0,10.981424994024,0.9796257168729249
2893,191209.4,244600.0,26695.300000000003,4820,4600.0,10.91385936222404,0.9543568464730291
2894,278520.56,384590.22,53034.82999999999,21524,21378.0,13.789958049375253,0.9932168741869541
2897,25509.6,19836.72,-2836.4399999999987,540,328.0,-14.298936517730745,0.6074074074074074
2898,22224.98,37014.42,7394.719999999999,3698,4958.0,19.977943731118845,1.3407247160627367
2899,147312.19999999998,178161.9,15424.850000000006,3892,3610.0,8.657771386587147,0.9275436793422405
2901,24674.74,8998.2,-7838.27,622,180.0,-87.10931075103909,0.28938906752411575
2902,25456.0,77730.26000000001,26137.130000000005,688,1574.0,33.6254246415746,2.2877906976744184
2903,1728.72,2575.08,423.17999999999995,84,92.0,16.433664196840486,1.0952380952380953
2906,95762.88,111768.87999999999,8002.999999999993,1312,1112.0,7.160311528575749,0.8475609756097561
2907,35098.7,33940.3,-579.1999999999971,1274,970.0,-1.7065258704254147,0.7613814756671899
2908,165396.48,187004.86,10804.189999999988,3072,2714.0,5.77749155824078,0.8834635416666666
2909,518.4200000000001,6598.84,3040.21,14,116.0,46.07188536166963,8.285714285714286
2910,1852.2,6076.96,2112.38,126,304.0,34.76047234143388,2.4126984126984126
2911,11327.04,14518.68,1595.8199999999997,138,132.0,10.991495094595374,0.9565217391304348
2912,88880.22,113697.07999999999,12408.429999999993,6906,6692.0,10.913587226690426,0.9690124529394729
2913,319.84000000000003,1063.62,371.88999999999993,16,38.0,34.96455501024801,2.375
2914,195.6,1077.78,441.09,6,22.0,40.925791905583694,3.6666666666666665
2915,459.47999999999996,5497.5,2519.01,28,250.0,45.82100954979536,8.928571428571429
2916,10539.2,21450.74,5455.77,224,326.0,25.433947733271673,1.4553571428571428
2917,115619.24,139692.91999999998,12036.83999999999,7402,7108.0,8.616642847754912,0.9602810051337476
2918,388.08,1063.44,337.68000000000006,28,56.0,31.753554502369674,2.0
2920,18829.2,40222.020000000004,10696.410000000002,408,798.0,26.593418232102717,1.9558823529411764
2921,626.64,3558.22,1465.79,42,178.0,41.194473641315035,4.238095238095238
2922,2675.92,20857.019999999997,9090.55,52,298.0,43.58508550118857,5.730769230769231
2923,18807.36,32475.64,6834.139999999999,352,436.0,21.043896286570487,1.2386363636363635
2924,161423.28,215198.53999999998,26887.62999999999,9396,9146.0,12.494336625146245,0.9733929331630481
2925,30250.019999999997,9356.66,-10446.679999999998,1362,334.0,-111.64966986082638,0.24522760646108663
2926,106156.98,131869.38,12856.200000000004,4854,4662.0,9.749192723890872,0.9604449938195303
2928,735.2,4199.58,1732.19,10,42.0,41.246743721991244,4.2
2929,1367.8,4782.16,1707.1799999999998,70,184.0,35.69893102698362,2.6285714285714286
2931,77.12,107.96,15.419999999999995,4,4.0,14.283067802889954,1.0
2932,720679.24,888904.2999999999,84112.52999999997,29284,27570.0,9.462495568983071,0.9414697445704139
2933,15163.2,33187.44,9012.12,390,656.0,27.15521293597819,1.682051282051282
2935,62680.8,100141.22,18730.21,840,878.0,18.703796498584698,1.0452380952380953
2936,1908.72,559.92,-674.4000000000001,36,8.0,-120.44577796828119,0.2222222222222222
2937,10179.84,9098.699999999999,-540.5700000000006,192,130.0,-5.94117841010255,0.6770833333333334
2938,114.2,1055.34,470.56999999999994,10,66.0,44.5894214186897,6.6
2939,276.71999999999997,1918.72,821.0,24,128.0,42.788942628418944,5.333333333333333
2940,28356.48,39091.6,5367.5599999999995,432,440.0,13.730724759283325,1.0185185185185186
2942,28801.44,43084.18,7141.370000000001,1062,1182.0,16.575387996243634,1.112994350282486
2943,2015.1999999999998,5759.5199999999995,1872.1599999999999,22,48.0,32.50548656832514,2.1818181818181817
2944,163849.72,256657.52000000002,46403.90000000001,5098,5248.0,18.080085866956093,1.0294233032561788
2945,120227.88,128295.72,4033.9199999999983,564,428.0,3.1442358326528725,0.7588652482269503
2946,46011.42,54874.22,4431.4000000000015,742,578.0,8.075558978332632,0.7789757412398922
2949,23359.52,32106.739999999998,4373.609999999999,332,326.0,13.622093055850575,0.9819277108433735
2950,4982.22,6340.22,679.0,178,178.0,10.709407559990032,1.0
2951,177687.72,258913.30000000002,40612.79000000001,6174,6270.0,15.6858647276907,1.0155490767735667
2952,171667.5,265924.36,47128.42999999999,11750,11564.0,17.722494471736248,0.9841702127659574
2953,4477.5599999999995,15999.84,5761.14,6,16.0,36.00748507485075,2.6666666666666665
2954,217730.9,277986.98,30128.039999999994,6070,5502.0,10.837932049911112,0.9064250411861614
2955,4488.96,3899.7000000000003,-294.6299999999999,48,30.0,-7.555196553581041,0.625
2956,156730.14,217624.82,30447.339999999997,14634,14518.0,13.990747930314196,0.992073254065874
2957,106666.8,146287.92,19810.560000000005,4120,4008.0,13.542170809455767,0.9728155339805825
2958,374553.08,495130.78,60288.850000000006,9196,8322.0,12.176348640656112,0.9049586776859504
2960,206910.56,312282.26,52685.850000000006,2984,2774.0,16.871227331325194,0.9296246648793566
2961,9175.92,14038.44,2431.26,156,156.0,17.318590954550505,1.0
2962,1022.4,1318.8,148.2,120,120.0,11.237488626023657,1.0
2965,239985.92,279059.76,19536.92,6928,6224.0,7.000980721835351,0.8983833718244804
2967,282095.98,349202.4,33553.21000000002,6926,5960.0,9.608527890988155,0.8605255558764078
2968,278.16,351.78000000000003,36.81,24,22.0,10.463926317584853,0.9166666666666666
2969,15766.38,33599.72,8916.670000000002,18,28.0,26.537929482745692,1.5555555555555556
2972,115.1,159.98,22.439999999999998,2,2.0,14.02675334416802,1.0
2973,360873.0,514673.95999999996,76900.47999999998,18180,18004.0,14.94159137174921,0.9903190319031904
2974,15211.0,20993.0,2891.0,700,700.0,13.771257085695233,1.0
2975,116256.40000000001,148497.64,16120.620000000003,10270,9636.0,10.855808886929113,0.9382667964946446
2976,69.54,427.74,179.1,6,26.0,41.871230186561924,4.333333333333333
2977,412.32,527.76,57.72,24,24.0,10.936789449749886,1.0
2979,119044.8,144638.46,12796.829999999994,3360,3154.0,8.847460073897356,0.9386904761904762
2982,48469.44,74139.86,12835.21,928,1014.0,17.31215839900426,1.0926724137931034
2983,11020.5,16738.14,2858.8199999999997,186,186.0,17.079675519502167,1.0
2984,37154.16,30845.640000000003,-3154.26,1336,836.0,-10.225950896139615,0.625748502994012
2985,6281.599999999999,23374.94,8546.67,416,1106.0,36.56338797019372,2.6586538461538463
2986,172403.28,213420.86,20508.789999999994,3318,3114.0,9.609552693209086,0.9385171790235082
2988,26210.16,37515.579999999994,5652.709999999997,1416,1442.0,15.067633233979052,1.018361581920904
2989,226485.84,261029.96000000002,17272.060000000012,1176,1004.0,6.616887961826302,0.8537414965986394
2990,40390.74,52277.5,5943.380000000001,2526,2450.0,11.368906317249298,0.9699129057798892
2991,36927.88,46690.66,4881.390000000003,1012,934.0,10.454746195491781,0.9229249011857708
2992,165559.84,207958.4,21199.28,4604,4160.0,10.194000338529245,0.9035621198957429
2994,70337.76,91781.64,10721.940000000002,1956,1836.0,11.682009604535288,0.9386503067484663
2995,210.12,2399.0,1094.44,12,100.0,45.62067528136724,8.333333333333334
2997,17577.94,24825.22,3623.6400000000012,278,278.0,14.596607804482703,1.0
3004,468.74,3599.88,1565.5700000000002,2,12.0,43.48950520572908,6.0
3008,384.54,1652.94,634.2,34,106.0,38.36799883843334,3.1176470588235294
3009,26921.88,27458.84,268.47999999999956,612,516.0,0.9777543406786287,0.8431372549019608
3012,82077.84,109430.64,13676.400000000001,110916,110536.0,12.497779415344736,0.996573983915756
3014,730.8,805.38,37.29000000000002,72,62.0,4.630112493481341,0.8611111111111112
3016,142281.68,226819.58,42268.95,9752,10842.0,18.63549434312505,1.111771944216571
3020,149013.5,198901.1,24943.800000000003,18650,18490.0,12.540805455575663,0.9914209115281502
3023,1501.7400000000002,1109.7,-196.0200000000001,54,30.0,-17.664233576642342,0.5555555555555556
3025,244698.6,318919.64,37110.520000000004,26340,26036.0,11.636323181601485,0.9884586180713744
3038,227931.84,323772.26,47920.21000000001,31968,31774.0,14.800591625731002,0.9939314314314315
3039,109662.48,154580.46,22458.989999999998,8196,8554.0,14.52899674383166,1.0436798438262567
3040,1188299.76,1684653.98,248177.11,71844,69802.0,14.731637057005617,0.9715773063860587
3041,178992.66,280619.66,50813.499999999985,30702,30634.0,18.10760514783604,0.9977851605758582
3042,202097.34,281947.56,39925.11,23418,22744.0,14.160473671061386,0.971218720642241
3045,135158.4,193548.56,29195.08,17328,17344.0,15.084111191527336,1.0009233610341643
3046,142881.9,186156.5,21637.300000000003,3990,3834.0,11.623177272885988,0.9609022556390977
3047,30638.94,35393.659999999996,2377.3599999999988,1478,1434.0,6.716909186560528,0.9702300405953992
3050,333767.7,458112.42,62172.359999999986,51270,50958.0,13.571419871131193,0.9939145699239321
3054,222547.6,322053.56,49752.979999999996,27340,27444.0,15.44866636468791,1.0038039502560352
3058,171.82,968.22,398.20000000000005,242,978.0,41.127016587139295,4.041322314049586
3061,1992.32,11344.2,4675.9400000000005,176,780.0,41.2187725886356,4.431818181818182
3062,65635.24,91567.48,12966.119999999995,4202,4252.0,14.160180011506263,1.0118990956687293
3063,26.26,71.96,22.849999999999994,2,4.0,31.753752084491378,2.0
3065,1.42,170.28,84.43,2,172.0,49.58303969931877,86.0
3068,88.92,155.88,33.48,12,12.0,21.478060046189377,1.0
3070,2611.7400000000002,8680.14,3034.2,158,386.0,34.95565739723092,2.4430379746835444
3072,423678.72,567828.7,72074.98999999999,23228,22530.0,12.693086841154736,0.9699500602720854
3075,817.92,239.84,-289.03999999999996,72,16.0,-120.51367578385587,0.2222222222222222
3078,69.96,0.0,-34.98,12,0.0,-inf,0.0
3079,8576.4,18985.44,5204.5199999999995,840,1456.0,27.41321770788562,1.7333333333333334
3084,82541.48000000001,107358.38,12408.449999999997,7324,7162.0,11.557970602760582,0.9778809393773894
3085,173875.36000000002,247126.56,36625.59999999999,36838,34144.0,14.82058423829474,0.9268689939736142
3086,271972.92,382694.64,55360.860000000015,7764,7736.0,14.466066208818606,0.996393611540443
3089,135279.9,200789.82,32754.960000000006,17730,17818.0,16.313058102248412,1.0049633389734913
3092,1926.72,3914.22,993.7499999999999,144,178.0,25.388199947882335,1.2361111111111112
3096,14.4,37.620000000000005,11.610000000000003,20,38.0,30.861244019138763,1.9
3098,136.32,239.84,51.760000000000005,16,16.0,21.581054036024018,1.0
3100,158853.52000000002,228392.24000000002,34769.36,4634,4576.0,15.223529485940501,0.9874838152783773
3102,4176669.68,5184082.7,503706.51,322772,296530.0,9.716405758727575,0.9186980283295949
3104,108843.04000000001,149765.1,20461.03,12482,12490.0,13.662081486274172,1.0006409229290179
3105,501.36,167.94,-166.71,24,6.0,-99.26759556984638,0.25
3107,122662.48,158350.28,17843.9,2584,2372.0,11.26862548016966,0.9179566563467493
3120,4769.84,8329.44,1779.8000000000002,436,456.0,21.367582934747116,1.0458715596330275
3121,360.36,5872.82,2756.23,52,618.0,46.93196794725532,11.884615384615385
3123,161255.6,221222.42,29983.410000000003,14740,14758.0,13.553513246984641,1.0012211668928086
3125,998.26,6578.08,2789.91,142,692.0,42.41222362756306,4.873239436619718
3128,22504.0,25373.64,1434.8199999999997,4850,4236.0,5.654766127366825,0.8734020618556702
3129,299.88,263.78000000000003,-18.049999999999983,34,22.0,-6.842823565092115,0.6470588235294118
3131,222.72,779.4,278.34,24,60.0,35.71208622016936,2.5
3133,170947.92,233403.86000000002,31227.97,19448,20614.0,13.379371703621354,1.0599547511312217
3134,49699.52,61193.88,5747.18,676,612.0,9.391756169080962,0.9053254437869822
3135,455.04,467.64,6.299999999999983,48,36.0,1.3471901462663551,0.75
3137,21273.920000000002,33893.64,6309.859999999999,27992,34236.0,18.616649023238573,1.2230637324949987
3138,1263.44,7985.34,3360.95,136,666.0,42.08900309817741,4.897058823529412
3139,78004.08,108865.59999999999,15430.759999999995,4422,4440.0,14.174137652297874,1.0040705563093624
3140,103843.2,101062.2,-1390.5,9280,7780.0,-1.3758853458563143,0.8383620689655172
3142,34121.4,44181.72,5030.16,46110,44628.0,11.385161102827142,0.9678594664931686
3145,7464.24,3439.1400000000003,-2012.5499999999997,252,86.0,-58.51899021266943,0.3412698412698413
3147,90.88,2484.9,1197.01,128,2510.0,48.171354984103985,19.609375
3148,142228.64,143540.7,656.0299999999988,4036,2930.0,0.45703413735616366,0.7259663032705649
3150,144974.0,200960.74,27993.369999999995,16760,17726.0,13.929770561155378,1.05763723150358
3152,31.64,1340.78,654.5699999999999,4,122.0,48.82008979847551,30.5
3153,35747.46,51703.259999999995,7977.899999999998,2702,2874.0,15.43016823310561,1.0636565507031828
3154,154003.19999999998,181273.56,13635.180000000008,19744,17444.0,7.521880190359812,0.8835089141004863
3158,286712.04000000004,371862.83999999997,42575.399999999965,22452,22116.0,11.449221438743374,0.9850347407803314
3159,67.08,2301.96,1117.44,12,304.0,48.54298076421832,25.333333333333332
3161,112607.28,151324.28,19358.5,16908,14572.0,12.792725661737824,0.8618405488526142
3162,25004.0,38354.58,6675.290000000001,32900,38742.0,17.4041535587145,1.1775683890577509
3163,335.15999999999997,1828.78,746.81,38,122.0,40.83651396012642,3.210526315789474
3168,90752.48,116277.31999999999,12762.419999999998,4784,4668.0,10.975846364536093,0.975752508361204
3170,42.18,208.78,83.3,6,22.0,39.89845770667688,3.6666666666666665
3172,111141.8,141996.78,15427.489999999998,10780,10722.0,10.86467594546862,0.9946196660482375
3174,132987.6,200746.98,33879.69,6120,6302.0,16.876811795624523,1.0297385620915032
3176,71903.38,89929.56,9013.089999999997,3442,3244.0,10.022388633948612,0.9424753050552005
3180,709196.44,1163569.24,227186.40000000002,64826,67876.0,19.52495753497231,1.0470490235399377
3183,94420.40000000001,133952.97999999998,19766.289999999986,6892,6902.0,14.756140550213956,1.0014509576320372
3185,2331.78,26314.4,11991.310000000001,66,560.0,45.56938406347855,8.484848484848484
3186,719.28,935.28,108.0,72,72.0,11.547344110854505,1.0
3187,279.04,479.68,100.32,32,32.0,20.913942628418944,1.0
3189,45979.5,72862.26,13441.379999999997,4530,5974.0,18.44765726454271,1.3187637969094923
3193,289.90000000000003,1803.76,756.93,26,124.0,41.9640085155453,4.769230769230769
3194,128060.14,188591.08,30265.469999999994,6994,7692.0,16.048198037786303,1.0997998284243637
3196,29.62,239.88,105.13,2,12.0,43.82607970651993,6.0
3197,55090.72,91180.81999999999,18045.049999999996,3596,4718.0,19.79040109531807,1.3120133481646274
3198,1698.18,883.32,-407.43,166,68.0,-46.12484716750441,0.40963855421686746
3199,4733.4,24434.8,9850.7,138,520.0,40.3142239756413,3.7681159420289854
3201,185605.91999999998,249645.16,32019.62000000001,8452,8284.0,12.826052786282743,0.9801230477993375
3203,2017.6000000000001,2962.86,472.63,104,114.0,15.95181682563469,1.0961538461538463
3204,48732.42,62639.479999999996,6953.529999999999,3102,2852.0,11.100874400617629,0.9194068343004513
3209,161326.62,228285.8,33479.59,11466,11420.0,14.66564718436276,0.9959881388452817
3210,36886.68,44118.36,3615.84,46692,44564.0,8.19577155633165,0.9544247408549644
3212,12271.5,12398.76,63.63000000000011,162,124.0,0.5131964809384173,0.7654320987654321
3213,230.88,311.76,40.44,24,24.0,12.971516551193224,1.0
3214,347905.96,328168.68,-9868.640000000014,17404,13132.0,-3.0071852073147305,0.7545391863939325
3216,259968.0,354495.9,47263.95000000001,33850,33610.0,13.332721196493388,0.9929098966026588
3218,177060.84,229469.04,26204.100000000006,17308,17096.0,11.419449002793582,0.9877513288652646
3219,213.12,6084.54,2935.71,288,6146.0,48.24867615300417,21.34027777777778
3220,184647.68,216229.81999999998,15791.069999999992,12544,11218.0,7.302910394135274,0.8942920918367347
3221,148719.22,199735.06,25507.92,18754,18694.0,12.770877581532256,0.9968006825210621
3223,4795.86,6300.0599999999995,752.0999999999999,402,394.0,11.937981543032922,0.9800995024875622
3224,15390.0,12988.800000000001,-1200.5999999999995,20250,13120.0,-9.24334811529933,0.6479012345679013
3226,135818.94,173399.38,18790.22,15738,14462.0,10.836382459960353,0.9189223535392045
3227,208777.24,274989.32,33106.04000000001,30434,30268.0,12.039027552051843,0.9945455740290464
3228,31914.5,31565.38,-174.5599999999995,20590,15862.0,-0.5530109252605211,0.7703739679456046
3230,1840.8,9376.12,3767.6600000000003,260,988.0,40.183572735843825,3.8
3231,74691.0,104893.28,15101.14,9650,9472.0,14.3966705970106,0.9815544041450778
3233,39250.96,60333.92,10541.48,2356,2608.0,17.471896405869202,1.1069609507640068
3234,669513.6,935842.7,133164.55,14580,14930.0,14.229373162818924,1.0240054869684498
3235,59396.00000000001,91642.0,16122.999999999996,4790,5200.0,17.593461513279934,1.0855949895615866
3236,4176.4800000000005,18246.78,7035.15,616,1922.0,38.55556980464498,3.1201298701298703
3237,228651.28,302698.48,37023.59999999999,12584,11952.0,12.231181339265394,0.9497774952320407
3238,1020592.32,1264949.06,122178.37000000005,44704,41694.0,9.658758116314981,0.9326682176091625
3239,5850.0,10698.8,2424.3999999999996,750,1120.0,22.660485288069687,1.4933333333333334
3243,951139.0,1297070.66,172965.82999999996,115150,114134.0,13.335112367741011,0.9911767260095528
3244,114972.48000000001,166283.86000000002,25655.690000000002,26614,26654.0,15.428851603517021,1.001502968362516
3246,803066.22,1041527.1,119230.44,119682,118490.0,11.447656042747232,0.9900402733911532
3248,51922.08,50743.08,-589.5,2424,1692.0,-1.1617347626513803,0.698019801980198
3250,29.64,170.82,70.59,4,18.0,41.32420091324202,4.5
3252,54536.0,58236.200000000004,1850.1000000000022,6800,5380.0,3.1768899756508873,0.7911764705882353
3253,679601.6799999999,926440.06,123419.19000000006,74846,74994.0,13.321875351547305,1.0019773935814873
3255,13333.26,0.0,-6666.63,6,0.0,-inf,0.0
3257,116919.0,161503.18,22292.089999999997,25982,25882.0,13.802879918525443,0.9961511815872527
3265,35028.72,47676.02,6323.649999999998,97302,97298.0,13.263795929274295,0.9999588908758299
3268,23500.4,39757.26,8128.43,3080,3974.0,20.4451463707509,1.2902597402597402
3272,284259.77999999997,396017.56,55878.890000000014,21486,21444.0,14.110205113126806,0.9980452387601229
3276,858700.44,1287507.32,214403.44000000006,89262,88868.0,16.652599691627387,0.9955860276489436
3278,162189.48,222441.6,30126.059999999998,28012,27840.0,13.5433569979716,0.9938597743824076
3279,53748.2,64683.5,5467.6500000000015,2420,2050.0,8.452928490264135,0.8471074380165289
3280,19980.0,5088.72,-7445.639999999999,3600,728.0,-146.31655897750318,0.20222222222222222
3282,10446.96,18249.66,3901.3500000000004,13224,18434.0,21.3776585426797,1.3939806412583182
3283,75223.6,38643.38,-18290.110000000004,7240,4262.0,-47.330513014130766,0.5886740331491712
3286,236901.28,328442.26,45770.490000000005,6566,6574.0,13.935627528564687,1.001218397806884
3288,156204.16,173858.62,8827.229999999996,9376,9338.0,5.077246098007677,0.9959470989761092
3289,58869.0,66468.92,3799.959999999999,1266,1108.0,5.716897461249557,0.8751974723538705
3292,26110.08,36377.86,5133.889999999999,192,214.0,14.112677326263832,1.1145833333333333
3294,4283.88,12461.58,4088.85,348,842.0,32.81164988709297,2.4195402298850577
3295,383923.02,525984.32,71030.64999999997,48414,47968.0,13.504328418003025,0.9907877886561738
3296,33195.24,49448.7,8126.73,2076,2130.0,16.434668656607755,1.0260115606936415
3297,533.04,671.76,69.36000000000001,24,24.0,10.325116112897465,1.0
3298,60612.72,53596.18,-3508.2700000000004,2648,1982.0,-6.54574635729636,0.7484894259818731
3300,13257.119999999999,27298.260000000002,7020.5700000000015,18672,27574.0,25.71801279642,1.4767566409597257
3301,145.32,2590.38,1222.53,12,162.0,47.195006138095565,13.5
3305,24133.5,55497.96,15682.23,2790,4804.0,28.257308917300744,1.721863799283154
3306,45057.6,64937.5,9939.95,2160,1650.0,15.306948989412897,0.7638888888888888
3310,254844.8,347506.46,46330.830000000016,58720,57954.0,13.332365101932208,0.9869550408719346
3314,156862.08000000002,222698.74,32918.32999999999,8136,8126.0,14.781551974654183,0.9987708947885939
3315,84996.4,109981.08,12492.340000000004,114860,111092.0,11.358626411015425,0.9671948458993558
3316,227594.4,305052.82,38729.21000000001,25630,24918.0,12.695902958707283,0.9722200546234882
3319,13002.66,7905.219999999999,-2548.7200000000003,594,278.0,-32.24097495072876,0.468013468013468
3320,38020.64,55870.06,8924.71,5726,6014.0,15.974047638395234,1.050296891372686
3321,28482.3,38237.64,4877.67,4110,4116.0,12.756200434964082,1.0014598540145985
3324,58502.08,74275.58,7886.75,1568,1442.0,10.618227417409598,0.9196428571428571
3325,83057.6,123735.24,20338.82,11224,11076.0,16.437370631034458,0.9868139700641483
3326,203003.52,275329.46,36162.970000000016,27582,27754.0,13.134435377892368,1.006235950982525
3329,334197.2,458046.5,61924.649999999994,30830,29750.0,13.519293346854521,0.9649691858579306
3333,19.54,25.98,3.2200000000000006,2,2.0,12.394149345650503,1.0
3335,95531.04000000001,138803.7,21636.33,11736,12630.0,15.58771848300874,1.0761758691206544
3342,67345.84,53347.46,-6999.189999999999,3128,2254.0,-13.120006088387337,0.7205882352941176
3343,141370.24,190355.46,24492.61,14944,14654.0,12.8667756627522,0.9805942184154176
3344,689666.04,1033523.6,171928.77999999997,47596,49240.0,16.635206007874416,1.0345407177073704
3345,62791.96,78238.84,7723.439999999999,40774,39316.0,9.87161875099375,0.9642419188698681
3346,88114.22,67490.64,-10311.79,3446,2336.0,-15.27884459237607,0.677887405687754
3347,246358.56000000003,351565.7,52603.56999999999,8626,8430.0,14.96265705101493,0.9772779967539995
3348,2566941.24,3532782.2399999998,482920.49999999977,114698,113776.0,13.669693380252044,0.9919614988927444
3349,5782.24,17107.2,5662.4800000000005,8144,17280.0,33.09998129442574,2.1218074656188604
3350,12226.2,13138.800000000001,456.3000000000002,994,1120.0,3.4729199013608563,1.1267605633802817
3351,510284.58,628739.5599999999,59227.48999999996,38454,37444.0,9.420035539039402,0.9737348520309981
3352,680010.1,948898.48,134444.19,36190,37952.0,14.168448241164851,1.0486874827300359
3354,123721.92000000001,168187.8,22232.939999999988,11552,11220.0,13.21911577415246,0.9712603878116344
3355,413.38,5272.86,2429.74,22,214.0,46.080115914323535,9.727272727272727
3356,212181.96,293753.12,40785.58,47468,47088.0,13.884305296910549,0.9919946068930648
3361,2755.2,4572.4800000000005,908.6400000000003,280,352.0,19.871929456225075,1.2571428571428571
3362,50215.98,67710.95999999999,8747.489999999994,11234,11304.0,12.918868673550035,1.0062310842086524
3363,90504.6,128476.46,18985.93,9340,9354.0,14.77774994734444,1.0014989293361884
3364,301022.39999999997,419622.94,59300.27000000002,16864,16706.0,14.131798895456004,0.9906309297912713
3365,83701.2,25139.94,-29280.629999999997,4488,1006.0,-116.4705643688887,0.22415329768270945
3366,299854.8,422483.82,61314.51000000001,12264,12018.0,14.51286584182088,0.9799412915851272
3367,84284.38,116127.32,15921.470000000001,11134,10868.0,13.710356873817462,0.9761092150170648
3368,151992.36,224558.56,36283.100000000006,12438,13344.0,16.157522563379462,1.0728412928123492
3369,1510.8799999999999,1043.46,-233.70999999999992,2128,1054.0,-22.397600291338424,0.49530075187969924
3371,56.8,431.64,187.42,80,436.0,43.42044296172736,5.45
3372,46817.4,42859.46,-1978.9700000000012,5964,3954.0,-4.617347022104341,0.6629778672032193
3373,39140.64,88905.18,24882.269999999997,2824,4482.0,27.98742435480137,1.5871104815864023
3375,63000.36000000001,53466.42,-4766.970000000005,5004,4758.0,-8.915820434583061,0.9508393285371702
3376,126232.54,154536.66,14152.060000000005,3946,3934.0,9.157736423189167,0.9969589457678661
3377,78475.0,107611.56,14568.279999999999,4300,4444.0,13.537839243293192,1.0334883720930232
3378,52734.2,37883.4,-7425.399999999998,1180,660.0,-19.60066942249111,0.559322033898305
3379,16093.56,7587.700000000001,-4252.929999999999,644,230.0,-56.05031827826613,0.35714285714285715
3384,385.06,479.76,47.349999999999994,26,24.0,9.869518092379522,0.9230769230769231
3385,144070.75999999998,187258.72,21593.98000000001,11108,11128.0,11.531628540449283,1.0018005041411595
3386,35541.0,44017.38,4238.189999999999,47388,44462.0,9.628446763528403,0.9382544103992572
3387,27376.4,15335.24,-6020.580000000001,890,476.0,-39.25977030682272,0.5348314606741573
3388,116914.78,161808.24,22446.729999999996,16774,17176.0,13.872427016077795,1.0239656611422439
3389,327437.83999999997,423254.87999999995,47908.51999999999,26216,24912.0,11.319070910653172,0.950259383582545
3390,146529.90000000002,201386.62,27428.359999999986,6498,6338.0,13.619752891229808,0.9753770390889505
3394,61263.72,54036.66,-3613.529999999999,2114,1534.0,-6.687182368414329,0.7256385998107853
3395,6962.9,24055.08,8546.09,686,2092.0,35.52717347021918,3.0495626822157433
3396,232531.28,351700.31999999995,59584.519999999975,16936,17168.0,16.941844124566046,1.0136986301369864
3397,438197.76,611090.84,86446.53999999998,24024,24116.0,14.146266699072102,1.0038295038295038
3398,46879.58,34303.62,-6287.98,1042,638.0,-18.330368631648785,0.6122840690978887
3401,133.2,0.0,-66.6,12,0.0,-inf,0.0
3402,4165.24,5949.42,892.0900000000001,404,458.0,14.994570899348176,1.1336633663366336
3404,7464.8,20117.86,6326.530000000001,560,1314.0,31.447330879129293,2.3464285714285715
3405,7608082.44,9638146.98,1015032.27,328076,320494.0,10.531404761789593,0.9768895012131336
3406,21.56,4736.84,2357.64,2,316.0,49.772422121076495,158.0
3408,3655.08,6884.639999999999,1614.7799999999997,234,336.0,23.454821167119846,1.435897435897436
3409,139037.64,180635.16,20798.759999999995,4326,3884.0,11.514236763208222,0.8978270920018493
3410,14870.48,70202.68,27666.1,1208,4132.0,39.40889436129789,3.4205298013245033
3412,75910.4,97744.38,10916.990000000005,8180,8762.0,11.168918356226726,1.0711491442542787
3413,4852.799999999999,549.98,-2151.41,24,2.0,-391.179679261064,0.08333333333333333
3415,374.14,189.89999999999998,-92.12,26,10.0,-48.509741969457615,0.38461538461538464
3416,64744.68,45029.96,-9857.36,6006,3004.0,-21.890670122736065,0.5001665001665002
3417,29150.100000000002,28925.8,-112.15000000000146,1470,1420.0,-0.38771615651080166,0.9659863945578231
3419,46303.36,34505.22,-5899.07,2038,1278.0,-17.096166898805453,0.6270853778213935
3420,118125.28,135028.2,8451.460000000006,14896,12980.0,6.259033298229559,0.871374865735768
3421,23844.719999999998,11502.199999999999,-6171.259999999999,16332,5780.0,-53.65286640816539,0.3539064413421504
3422,309150.66,382670.0,36759.67000000001,19334,19000.0,9.606101863224191,0.9827247336298748
3423,1961927.5,2355668.76,196870.6299999999,92326,89524.0,8.35731378464262,0.9696510192145225
3424,556.32,4349.28,1896.4799999999998,48,272.0,43.60445866902108,5.666666666666667
3425,129096.09999999999,194935.65999999997,32919.77999999999,8302,8834.0,16.887510473968693,1.0640809443507588
3427,409193.39999999997,582129.6799999999,86468.13999999998,22924,23032.0,14.853759045578984,1.0047112196824288
3432,6650.4,7614.02,481.8100000000004,510,598.0,6.327931894058597,1.1725490196078432
3436,486661.0,625598.12,69468.56,25900,24188.0,11.104342832743805,0.9338996138996138
3437,127466.40000000001,165483.09999999998,19008.349999999984,9210,8890.0,11.486580804928108,0.9652551574375678
3439,50307.36,65053.42,7373.029999999999,3732,3658.0,11.333808430056406,0.9801714898177921
3440,1880.76,2854.98,487.11,84,102.0,17.061765756677804,1.2142857142857142
3441,721.6,2399.0,838.7,40,100.0,34.96040016673614,2.5
3443,46903.72,43017.72,-1943.0,6196,4628.0,-4.516743332747528,0.7469335054874112
3444,619653.36,751378.76,65862.70000000001,21272,20724.0,8.765579160102957,0.9742384355020685
3449,932.8199999999999,783.72,-74.54999999999995,42,28.0,-9.512325830653799,0.6666666666666666
3450,34570.159999999996,19481.04,-7544.559999999998,1544,696.0,-38.72770652901487,0.45077720207253885
3451,602.4,1073.12,235.35999999999996,80,88.0,21.93230952735947,1.1
3452,277566.6,363590.34,43011.870000000024,50012,49606.0,11.829761483762198,0.9918819483324002
3454,29975.04,23641.2,-3166.92,41632,23880.0,-13.395766712349626,0.573597232897771
3455,67844.84,44450.659999999996,-11697.09,4718,2534.0,-26.31477237908279,0.5370919881305638
3456,704451.22,966094.32,130821.54999999999,53086,51368.0,13.541281352321791,0.9676374185284256
3457,187410.12,293626.76,53108.32000000001,8374,8324.0,18.087016319629726,0.9940291378074994
3458,55745.48,112084.09999999999,28169.309999999994,3682,5590.0,25.132297979820507,1.5181966322650733
3460,50232.96,61405.04,5586.040000000001,1224,1096.0,9.097038288713762,0.8954248366013072
3461,1039.74,1399.72,179.99,26,28.0,12.859000371502871,1.0769230769230769
3462,127144.96,171094.96,21974.999999999993,9728,9704.0,12.843744783598531,0.9975328947368421
3464,115790.6,192686.5,38447.95,11510,12550.0,19.953629340924245,1.0903562119895742
3467,3633.56,5241.24,803.8399999999999,266,276.0,15.33682868939411,1.037593984962406
3472,58519.2,85057.95999999999,13269.379999999997,5272,4804.0,15.600397658255616,0.9112291350531108
3475,313.32,779.74,233.21,14,26.0,29.908687511221686,1.8571428571428572
3476,104408.0,162891.68,29241.839999999997,6736,7832.0,17.951708767445947,1.16270783847981
3481,12706.199999999999,26666.519999999997,6980.159999999999,780,1348.0,26.175743966591813,1.7282051282051283
3483,11414.779999999999,14880.18,1732.7000000000007,1118,982.0,11.644348388258749,0.8783542039355993
3485,727512.12,971377.1399999999,121932.50999999995,48404,47686.0,12.552540612598722,0.9851665151640361
3486,163658.88,214932.54,25636.83,16632,16546.0,11.927849547583628,0.9948292448292448
3487,183555.98,260279.55999999997,38361.78999999998,14374,14244.0,14.738687125489216,0.9909558925838319
3488,522957.6,775177.1,126109.75,33480,33490.0,16.26850818993492,1.0002986857825567
3489,3807479.1,5280982.38,736751.6399999999,183670,180962.0,13.951033860484117,0.9852561659498013
3495,233318.4,330769.52,48725.56000000001,9920,9248.0,14.730970374779396,0.932258064516129
3497,271381.98,334605.42,31611.72,3714,3458.0,9.447462028558892,0.9310716208939149
3498,82755.84,136265.25999999998,26754.709999999992,5622,6674.0,19.634285363708987,1.1871220206332267
3500,149844.94,240119.94,45137.5,140042,137106.0,18.797897417432306,0.9790348609702804
3502,228489.80000000002,315884.66000000003,43697.43000000001,28070,27734.0,13.833349805590434,0.9880299251870324
3503,128182.40000000001,189452.72,30635.159999999996,15632,15928.0,16.170345825597014,1.018935516888434
3505,1907108.48,2710409.94,401650.73,138598,141206.0,14.818818514220766,1.0188170103464695
3508,2812.3199999999997,3761.72,474.70000000000005,648,628.0,12.619227374711569,0.9691358024691358
3509,321.16,455.23999999999995,67.03999999999996,74,76.0,14.726298216325448,1.027027027027027
3510,13995.7,41006.1,13505.199999999999,1618,4190.0,32.93461216745801,2.5896168108776267
3511,254746.63999999998,345433.58,45343.470000000016,35186,33242.0,13.126537958469472,0.9447507531404535
3512,2386809.6,3248733.2399999998,430961.81999999983,202960,197876.0,13.265534230197362,0.9749507292077256
3513,410807.04,581887.48,85540.22,22848,23052.0,14.700474394121695,1.0089285714285714
3514,234.0,191.68,-21.159999999999997,52,32.0,-11.039232053422369,0.6153846153846154
3515,180451.0,242730.52,31139.759999999995,11642,11948.0,12.828942977586829,1.026284143617935
3517,5177.14,27969.66,11396.26,758,2934.0,40.745078774643666,3.870712401055409
3518,10955.039999999999,27775.2,8410.080000000002,696,1480.0,30.27909790028515,2.1264367816091956
3521,79038.7,71954.54,-3542.0800000000017,4238,3546.0,-4.922663670700976,0.8367154318074563
3522,1383336.76,1828296.98,222480.11,143798,140702.0,12.168707405511329,0.9784697979109584
3524,94109.40000000001,126322.4,16106.499999999993,6402,6260.0,12.750311900343878,0.9778194314276788
3525,44457.6,57754.78,6648.59,9262,9182.0,11.511757122094483,0.9913625566832218
3527,246474.9,353949.6,53737.34999999999,11270,11640.0,15.182203906996927,1.0328305235137534
3528,46172.72,67889.92,10858.599999999999,1478,1608.0,15.994421557721674,1.087956698240866
3529,318923.28,461965.86,71521.28999999998,31452,31814.0,15.481942756549149,1.0115096019331045
3530,568.26,3855.0,1643.37,82,400.0,42.62957198443579,4.878048780487805
3532,140149.80000000002,179137.0,19493.59999999999,6810,6700.0,10.881950685787968,0.9838472834067548
3533,34027.56,57897.119999999995,11934.779999999999,2572,3088.0,20.61377146220745,1.2006220839813375
3534,347810.14,489802.27999999997,70996.06999999998,19142,18772.0,14.494842694484799,0.9806707763034166
3539,157.56,5001.219999999999,2421.8299999999995,12,278.0,48.424784352617955,23.166666666666668
3542,63499.9,46829.079999999994,-8335.410000000003,3610,2692.0,-17.799645006905976,0.7457063711911357
3543,4687.54,3994.52,-346.51,242,148.0,-8.674634248921022,0.6115702479338843
3545,6046412.02,8446215.24,1199901.6100000003,276218,271676.0,14.206382100203266,0.9835564662693959
3546,67104.72,56349.64,-5377.540000000001,3966,3236.0,-9.543166557940745,0.815935451336359
3547,97297.2,119958.84,11330.82,44226,42996.0,9.445589837314198,0.9721883055216388
3549,652996.08,814061.36,80532.64000000001,36644,33064.0,9.892698997530115,0.902303242004148
3556,145233.6,196928.4,25847.399999999994,15320,15160.0,13.125278019828524,0.9895561357702349
3560,2760.8,8248.64,2743.9199999999996,290,636.0,33.26512006827792,2.193103448275862
3561,185.76,311.76,63.0,24,24.0,20.207852193995382,1.0
3562,13280.960000000001,32834.340000000004,9776.690000000002,17248,33166.0,29.775807888935795,1.9228896103896105
3564,7576.8,21859.600000000002,7141.4000000000015,210,440.0,32.66939925707699,2.0952380952380953
3565,10599.84,35195.340000000004,12297.750000000002,408,1066.0,34.94141553967088,2.6127450980392157
3566,29311.64,22033.44,-3639.1000000000004,41284,22256.0,-16.51625892280098,0.5390950489293673
3568,10993.64,30844.44,9925.4,13916,31156.0,32.17889512664195,2.2388617418798504
3571,35235.9,45344.14,5054.119999999999,23970,22786.0,11.14613707526485,0.9506049228201919
3572,952.3199999999999,3776.2200000000003,1411.9500000000003,124,378.0,37.390565168342945,3.0483870967741935
3573,34285.02,37596.02,1655.5,462,398.0,4.403391635603982,0.8614718614718615
3574,24385.9,24136.96,-124.47000000000116,31670,24304.0,-0.5156821737285937,0.7674139564256394
3577,77426.64,70585.22,-3420.709999999999,4058,3478.0,-4.84621284739213,0.8570724494825037
3578,72250.2,87523.48,7636.639999999999,1980,1652.0,8.72524721366198,0.8343434343434344
3579,133501.92,195648.16,31073.119999999995,15034,15784.0,15.882142719870195,1.0498869229745909
3580,119050.71999999999,167172.68,24060.980000000003,14734,13932.0,14.392890034424289,0.9455680738428125
3581,29127.88,18192.24,-5467.82,39362,18376.0,-30.05578202574284,0.4668461968395915
3583,200725.56,311057.33999999997,55165.889999999985,15172,15066.0,17.734958448496986,0.9930134458212496
3584,178956.72,253380.43999999997,37211.859999999986,14328,14356.0,14.686161252226096,1.0019542155220547
3591,173838.08,224289.31999999998,25225.619999999995,12896,12668.0,11.246910909534167,0.9823200992555832
3592,32886.840000000004,52490.7,9801.929999999997,4606,5330.0,18.67365076099194,1.157186278766826
3593,161592.48,202532.96,20470.23999999999,7544,7504.0,10.107115404821018,0.9946977730646872
3594,32477.06,22657.14,-4909.960000000001,42178,22886.0,-21.670696301474948,0.542605149604059
3595,102843.12000000001,148802.94,22979.909999999996,8556,9306.0,15.443182775824186,1.0876577840112203
3597,4062.2400000000002,13593.3,4765.53,624,1670.0,35.05793295226325,2.676282051282051
3598,180308.6,213222.32,16456.86,17660,15768.0,7.718169467436617,0.8928652321630804
3599,2304.2,4098.36,897.0799999999999,164,164.0,21.88875550220088,1.0
3601,32410.98,46471.08,7030.050000000001,1218,1292.0,15.127795609656589,1.0607553366174056
3606,334605.8,446967.18,56180.69,452170,451482.0,12.569309898771538,0.9984784483711878
3607,106194.24,145421.1,19613.43,147492,146890.0,13.48733436894646,0.9959184226941122
3608,159144.48,218457.36000000002,29656.440000000002,221034,220664.0,13.575390639161803,0.9983260493860673
3609,174725.84,230163.12,27718.64,236116,232488.0,12.043041474237922,0.9846346710938692
3610,115177.44,162005.88,23414.22,13944,13812.0,14.452697642826298,0.9905335628227194
3611,330.0,899.4,284.7,60,60.0,31.65443629086057,1.0
3612,412740.48,568295.0,77777.26000000001,60608,61300.0,13.686071494558286,1.0114176346356916
3613,270.64,5759.36,2744.3599999999997,4,64.0,47.65043338148683,16.0
3614,437934.12,575328.24,68697.06,27388,27576.0,11.940498523069195,1.0068643201402074
3615,2027.68,4952.46,1462.3899999999999,184,354.0,29.528557524947196,1.923913043478261
3617,85807.68000000001,130708.56,22450.439999999995,5424,5944.0,17.175952363028095,1.0958702064896755
3618,364.5,3276.7200000000003,1456.1100000000001,50,328.0,44.438035596572185,6.56
3620,54383.0,64063.98,4840.490000000002,1700,1602.0,7.5557122738862015,0.9423529411764706
3622,635.8000000000001,1442.22,403.21,44,78.0,27.957593154997156,1.7727272727272727
3625,1157499.4200000002,1570593.88,206547.22999999986,91938,88812.0,13.150899964031431,0.9659988252953077
3626,81977.1,105985.92,12004.409999999996,7890,7808.0,11.326419584790127,0.9896070975918885
3627,273791.39999999997,374796.4,50502.50000000003,29220,28760.0,13.474649169522445,0.9842573579739904
3628,246.26000000000002,1451.34,602.54,14,66.0,41.516116140945606,4.714285714285714
3629,28716.96,42595.799999999996,6939.419999999998,1392,1620.0,16.29132449678137,1.1637931034482758
3630,1089817.14,1401921.56,156052.21000000008,54958,55244.0,11.131308230968362,1.0052039739437388
3632,23910.64,25754.96,922.1599999999999,1108,904.0,3.5805141999832264,0.8158844765342961
3634,863.64,599.8,-131.92000000000002,36,20.0,-21.993997999333114,0.5555555555555556
3635,25764.58,26681.46,458.4399999999987,2738,2054.0,1.7181968303083817,0.75018261504748
3636,253843.97999999998,345583.56,45869.79000000001,50466,50044.0,13.273140076455029,0.9916379344509174
3637,294371.86,397744.52,51686.330000000016,75674,75188.0,12.994856597898574,0.9935777149351164
3638,35647.5,29391.12,-3128.1900000000005,47530,29688.0,-10.643316756898004,0.6246160319798022
3639,35999.880000000005,56134.66,10067.39,5042,5734.0,17.934356420792426,1.1372471241570805
3640,50513.159999999996,71985.37999999999,10736.109999999997,3054,3262.0,14.914292318801397,1.0681074001309758
3643,168401.82,223016.38,27307.28,21842,22062.0,12.244517644847432,1.010072337698013
3644,190.8,251.88,30.539999999999992,12,12.0,12.1248213434969,1.0
3646,553.6800000000001,1151.52,298.91999999999996,36,48.0,25.958732805335554,1.3333333333333333
3648,3448.5,12444.64,4498.07,570,1536.0,36.14463736998418,2.694736842105263
3650,2904346.62,4019017.22,557335.3,85902,83278.0,13.867452401709293,0.9694535633629019
3651,32077.640000000003,43028.16,5475.26,10948,10784.0,12.724829507001925,0.9850200949945196
3652,140881.12,181393.54,20256.210000000006,3728,3646.0,11.16699635499699,0.9780042918454935
3654,228777.12,295998.94,33610.91,5808,5506.0,11.355077825616538,0.9480027548209367
3656,308085.88,400378.12,46146.119999999995,15412,15788.0,11.525634817407104,1.0243965740981054
3658,364111.0,474963.08,55426.04000000001,8690,8092.0,11.669547030897645,0.9311852704257767
3660,187218.7,201514.5,7147.899999999994,8894,7750.0,3.5470896635229696,0.8713739599730155
3662,24815.0,49981.1,12583.05,2836,4290.0,25.17561638299277,1.5126939351198871
3663,104264.40000000001,132877.02,14306.30999999999,9690,9498.0,10.766579503363328,0.9801857585139319
3666,19541.6,17992.8,-774.3999999999996,1040,720.0,-4.303943799742117,0.6923076923076923
3667,196083.42,273982.54,38949.55999999998,14934,15146.0,14.216073768788325,1.014195794830588
3668,867535.12,1072829.6400000001,102647.26000000007,25426,24436.0,9.567899335816268,0.9610634783292693
3670,20097.44,37175.62,8539.090000000002,1672,2438.0,22.969596741089997,1.458133971291866
3671,29386.280000000002,17929.9,-5728.1900000000005,19082,9010.0,-31.947696306170144,0.4721727282255529
3672,5715.92,16363.380000000001,5323.7300000000005,692,1462.0,32.53441526139465,2.11271676300578
3676,29388.0,16375.320000000002,-6506.339999999999,948,468.0,-39.73259759198598,0.4936708860759494
3677,4363.72,14530.94,5083.610000000001,508,1306.0,34.98472913658717,2.5708661417322833
3679,249604.74,365047.12,57721.19,17226,16888.0,15.811983395458649,0.9803784976198769
3680,444022.08,595697.02,75837.47,23456,23498.0,12.730879533357411,1.0017905866302865
3681,69302.28,47264.24,-11019.02,3004,1576.0,-23.313651081663433,0.5246338215712384
3682,628015.36,827888.62,99936.63,37696,35738.0,12.071265093606433,0.9480581494057725
3683,147609.36,197917.36,25154.0,11208,10864.0,12.70934495084211,0.9693076374018558
3684,804111.36,1055121.92,125505.27999999997,104702,103908.0,11.894860453662073,0.9924165727493267
3687,194035.2,264907.5,35436.149999999994,50530,50250.0,13.376801336315506,0.9944587373837325
3688,299.03999999999996,1237.76,469.36,84,224.0,37.92011375387798,2.6666666666666665
3689,192597.14,271635.88,39519.369999999995,15082,15012.0,14.54865609064605,0.9953587057419441
3690,201644.34,260078.41999999998,29217.039999999994,9006,8958.0,11.2339347493729,0.9946702198534311
3693,128393.28,163678.96,17642.839999999997,14724,14504.0,10.778929680393862,0.9850584080412931
3694,392995.92,530625.22,68814.65,29154,29078.0,12.968597685575517,0.9973931535981341
3695,66462.72,100692.74,17115.010000000002,8654,8526.0,16.99726315919102,0.9852091518373006
3696,493772.0,682571.86,94399.93,64970,64314.0,13.830035419274388,0.9899030321686932
3697,94.8,282.58,93.88999999999999,60,142.0,33.22598910043173,2.3666666666666667
3699,262694.0,342724.64,40015.32000000001,8474,8536.0,11.675647248473295,1.0073164975218314
3701,3534.46,7145.82,1805.6799999999998,4474,7218.0,25.269038402870486,1.613321412606169
3702,6580.28,14604.48,4012.1,9268,14752.0,27.471707311729006,1.5917134225291325
3703,97254.4,116325.8,9535.700000000004,20960,19420.0,8.197407625823336,0.9265267175572519
3704,297740.96,425651.98,63955.50999999998,16208,16802.0,15.025305415001236,1.0366485686080948
3705,125.28,291.06,82.89,174,294.0,28.47866419294991,1.6896551724137931
3706,373906.56,467790.07999999996,46941.75999999998,28608,27792.0,10.034791674077395,0.9714765100671141
3707,520.96,2360.16,919.5999999999999,704,2384.0,38.9634601043997,3.3863636363636362
3709,102212.32,86150.42,-8030.950000000004,9716,6158.0,-9.322009109183686,0.6337999176615892
3711,3158.08,3207.86,24.8900000000001,278,214.0,0.775906679219171,0.7697841726618705
3716,20349.0,24464.84,2057.92,950,716.0,8.411745182065363,0.7536842105263157
3719,264.96000000000004,832.1600000000001,283.6,36,84.0,34.07998461834262,2.3333333333333335
3722,7125.799999999999,9039.76,956.9800000000005,790,724.0,10.586343000256647,0.9164556962025316
3724,363120.38,520459.61999999994,78669.61999999997,29498,29438.0,15.115412796097413,0.9979659637941556
3725,117361.2,174060.2,28349.500000000007,12552,12780.0,16.28718110171079,1.0181644359464628
3726,407937.6,552498.66,72280.53000000003,107920,107334.0,13.082480598233492,0.9945700518902891
3727,75581.52,102377.54,13398.009999999995,51416,51446.0,13.086864560332273,1.0005834759607903
3728,982807.74,1317379.56,167285.91000000003,51918,52444.0,12.698383600243504,1.0101313609923341
3729,103.08,967.12,432.02,12,88.0,44.67077508478782,7.333333333333333
3730,6399.179999999999,11485.98,2543.4,8766,11602.0,22.14351757533968,1.32352270134611
3731,119831.28,154880.06,17524.39,8956,8794.0,11.314813540232358,0.9819115676641358
3732,59315.96,79310.4,9997.219999999998,4972,4960.0,12.605181665960577,0.997586484312148
3733,351792.39999999997,460119.06,54163.330000000016,4190,4094.0,11.771590161902882,0.9770883054892602
3736,129789.6,184571.08000000002,27390.740000000005,15828,15692.0,14.84021223693333,0.9914076320444781
3737,64132.8,82348.5,9107.849999999999,5172,5150.0,11.060128599792344,0.9957463263727765
3738,2173.86,18003.5,7914.82,234,1450.0,43.962673924514675,6.196581196581197
3739,3729.92,4131.12,200.5999999999999,376,288.0,4.855826022967135,0.7659574468085106
3740,1662.16,8593.12,3465.4800000000005,316,688.0,40.32854190329008,2.1772151898734178
3742,347.2,1959.3,806.05,16,70.0,41.13969274740979,4.375
3743,68571.0,116348.06,23888.53,8550,9794.0,20.531953863261666,1.1454970760233918
3745,150657.18,245478.06,47410.44,49074,49194.0,19.313514209783147,1.0024452867098668
3746,993585.36,1448721.1,227567.87000000005,116618,115690.0,15.708190486077688,0.9920423948275566
3747,75545.12,113895.06,19174.97,14584,16294.0,16.83564677871016,1.1172517827756445
3748,16019.64,15316.86,-351.3899999999994,2282,1614.0,-2.294138615878185,0.7072743207712533
3750,927.2,1014.3,43.549999999999955,80,70.0,4.293601498570438,0.875
3752,1681.12,1999.6200000000001,159.2500000000001,152,138.0,7.96401316250088,0.9078947368421053
3753,267.6,753.48,242.94,24,52.0,32.24239528587354,2.1666666666666665
3754,197933.22,260852.18,31459.479999999996,22518,22182.0,12.06027106999834,0.9850786037836398
3755,72817.16,107184.92,17183.879999999997,6058,6308.0,16.031994052894753,1.041267745130406
3757,7181.16,31193.239999999998,12006.039999999999,332,1076.0,38.48923677053105,3.2409638554216866
3758,101896.56000000001,145264.58,21684.009999999987,6984,6942.0,14.927252052771564,0.9939862542955327
3759,1107.52,1349.7,121.09000000000003,32,30.0,8.971623323701564,0.9375
3760,154326.44,216497.62,31085.589999999997,12356,12238.0,14.358398027654992,0.9904499838135319
3761,299538.64,423461.9,61961.630000000005,8738,8610.0,14.632161712777467,0.9853513389791715
3762,173160.82,219389.74,23114.459999999992,37562,36626.0,10.535798073328312,0.9750811990841808
3763,126263.28000000001,170693.34,22215.02999999999,6226,5866.0,13.01458510332037,0.9421779633793768
3764,57878.880000000005,68371.64,5246.379999999997,2788,2436.0,7.673327713069334,0.8737446197991392
3765,28840.86,26522.72,-1159.0699999999997,3078,2128.0,-4.370102312281696,0.691358024691358
3766,226737.5,322179.98,47721.23999999999,24250,24402.0,14.811981799738144,1.0062680412371134
3768,171218.76,253217.36000000002,40999.3,47298,47064.0,16.19134643849063,0.9950526449321324
3769,597387.96,788268.9,95440.47000000003,85098,84210.0,12.107603128830787,0.9895649721497568
3770,4024.2799999999997,14650.34,5313.030000000001,284,766.0,36.26557472386307,2.6971830985915495
3773,43286.159999999996,59231.62,7972.730000000003,1992,1838.0,13.460259908474567,0.9226907630522089
3775,204.4,237.6,16.599999999999994,280,240.0,6.9865319865319835,0.8571428571428571
3776,994630.4,1368072.0799999998,186720.8399999999,53590,51192.0,13.648465072103505,0.9552528456801642
3777,86.8,783.7199999999999,348.46,4,28.0,44.46230796713112,7.0
3778,1715.0,19641.82,8963.41,50,418.0,45.63431494637462,8.36
3779,194442.6,275287.26,40422.33,20796,20874.0,14.683690774502242,1.0037507212925563
3780,136442.54,167984.12,15770.789999999994,13234,12788.0,9.388262414328208,0.9662989270061961
3781,134389.14,172174.54,18892.699999999997,14466,13546.0,10.972992871071412,0.9364025991981197
3782,276247.36,372777.56,48265.100000000006,14624,15144.0,12.94742634186457,1.035557986870897
3783,15687.0,31644.98,7978.99,10458,15902.0,25.214078188704814,1.520558424172882
3784,62883.54,95647.38,16381.920000000002,8626,8662.0,17.127411121977413,1.0041734291676327
3785,2596.56,12523.84,4963.64,372,1316.0,39.63353092981067,3.5376344086021505
3787,350365.6,496922.45999999996,73278.43,29692,29954.0,14.746451589247947,1.008823925636535
3788,506306.72,664469.62,79081.45000000001,25328,24238.0,11.901439527062202,0.956964624131396
3790,329406.0,408453.44,39523.72,9240,8656.0,9.676432153442018,0.9367965367965368
3791,94687.04,148847.82,27080.390000000007,14434,14218.0,18.193340016669378,0.9850353332409588
3792,8570.4,16398.36,3913.9800000000005,120,164.0,23.868118519168995,1.3666666666666667
3793,7386.8,22927.32,7770.26,626,1668.0,33.89083416640061,2.6645367412140577
3794,161899.1,218808.90000000002,28454.90000000001,5830,5710.0,13.00445274392404,0.9794168096054888
3797,48679.240000000005,69940.48,10630.619999999995,3812,3952.0,15.199523938068477,1.036726128016789
3798,1222717.8,1496135.06,136708.63,61660,59294.0,9.137452470367215,0.9616282841388258
3799,12763.44,489.86,-6136.79,456,14.0,-1252.7640550361327,0.03070175438596491
3800,342542.9,393088.78,25272.940000000002,7994,7122.0,6.4293211319844845,0.8909181886414811
3802,2069992.76,2817255.56,373631.4,154132,149444.0,13.262247319870408,0.9695845119767472
3804,460394.2,617822.9400000001,78714.37000000002,60340,59906.0,12.740603319132179,0.9928074245939675
3805,44155.74,120571.0,38207.630000000005,3946,7700.0,31.688905292317394,1.9513431322858592
3806,48062.4,42331.66,-2865.369999999999,4960,4034.0,-6.768858107619684,0.8133064516129033
3808,195966.0,292504.5,48269.25,20520,21950.0,16.5020538145567,1.0696881091617934
3809,287.6,626.34,169.37,40,66.0,27.04122361656608,1.65
3811,5579.2,49600.03999999999,22010.42,440,2796.0,44.3758109872492,6.3545454545454545
3815,22907.920000000002,23343.66,217.86999999999898,1064,834.0,0.9333155126488262,0.7838345864661654
3817,276.12,347.88,35.879999999999995,12,12.0,10.313901345291479,1.0
3818,292485.8,424905.18,66209.69,13460,13282.0,15.582227074755833,0.986775631500743
3820,178595.34,277285.62,49345.14,13398,13438.0,17.795780394237536,1.0029855202268996
3821,219153.2,319566.78,50206.79000000001,26726,26322.0,15.710891476266713,0.9848836339145401
3826,2058225.3599999999,2654802.2399999998,298288.43999999994,130764,128776.0,11.235806400404421,0.9847970389403812
3827,293322.24,409418.82,58048.29000000001,31608,31518.0,14.178217308134494,0.9971526195899773
3828,2204.0,1102.1599999999999,-550.9200000000001,464,184.0,-49.985483051462595,0.39655172413793105
3829,49839.0,52718.76,1439.880000000001,4490,4324.0,2.7312478518083525,0.9630289532293986
3830,225828.0,315220.0,44696.0,12240,12800.0,14.179303343696468,1.0457516339869282
3831,33373.72,41647.62,4136.950000000001,11548,10438.0,9.933220673834423,0.903879459646692
3834,392484.18,506125.1,56820.45999999999,38366,38490.0,11.22656434150371,1.0032320283584424
3835,297315.60000000003,427593.14,65138.76999999999,36258,35686.0,15.233820168396525,0.9842241712173865
3836,137554.9,192159.4,27302.25,17390,16060.0,14.208126170252406,0.9235192639447959
3837,235260.0,322500.42,43620.20999999999,326750,325758.0,13.525628896855387,0.996964039785769
3840,606567.28,877048.6599999999,135240.68999999994,42152,42334.0,15.4199756715893,1.0043177073448473
3841,1907.64,2078.96,85.65999999999997,126,104.0,4.120329395466962,0.8253968253968254
3842,123051.7,161112.54,19030.420000000006,28030,27826.0,11.81188006842919,0.9927220834819835
3847,125517.08,172415.88,23449.4,44668,43212.0,13.600487379700757,0.9674039580908033
3848,1304.8000000000002,371.88,-466.4600000000001,56,12.0,-125.43293535549105,0.21428571428571427
3851,501017.64,606414.6,52698.47999999998,41682,40740.0,8.690173356644115,0.9774003166834605
3856,6372.0,5846.280000000001,-262.8599999999997,240,172.0,-4.496192450583955,0.7166666666666667
3857,2555517.52,3399339.1,421910.79000000004,66776,65890.0,12.411553469319964,0.9867317599137415
3858,4933271.86,6767824.8,917276.4699999997,277618,283720.0,13.553490184911402,1.0219798428055817
3859,344926.5,461528.62,58301.06,50650,51338.0,12.632165693213132,1.0135834155972359
3860,2046.84,3771.7799999999997,862.4699999999999,222,222.0,22.866391995291345,1.0
3861,12988.62,9101.76,-1943.4300000000003,3618,1824.0,-21.352243961607428,0.5041459369817579
3863,186093.0,235719.25999999998,24813.12999999999,12006,11074.0,10.526560281921805,0.9223721472597035
3868,16771.32,23402.94,3315.8099999999995,3516,3606.0,14.168348079343875,1.0255972696245734
3870,72403.68000000001,92970.98000000001,10283.650000000001,2584,2502.0,11.061139723384652,0.968266253869969
3871,228009.2,326425.26,49208.03,27806,27274.0,15.074822947219218,0.9808674386822988
3872,10143.66,1495.32,-4324.17,586,68.0,-289.1802423561512,0.11604095563139932
3873,4880.0,749.6999999999999,-2065.15,250,30.0,-275.46351874082967,0.12
3875,94109.68,80394.7,-6857.489999999998,9128,7130.0,-8.529778704317572,0.7811130587204207
3876,1421839.8,2420962.68,499561.44000000006,101924,128532.0,20.634826142797046,1.2610572583493584
3877,144697.2,201478.54,28390.67,16728,16746.0,14.091163257387112,1.0010760401721663
3878,684798.8,999406.2,157303.69999999995,86030,87380.0,15.73971624350539,1.015692200395211
3879,590782.08,855219.92,132218.92000000004,74688,73208.0,15.460224546687366,0.9801842330762639
3880,65315.04,54189.24,-5562.9000000000015,5554,4076.0,-10.265691122444236,0.7338854879366222
3882,197001.48,262105.36000000002,32551.940000000002,22412,22264.0,12.41941027073998,0.9933963947885062
3883,112145.23999999999,167514.0,27684.380000000005,7268,7200.0,16.52660673137768,0.9906439185470556
3884,10056.960000000001,23321.460000000003,6632.250000000001,388,654.0,28.43839965422405,1.6855670103092784
3887,96361.0,158720.62,31179.809999999998,11140,13338.0,19.64446081422817,1.1973070017953322
3888,162.64,938.52,387.94,214,948.0,41.33529386693944,4.429906542056075
3889,6697.0,22312.66,7807.83,1810,4394.0,34.99282470131307,2.4276243093922654
3890,113813.6,154098.9,20142.649999999994,9040,8710.0,13.071248399566768,0.963495575221239
3891,47385.799999999996,44255.46,-1565.1699999999983,2618,2154.0,-3.536670955403013,0.8227654698242933
3892,61.04,480.78000000000003,209.87,28,122.0,43.65198219559881,4.357142857142857
3893,1291749.42,1632825.54,170538.06000000006,162894,163446.0,10.444352799626104,1.0033887067663634
3894,276286.24,404633.98,64173.869999999995,30428,30502.0,15.859733282904218,1.0024319705534377
3896,259523.13999999998,323380.68,31928.770000000004,98678,98292.0,9.873431523491139,0.996088287156205
3899,180030.4,325440.36,72704.98,81832,81564.0,22.340492740359554,0.9967249975559683
3900,21129.6,29788.8,4329.6,710,1120.0,14.534321624234614,1.5774647887323943
3903,5540.02,17069.22,5764.6,478,1178.0,33.771900532068834,2.4644351464435146
3904,29873.96,35972.64,3049.34,42076,36336.0,8.476831280662193,0.8635801882308204
3905,123738.36,113906.62,-4915.870000000003,6438,4738.0,-4.315701756403625,0.7359428393911153
3907,37.02,49.98,6.479999999999997,2,2.0,12.965186074429766,1.0
3908,1348.44,1649.34,150.44999999999993,68,66.0,9.121830550401976,0.9705882352941176
3909,47727.68,49080.36,676.3400000000001,2464,1964.0,1.3780257520523487,0.797077922077922
3910,107724.23999999999,147772.42,20024.09000000001,12186,12458.0,13.550627376881295,1.0223206958805187
3913,1384617.36,1750615.9,182999.2699999999,96962,95610.0,10.453422135603812,0.9860563932262123
3915,144380.4,201396.58000000002,28508.09000000001,15230,14942.0,14.15520064938541,0.9810899540380827
3917,199.07999999999998,2219.58,1010.25,252,2242.0,45.515367772281245,8.896825396825397
3918,105757.86,132841.72,13541.93,3198,3028.0,10.19403392247556,0.9468417761100688
3919,97175.0,132386.56,17605.78,11500,11144.0,13.298766883889119,0.9690434782608696
3921,158021.2,219824.74,30901.76999999999,8828,8726.0,14.0574577729513,0.988445854100589
3923,226716.88,272303.58,22793.350000000006,2132,2042.0,8.370565675265821,0.9577861163227017
3924,283711.12,408785.89999999997,62537.389999999985,16324,16210.0,15.298323645703041,0.9930164175447195
3925,149586.5,153391.86000000002,1902.6800000000076,3950,3014.0,1.2404048037490434,0.7630379746835443
3928,1923.04,12589.5,5333.23,202,1050.0,42.362524325827074,5.198019801980198
3929,55509.3,73196.28,8843.489999999998,1782,1772.0,12.081884489211744,0.9943883277216611
3930,7580.86,18703.16,5561.15,626,1284.0,29.73374552749375,2.05111821086262
3931,758.4,821.7,31.650000000000034,960,830.0,3.8517707192406028,0.8645833333333334
3936,168344.28,254572.4,43114.06,11068,10760.0,16.935873645375537,0.9721720274665703
3938,326013.98,467852.8,70919.41,26102,25920.0,15.158487883368446,0.9930273542257299
3939,43972.5,54641.78,5334.639999999999,1950,1822.0,9.762932320286783,0.9343589743589743
3940,6396.0,18769.62,6186.8099999999995,1040,2238.0,32.961828742403945,2.151923076923077
3941,51556.159999999996,63833.22,6138.5300000000025,1756,1678.0,9.616513157255739,0.9555808656036446
3943,4526.48,15634.960000000001,5554.240000000001,472,1304.0,35.52449126828595,2.76271186440678
3944,47793.06,58666.48,5436.710000000003,1494,1352.0,9.267148804564382,0.9049531459170014
3945,119992.8,153634.59999999998,16820.899999999987,8670,8540.0,10.948640475517877,0.9850057670126874
3947,116644.31999999999,153629.58000000002,18492.630000000012,3348,3242.0,12.037154563593814,0.9683393070489845
3949,34090.86,0.0,-17045.43,6,0.0,-inf,0.0
3951,58446.54,69615.42,5584.439999999999,31938,27958.0,8.02184343641107,0.8753835556390507
3952,25024.079999999998,47119.619999999995,11047.769999999999,1524,2238.0,23.4462204915914,1.468503937007874
3955,815.4000000000001,1159.48,172.03999999999996,60,52.0,14.837685859178249,0.8666666666666667
3959,197028.48,226096.68,14534.099999999991,10802,8532.0,6.428267765807084,0.7898537307905943
3960,382856.32,517185.14,67164.41,40216,40286.0,12.986531283555442,1.001740600755918
3961,162948.56,227988.5,32519.97,8968,9250.0,14.263864186132198,1.0314451382694023
3962,381.76,2206.62,912.43,32,138.0,41.34966600502125,4.3125
3963,44235.84,38684.8,-2775.519999999997,3894,3536.0,-7.1747042766150955,0.9080636877247047
3967,339675.84,437822.88,49073.51999999999,28884,26312.0,11.208532546311876,0.9109541614734801
3969,127042.2,165958.37999999998,19458.08999999999,8660,8462.0,11.724680609680567,0.9771362586605081
3970,107788.44,144329.44,18270.5,15898,15536.0,12.658886502989272,0.9772298402314756
3973,16298.1,15459.32,-419.3900000000003,90,68.0,-2.7128618852575683,0.7555555555555555
3978,6458.32,18919.559999999998,6230.619999999999,328,844.0,32.932161213051465,2.573170731707317
3979,152514.98,133743.38,-9385.800000000003,9374,7862.0,-7.017767907465777,0.8387027949647963
3980,1011203.9,1131044.3800000001,59920.24000000005,31610,30762.0,5.297779738757911,0.9731730465042708
3981,66601.95999999999,80627.64,7012.840000000004,7108,6436.0,8.69781132127891,0.9054586381541925
3982,713276.76,939206.0199999999,112964.62999999995,49602,44198.0,12.027673119045804,0.8910527801298335
3983,38612.64000000001,24230.44,-7191.100000000004,1648,956.0,-29.67795879893227,0.5800970873786407
3984,111887.20000000001,143244.64,15678.720000000001,3464,3336.0,10.94541478131398,0.9630484988452656
3985,2197.44,239.92,-978.76,96,8.0,-407.95265088362794,0.08333333333333333
3986,1511.04,879.56,-315.74,96,44.0,-35.89749420164628,0.4583333333333333
3987,83455.2,115148.6,15846.700000000004,9648,10340.0,13.761956289525019,1.0717247097844114
3988,2762.24,2039.32,-361.4599999999999,128,68.0,-17.724535629523565,0.53125
3989,247380.47999999998,295352.68,23986.100000000006,20736,17932.0,8.12117228799143,0.8647762345679012
3991,47.22,199.8,76.29,6,20.0,38.18318318318318,3.3333333333333335
3995,705.6,959.76,127.07999999999998,24,24.0,13.240810202550637,1.0
3996,122636.36,93532.98,-14551.690000000002,8932,5702.0,-15.55781714642258,0.6383788625167935
3997,669763.5,949275.86,139756.18,47670,46014.0,14.722399029508662,0.9652611705475141
3998,41844.1,53566.74,5861.32,3070,2926.0,10.942088318236278,0.9530944625407166
3999,128395.8,177923.19999999998,24763.69999999999,8060,7680.0,13.918196165536587,0.9528535980148883
4005,767.76,1039.74,135.99,24,26.0,13.079231346298116,1.0833333333333333
4007,60747.12,69631.84,4442.359999999997,2836,2416.0,6.379782582221003,0.8519040902679831
4010,90.22,2399.6,1154.69,2,40.0,48.12010335055843,20.0
4012,20794.74,24668.859999999997,1937.0599999999977,986,914.0,7.8522477325664735,0.9269776876267748
4018,51755.759999999995,62441.380000000005,5342.810000000005,1956,1662.0,8.556521332488174,0.8496932515337423
4020,381.6,289.9,-45.85000000000002,24,10.0,-15.81579855122457,0.4166666666666667
4024,99.4,0.0,-49.7,140,0.0,-inf,0.0
4025,8759.78,19464.46,5352.339999999999,6394,10874.0,27.49801432970655,1.7006568658116985
4028,191.76,391.71999999999997,99.97999999999999,24,28.0,25.523332992954153,1.1666666666666667
4029,18427.86,25694.82,3633.4799999999996,902,918.0,14.140904664831275,1.017738359201774
4034,11677.08,18939.08,3631.000000000001,438,492.0,19.171997795035452,1.1232876712328768
4040,36679.2,56592.96,9956.880000000001,2040,2104.0,17.593849128937595,1.031372549019608
4041,5142.78,8799.78,1828.5000000000005,18,22.0,20.7789285641232,1.2222222222222223
4042,335.52,6407.28,3035.88,466,6472.0,47.38172828407687,13.888412017167383
4043,291.36,407.76,58.19999999999999,24,24.0,14.273101824602705,1.0
4044,11967.28,31184.28,9608.5,1244,2572.0,30.81199886609535,2.067524115755627
4050,112732.16,153764.02,20515.929999999993,12928,12798.0,13.342477648542223,0.989944306930693
4052,928.4000000000001,2989.54,1030.57,20,46.0,34.47252754604387,2.3
4053,64380.86,36261.48,-14059.689999999999,4474,2652.0,-38.77307269311677,0.5927581582476531
4054,59019.520000000004,81222.24,11101.36,6272,6176.0,13.667882097317188,0.9846938775510204
4058,520.96,479.7,-20.630000000000024,44,30.0,-4.300604544506989,0.6818181818181818
4060,2861.1,11716.92,4427.91,306,1008.0,37.79073340092789,3.2941176470588234
4062,64887.899999999994,90873.4,12992.75,11130,11060.0,14.297638252778041,0.9937106918238994
4064,131420.06,187701.36000000002,28140.65000000001,13966,14064.0,14.9922461936344,1.0070170413862236
4065,793.82,3414.7799999999997,1310.4799999999998,38,122.0,38.3767036236595,3.210526315789474
4066,253196.4,438835.62,92819.61,19704,21438.0,21.151339082274134,1.0880024360535931
4073,354.0,2756.32,1201.16,60,368.0,43.57839438091368,6.133333333333334
4074,456.96000000000004,379.79999999999995,-38.58000000000004,32,20.0,-10.157977883096377,0.625
4075,103059.78,140247.08,18593.649999999994,6494,6492.0,13.25778048284499,0.9996920234062211
4077,823.2,1291.32,234.05999999999995,80,68.0,18.12563888114487,0.85
4089,236883.24000000002,387107.56,75112.15999999999,16236,17444.0,19.40343402231669,1.0744025622074402
4091,84586.59999999999,105410.45999999999,10411.93,3898,3754.0,9.877511207142064,0.9630579784504875
4092,34599.48,23058.54,-5770.470000000001,3092,2146.0,-25.02530515808894,0.6940491591203105
4102,85625.62,73252.38,-6186.619999999995,7834,6762.0,-8.445623200229118,0.863160582078121
4103,200121.96,258785.3,29331.67,17884,18070.0,11.334364819021792,1.010400357861776
4104,226.56,779.14,276.28999999999996,32,86.0,35.460892779218106,2.6875
4105,730.08,17964.3,8617.109999999999,144,2570.0,47.96796980678345,17.84722222222222
4109,8437.48,16199.939999999999,3881.2299999999996,4,6.0,23.95829861098251,1.5
4111,30930.079999999998,32749.2,909.5600000000013,39152,33080.0,2.7773502864192143,0.844912137310993
4113,62157.04,81748.26,9795.609999999997,83996,82574.0,11.982652597131729,0.983070622410591
4121,23098.399999999998,29221.559999999998,3061.58,1040,1044.0,10.477127162273337,1.0038461538461538
4124,25434.72,28927.8,1746.539999999999,35326,29220.0,6.037583224441537,0.8271528052992131
4125,20743.68,21669.12,462.71999999999935,28032,21888.0,2.135388977494238,0.7808219178082192
4126,25754.74,20270.5,-2742.120000000001,1402,950.0,-13.527638686761554,0.6776034236804565
4130,112038.12,177075.8,32518.839999999997,16452,16220.0,18.36436147683647,0.9858983710187211
4131,21082.68,25582.859999999997,2250.0899999999983,964,914.0,8.795302792572834,0.9481327800829875
4135,217214.4,275144.76,28965.180000000008,278480,277924.0,10.527251182250392,0.9980034472852628
4138,12437.599999999999,17913.6,2738.0,560,640.0,15.284476598785282,1.1428571428571428
4139,142.8,239.88,48.53999999999999,12,12.0,20.235117558779386,1.0
4140,53010.0,66836.42,6913.209999999999,11160,11158.0,10.343477403487498,0.999820788530466
4141,33973.5,37037.88,1532.1899999999987,47850,37412.0,4.136818846003062,0.7818599791013584
4145,190656.48,265010.01999999996,37176.769999999975,15036,15598.0,14.028439377499758,1.0373769619579676
4147,38379.18,54322.46,7971.639999999999,1334,1354.0,14.674666795281361,1.014992503748126
4148,7773.6,17002.04,4614.22,632,996.0,27.139213882569386,1.5759493670886076
4149,108142.16,135598.94,13728.39,93226,91006.0,10.124260558378996,0.9761869006500332
4150,3659.12,12494.6,4417.74,424,940.0,35.35719430794103,2.2169811320754715
4152,136860.0,203012.12,33076.06,36496,36388.0,16.292652872153642,0.9970407715914072
4153,216407.94,277623.84,30607.95000000001,22566,22416.0,11.024971774758253,0.9933528316936985
4157,205339.68,282421.26,38540.79000000001,285194,285274.0,13.646561168943162,1.0002805108101853
4160,2511.0,24128.719999999998,10808.859999999999,162,1128.0,44.79665726155387,6.962962962962963
4173,69.52000000000001,361.08,145.77999999999997,88,192.0,40.373324471031346,2.1818181818181817
4174,357962.2,460788.33999999997,51413.06999999998,16580,15766.0,11.157632591137176,0.9509047044632087
4176,107147.2,153015.08000000002,22933.94000000001,13360,13292.0,14.988026016782142,0.9949101796407186
4178,66214.95999999999,110974.04000000001,22379.540000000008,8876,10396.0,20.166464156842455,1.1712483100495719
4179,203905.52000000002,288433.62,42264.04999999999,13468,13438.0,14.652955504978923,0.9977724977724978
4181,309472.36,378221.4,34374.52000000002,33028,32860.0,9.088465115934746,0.9949134068063461
4187,255278.09999999998,381251.25999999995,62986.57999999999,19866,19474.0,16.52101556333217,0.9802677942212826
4190,10696.960000000001,21533.28,5418.159999999999,548,1072.0,25.161796066367963,1.9562043795620438
4191,1020.24,0.0,-510.12,72,0.0,-inf,0.0
4192,18817.56,6676.419999999999,-6070.5700000000015,1252,358.0,-90.92552595552709,0.28594249201277955
4194,251106.24000000002,359567.7,54230.729999999996,26488,26830.0,15.082202878623413,1.0129115070975536
4195,92883.7,122025.16,14570.730000000003,10738,10684.0,11.940758774665818,0.9949711305643509
4196,162329.6,240206.06,38938.229999999996,21760,20994.0,16.210344568326043,0.9647977941176471
4197,95567.84,121343.98,12888.07,7312,7002.0,10.621103741611245,0.9576039387308534
4198,910449.96,1151509.8399999999,120529.93999999994,51996,46016.0,10.467122017819662,0.8849911531656282
4199,382831.92,417751.66,17459.869999999995,22626,18434.0,4.179485486664493,0.8147264209316716
4200,24238.079999999998,49380.7,12571.31,3156,4330.0,25.45794207048503,1.3719898605830165
4201,167812.6,237601.38,34894.39,17572,18062.0,14.686105779351955,1.027885272023674
4204,99660.23999999999,144713.58,22526.67,12876,13042.0,15.56638291997199,1.012892202547375
4206,22492.8,20375.48,-1058.6599999999999,576,452.0,-5.195754897553333,0.7847222222222222
4207,118.89999999999999,161.82,21.46,58,58.0,13.261648745519713,1.0
4208,217.2,449.64,116.22,24,36.0,25.84734454230051,1.5
4211,62680.799999999996,83808.48,10563.84,8036,8352.0,12.604738804474202,1.0393230462916874
4214,1695.68,3105.68,704.9999999999999,224,232.0,22.700342598078358,1.0357142857142858
4215,8691.2,6705.42,-992.8900000000003,448,258.0,-14.807275308630933,0.5758928571428571
4216,31098.96,20210.34,-5444.3099999999995,1838,966.0,-26.938240524404833,0.5255712731229597
4218,467607.66,573022.34,52707.34,37986,33166.0,9.198130041491925,0.8731111462117622
4219,3011.76,13850.1,5419.17,282,990.0,39.12729871986484,3.5106382978723403
4221,236620.84,426641.54,95010.34999999999,18286,23646.0,22.269362237910542,1.2931204199934376
4222,336474.88,458485.8,61005.45999999999,42112,41820.0,13.305855928362448,0.9930661094224924
4223,394962.24,577121.9,91079.83000000002,26472,27010.0,15.78173172773378,1.0203233605318827
4224,297645.92,424570.36,63462.22,26018,26164.0,14.947397646882369,1.0056114997309555
4225,738069.86,1045070.4199999999,153500.27999999997,40178,40358.0,14.688032218919753,1.0044800637164617
4226,401003.52,600304.2,99650.33999999997,52214,51980.0,16.599973813276662,0.9955184433293752
4227,1935451.96,2646447.06,355497.55000000005,136588,150294.0,13.433011956793123,1.100345564764108
4228,80438.40000000001,115106.37999999999,17333.98999999999,5472,5362.0,15.059104456242991,0.9798976608187134
4229,174165.6,256335.8,41085.09999999999,11848,12020.0,16.02784316509828,1.0145172180958812
4230,6842.88,17479.94,5318.529999999999,264,606.0,30.4264774364214,2.2954545454545454
4232,44219.520000000004,58859.0,7319.739999999998,6824,7100.0,12.436059056388995,1.0404454865181711
4233,198906.38,306398.26,53745.94,25274,24574.0,17.5412027470391,0.972303553058479
4234,123557.36,160572.2,18507.420000000006,15464,14380.0,11.525917935981449,0.9299017071908949
4235,57698.54,54984.96,-1356.7900000000009,7622,5504.0,-2.4675656761412594,0.7221201784308581
4237,11819.52,7054.74,-2382.3900000000003,15552,7126.0,-33.770060980277094,0.4582047325102881
4239,66918.8,93696.59999999999,13388.899999999994,4420,4340.0,14.289632708123875,0.9819004524886877
4241,171184.44,236045.84,32430.699999999997,116452,118616.0,13.73915337800488,1.0185827637138047
4243,2213753.22,3315619.18,550932.98,152778,154082.0,16.61629246577105,1.0085352603123487
4244,68506.08,67348.72,-578.6800000000003,6962,6328.0,-0.8592293958964629,0.9089342143062339
4245,932821.76,1286949.6,177063.92000000004,117632,116640.0,13.758419133119123,0.9915669205658324
4246,263328.0,422367.68,79519.84,62400,61332.0,18.82716025998959,0.9828846153846154
4247,195755.0,267780.44,36012.72,24500,23556.0,13.44859990520592,0.961469387755102
4248,304.08,599.6,147.76000000000002,28,40.0,24.64309539693129,1.4285714285714286
4249,149075.72,190787.48,20855.880000000005,14348,14452.0,10.93147202321662,1.0072483969891275
4250,155400.92,196725.76,20662.42,5596,5424.0,10.503159321890534,0.9692637598284489
4251,16629.6,10030.68,-3299.459999999999,21320,10132.0,-32.89368218306235,0.475234521575985
4252,6606.6,19716.84,6555.12,8580,19916.0,33.246301131418626,2.3212121212121213
4254,164150.58000000002,144973.25999999998,-9588.660000000018,7006,5674.0,-6.614088694701367,0.8098772480730803
4256,28914.96,20000.739999999998,-4457.110000000001,1292,726.0,-22.284725465157795,0.5619195046439629
4257,20234.06,21568.14,667.039999999999,26278,21786.0,3.0927098952436283,0.8290585280462744
4258,108265.5,166412.82,29073.660000000003,14730,14718.0,17.47080543434094,0.9991853360488798
4259,1377.72,7349.14,2985.71,178,686.0,40.62665835730439,3.853932584269663
4260,2634878.96,3271333.16,318227.1000000001,158156,158084.0,9.727749649320343,0.9995447532815701
4261,6522395.88,8951945.76,1214774.94,403364,400824.0,13.569954204012067,0.9937029581221923
4262,1220873.76,1724845.8,251986.02000000002,109104,111420.0,14.609191152043852,1.0212274527056753
4263,40606.200000000004,66322.01999999999,12857.909999999993,3060,3998.0,19.387090441455182,1.3065359477124183
4264,676857.12,894974.7999999999,109058.83999999997,58704,57720.0,12.185688356811832,0.9832379394930498
4265,400097.88,528443.16,64172.640000000014,48438,48084.0,12.143716648730965,0.9926916883438622
4267,363321.2,481675.13999999996,59176.96999999997,23260,22086.0,12.28565999897773,0.9495270851246775
4268,334121.0,351213.82,8546.410000000003,18308,15618.0,2.433392285075799,0.8530696963076251
4269,436308.84,585727.96,74709.55999999997,47322,47404.0,12.754992949286557,1.00173280926419
4270,114810.43999999999,152871.36,19030.46,8852,8664.0,12.448675801667495,0.9787618617261635
4272,30604.14,44272.78,6834.32,1498,1522.0,15.43684403825556,1.0160213618157543
4274,20877.399999999998,35729.68,7426.140000000001,940,1032.0,20.784233164136936,1.097872340425532
4276,67181.12,53336.939999999995,-6922.09,2818,2106.0,-12.97804110996994,0.7473385379701917
4277,116625.59999999999,92795.88,-11914.859999999993,24920,22012.0,-12.839858838560497,0.8833065810593901
4278,152415.19999999998,184212.3,15898.550000000003,16010,15970.0,8.630558328624096,0.9975015615240475
4280,135265.32,188705.34,26720.009999999995,7218,7866.0,14.15964699250164,1.0897755610972568
4282,113237.34,157263.06,22012.86,11686,11894.0,13.997476584774581,1.0177990758172173
4283,87884.0,115349.31999999999,13732.659999999996,6350,5668.0,11.905280412576335,0.8925984251968504
4287,1422.08,10078.32,4328.12,32,168.0,42.94485588867986,5.25
4289,280.28,1528.98,624.35,26,102.0,40.834412484139754,3.923076923076923
4290,9617.14,23126.74,6754.800000000001,1222,2126.0,29.207748260239015,1.739770867430442
4291,216257.46000000002,267048.42,25395.47999999998,20814,20558.0,9.509691163872073,0.9877005861439416
4294,163237.40000000002,217443.54,27103.069999999992,13940,13446.0,12.464417199977516,0.9645624103299857
4295,11.5,15.98,2.24,2,2.0,14.017521902377975,1.0
4296,313203.06,435626.52,61211.73000000001,33714,33548.0,14.051424141946182,0.9950762294595716
4297,26395.4,44144.36,8874.48,4870,6764.0,20.10331557644057,1.388911704312115
4298,19417.6,23223.420000000002,1902.9100000000017,26240,23458.0,8.19392664818533,0.8939786585365853
4299,61570.54,83448.92,10939.189999999999,6302,6308.0,13.108845506928068,1.0009520787051729
4300,10745.6,10079.44,-333.0799999999999,80,56.0,-3.3045486654020455,0.7
4302,6511.6,18752.32,6120.36,584,1268.0,32.63788160611594,2.171232876712329
4303,74868.86,102077.28,13604.21,12842,12672.0,13.327363346672247,0.9867621865752998
4304,633.58,7363.62,3365.02,802,7438.0,45.697904020033626,9.27431421446384
4308,229.32,451.88,111.28,12,12.0,24.62600690448792,1.0
4309,69568.08,88777.04,9604.479999999996,9826,10096.0,10.818653111209832,1.027478119275392
4313,233040.0,308928.5,37944.25,12000,11350.0,12.282534631799914,0.9458333333333333
4315,30360.12,45788.72,7714.300000000001,1316,1528.0,16.847599146689404,1.1610942249240122
4316,347.52,575.52,114.0,48,48.0,19.80817347789825,1.0
4317,67820.34,106314.94,19247.300000000003,2858,3106.0,18.10404069268158,1.086773967809657
4319,29.16,819.1800000000001,395.01000000000005,4,82.0,48.2201713909031,20.5
4320,122035.76000000001,166818.74000000002,22391.490000000005,3388,3326.0,13.422646640299526,0.9817001180637545
4322,3952.4,5231.24,639.4199999999998,482,476.0,12.223105802830684,0.9875518672199171
4326,22917.12,32047.359999999997,4565.119999999999,1024,1464.0,14.244917522067338,1.4296875
4327,137081.36,180012.97999999998,21465.809999999998,9256,9102.0,11.924590104558016,0.983362143474503
4329,618.96,779.88,80.45999999999998,12,12.0,10.316971841821816,1.0
4330,738252.9,965971.34,113859.21999999997,35510,35266.0,11.787018443010947,0.9931286961419319
4331,171.36,1418.58,623.6099999999999,24,142.0,43.960157340439025,5.916666666666667
4334,70490.40000000001,97113.92,13311.759999999995,2760,2608.0,13.707365535239433,0.9449275362318841
4337,139.64,3255.2599999999998,1557.81,4,74.0,47.85516364284266,18.5
4340,43681.7,37165.5,-3258.0999999999985,4574,3650.0,-8.76646352127645,0.7979886313948404
4343,116188.26,176418.0,30114.870000000003,17958,17600.0,17.070179913614258,0.9800645951664996
4344,17778.600000000002,9957.5,-3910.550000000001,1660,850.0,-39.272407732864686,0.5120481927710844
4345,77350.24,104987.48,13818.619999999995,4952,5252.0,13.16215990706701,1.0605815831987075
4346,207920.98,261254.86000000002,26666.940000000002,24782,24514.0,10.207251264148733,0.9891856992978775
4349,148662.36,200054.96,25696.300000000003,12276,12104.0,12.844620298342019,0.9859889214727925
4351,60264.0,105620.14,22678.07,3888,4786.0,21.471350066379387,1.2309670781893005
4353,5038.400000000001,15980.779999999999,5471.189999999999,188,522.0,34.236063571365094,2.776595744680851
4354,711.04,479.92,-115.55999999999997,16,8.0,-24.079013168861472,0.5
4355,9516.98,18638.48,4560.75,478,752.0,24.469538288529964,1.5732217573221758
4357,14.92,799.2,392.14000000000004,2,80.0,49.06656656656657,40.0
4358,39507.24,60007.740000000005,10250.250000000004,9274,11226.0,17.08154648050402,1.2104809143843003
4359,374335.92,520397.94,73031.01000000001,48552,48506.0,14.03368545232904,0.9990525622013511
4361,1038.72,1391.76,176.51999999999998,24,24.0,12.683221245042247,1.0
4362,81215.2,108392.34,13588.57,13424,13566.0,12.536467060310718,1.0105780691299167
4363,103462.8,153337.52000000002,24937.360000000008,4360,4648.0,16.263051600156313,1.0660550458715596
4365,9292.9,4453.02,-2419.9399999999996,12730,4498.0,-54.343793650152016,0.3533385703063629
4366,84298.52,77252.51999999999,-3523.0000000000073,5692,4348.0,-4.560369033916315,0.763879128601546
4368,527693.7000000001,759305.72,115806.00999999995,22070,22228.0,15.251565601270586,1.0071590394200272
4370,142340.72,200682.04,29170.660000000003,17882,16596.0,14.535760150733967,0.928084106923163
4375,311.28,407.76,48.24000000000001,24,24.0,11.830488522660392,1.0
4377,959.04,623.52,-167.76,96,48.0,-26.90531177829099,0.5
4379,248.2,11505.78,5628.79,340,11622.0,48.92141167308952,34.18235294117647
4380,319194.64,402488.34,41646.850000000006,29446,28366.0,10.347343229868473,0.9633226923860626
4382,181363.68,244716.78,31676.550000000003,17372,17122.0,12.944167539308093,0.985609026018881
4385,226697.24,335281.26,54292.01000000001,13706,13674.0,16.19297481762029,0.9976652560922223
4386,57553.84,62826.46,2636.3100000000013,1676,1354.0,4.196177852452615,0.8078758949880668
4389,30268.199999999997,48760.5,9246.150000000001,1830,1950.0,18.962377334112656,1.0655737704918034
4390,181381.86,235967.46000000002,27292.800000000017,5442,5254.0,11.56634054542945,0.9654538772510106
4391,28018.8,41422.68,6701.9400000000005,1548,1532.0,16.179397373612716,0.9896640826873385
4397,18.88,0.0,-9.44,2,0.0,-inf,0.0
4398,182.27999999999997,1168.72,493.22,28,128.0,42.201724964063246,4.571428571428571
4399,406.0,2674.0,1134.0,40,200.0,42.40837696335078,5.0
4401,13077.119999999999,21194.7,4058.790000000001,448,530.0,19.150023354895332,1.1830357142857142
4402,49225.92,11107.98,-19058.97,1128,202.0,-171.5790809850216,0.17907801418439717
4404,81120.96,125583.54000000001,22231.29,18778,18446.0,17.702391571379497,0.9823197358611141
4408,163.68,3567.34,1701.8300000000002,16,266.0,47.705853661271426,16.625
4410,178266.4,227783.92,24758.76000000001,22480,22608.0,10.869406409372536,1.0056939501779358
4411,34143.84,59733.840000000004,12795.000000000004,4716,5816.0,21.420019205194247,1.2332485156912638
4412,128558.16,167882.68,19662.259999999995,9432,9332.0,11.71190500413741,0.9893977947413062
4413,59281.92,81534.28,11126.18,41168,40972.0,13.646014903179374,0.9952390205985231
4414,87658.22,109143.56,10742.669999999998,11054,10844.0,9.84269708629625,0.9810023520897413
4415,4133.28,4769.66,318.19000000000005,474,434.0,6.67112540516515,0.9156118143459916
4416,163676.16,213837.58000000002,25080.710000000006,21312,21242.0,11.728859819681837,0.9967154654654654
4418,17400.0,9069.62,-4165.19,600,238.0,-45.92463631331852,0.39666666666666667
4421,14136.800000000001,18397.26,2130.2299999999987,1724,1674.0,11.57906122977008,0.9709976798143851
4422,74353.32,95803.96,10725.32,8676,9504.0,11.195069598375682,1.095435684647303
4424,33.56,1890.28,928.36,4,172.0,49.11230082315848,43.0
4425,228.72,299.76,35.519999999999996,24,24.0,11.849479583666934,1.0
4427,253.92,492.66,119.37000000000002,24,34.0,24.229691876750703,1.4166666666666667
4429,469758.77999999997,602679.6799999999,66460.44999999998,27138,26232.0,11.027491419654298,0.9666150784877294
4431,51659.399999999994,69885.68000000001,9113.140000000007,4654,4632.0,13.040067722028326,0.9952728835410399
4437,665470.16,923344.76,128937.29999999999,28342,27124.0,13.964155707127205,0.957024910027521
4438,136004.4,185801.3,24898.449999999997,18504,18470.0,13.400579005636665,0.9981625594466061
4447,79466.76,101647.15999999999,11090.199999999997,3852,3884.0,10.91048682520987,1.008307372793354
4450,83035.86,118711.4,17837.769999999997,4486,4460.0,15.02616429424638,0.9942041908158716
4453,731.68,7284.42,3276.37,68,558.0,44.97777448307483,8.205882352941176
4460,1030.9,1186.92,78.00999999999999,122,108.0,6.572473292218514,0.8852459016393442
4478,391964.10000000003,529301.7799999999,68668.83999999994,28970,29422.0,12.973476114136616,1.0156023472557818
4480,56980.48,88111.38,15565.45,5744,6262.0,17.66565226875348,1.0901810584958218
4482,23578.8,7102.04,-8238.38,802,196.0,-116.00019149427487,0.24438902743142144
4483,39514.82,54207.3,7346.240000000002,20474,21770.0,13.552123053537072,1.063299794861776
4488,215561.56,314987.94,49713.19,26878,26406.0,15.782569326305001,0.98243916958107
4491,32558.399999999998,59042.619999999995,13242.109999999999,1710,1938.0,22.42805282014924,1.1333333333333333
4494,148044.1,265821.82,58888.86,15502,15618.0,22.153508692401548,1.0074829054315573
4498,45410.4,52719.96,3654.779999999999,1590,1404.0,6.932440768164465,0.8830188679245283
4502,216516.3,291983.22,37733.45999999999,13390,13278.0,12.923160447370913,0.9916355489171023
4505,465.84000000000003,467.74,0.9499999999999886,36,26.0,0.20310428870739913,0.7222222222222222
4511,2999.88,17679.48,7339.799999999999,12,52.0,41.515926939027615,4.333333333333333
4513,70370.3,91321.86,10475.779999999999,2002,2014.0,11.471273143144476,1.005994005994006
4518,351.1,1563.66,606.28,10,34.0,38.77313482470613,3.4
4521,75403.16,98042.78,11319.809999999998,4526,4322.0,11.545786441388135,0.9549270879363676
4522,74604.96,113953.02,19674.03,7416,7398.0,17.265036064862517,0.9975728155339806
4524,17635.98,23696.379999999997,3030.199999999999,802,862.0,12.787607221018565,1.0748129675810474
4525,1611.3,2285.14,336.91999999999996,262,286.0,14.74395441854766,1.0916030534351144
4527,34511.44,45807.36,5647.959999999999,1282,1264.0,12.329809008857962,0.9859594383775351
4528,216498.36,258132.98,20817.310000000012,2026,1702.0,8.064568115240451,0.8400789733464955
4540,22401.92,14614.179999999998,-3893.87,986,582.0,-26.64446448586236,0.59026369168357
4542,10084.8,7422.72,-1331.0399999999995,240,128.0,-17.931971029487837,0.5333333333333333
4545,2960.9,3973.16,506.1299999999999,290,284.0,12.73872685721189,0.9793103448275862
4550,116520.32,141305.22,12392.449999999997,11746,10878.0,8.7699874074008,0.9261025029797377
4556,398.14,4706.86,2154.3599999999997,34,314.0,45.77064114930123,9.235294117647058
4563,232286.76,347187.44,57450.34,19134,19256.0,16.547355514934527,1.0063760844569876
4565,80265.02,114484.68000000001,17109.83,11962,11832.0,14.94508260843285,0.9891322521317505
4574,1158.74,4862.48,1851.87,46,152.0,38.08488672446982,3.3043478260869565
4575,3060.46,19942.02,8440.78,158,798.0,42.32660482739462,5.050632911392405
4576,245.52,363.71999999999997,59.09999999999998,24,28.0,16.24876278455955,1.1666666666666667
4580,54293.88,80180.04,12943.079999999998,2426,2796.0,16.142521255913568,1.1525144270403958
4582,91306.31999999999,81386.74,-4959.789999999994,3128,2326.0,-6.094100832641771,0.7436061381074168
4583,6189.82,12552.539999999999,3181.3599999999997,358,546.0,25.344352617079892,1.5251396648044693
4585,272.64,359.76,43.56,24,24.0,12.108072048032021,1.0
4595,25552.68,4859.46,-10346.61,372,54.0,-212.91686730624392,0.14516129032258066
4605,396.92,10659.18,5131.13,4,82.0,48.138130700485405,20.5
4606,33349.32,22398.4,-5475.459999999999,324,160.0,-24.445763983141646,0.49382716049382713
4616,23474.88,5039.16,-9217.86,432,84.0,-182.92453504155458,0.19444444444444445
4620,31316.04,18357.16,-6479.4400000000005,1462,684.0,-35.296527349546444,0.46785225718194257
4624,59954.4,91044.87999999999,15545.239999999994,3960,3912.0,17.074260518548652,0.9878787878787879
4625,59578.68000000001,57076.08,-1251.300000000003,532,392.0,-2.1923369649772777,0.7368421052631579
4626,176757.24,262836.58,43039.67000000001,15796,15042.0,16.37506849312984,0.9522663965560901
4627,3060.12,12597.48,4768.68,84,252.0,37.854237514169505,3.0
4628,190376.2,220030.02,14826.909999999989,2380,1998.0,6.738585034896596,0.8394957983193277
4629,21044.399999999998,27773.88,3364.7400000000016,780,812.0,12.114763943676582,1.041025641025641
4632,39156.64,30076.239999999998,-4540.200000000001,656,376.0,-15.095636954619332,0.573170731707317
4634,206201.04,272049.84,32924.40000000001,24202,23816.0,12.10234124747142,0.9840509048838939
4639,30586.4,129103.85999999999,49258.729999999996,520,1614.0,38.15434333256961,3.103846153846154
4652,336331.38,437573.76,50621.19,2838,2624.0,11.568607313199037,0.9245947850599013
4662,309507.12,441259.33999999997,65876.10999999999,20124,22066.0,14.9291140216998,1.0965016895249453
4664,165731.36000000002,214527.5,24398.069999999992,5968,5850.0,11.372933539989043,0.9802278820375335
4670,67950.12,115945.98000000001,23997.930000000008,23676,23302.0,20.697509305626642,0.9842034127386383
4673,758878.24,1098543.64,169832.69999999995,16264,16236.0,15.459804582729184,0.9982784062961141
4677,70396.74,92642.12000000001,11122.690000000002,2034,1988.0,12.006083194123796,0.9773844641101278
4678,480008.68000000005,659158.9199999999,89575.11999999994,28606,28508.0,13.589305595682442,0.9965741452842061
4679,192587.08000000002,266254.08,36833.5,22316,21792.0,13.833966412833936,0.9765190894425524
4682,225751.12000000002,275733.34,24991.11,8386,7666.0,9.063506792468404,0.9141426186501311
4683,79641.76,99969.42,10163.830000000002,26906,25138.0,10.166939049961481,0.9342897494982532
4686,178284.0,216411.48,19063.740000000005,4150,4052.0,8.809024364141866,0.9763855421686747
4687,24991.2,14867.539999999999,-5061.830000000001,1424,646.0,-34.04618383404384,0.45365168539325845
4689,1189081.08,1717143.9,264031.4099999999,35676,36010.0,15.376195902975862,1.009362036102702
4692,29520.0,23607.32,-2956.34,2400,1668.0,-12.522980160390931,0.695
4696,8797.56,21523.52,6362.9800000000005,668,1448.0,29.56291535956944,2.1676646706586826
4697,13533.119999999999,6499.74,-3516.6899999999996,72,26.0,-54.10508728041429,0.3611111111111111
4698,1038.0,3737.78,1349.89,100,222.0,36.11475260716254,2.22
4701,151044.16,199050.02,24002.929999999993,11912,11398.0,12.058742822532745,0.9568502350570853
4702,72537.64,103744.92,15603.64,4354,4308.0,15.040389447502585,0.9894350022967386
4703,15.4,5435.1,2709.8500000000004,20,5490.0,49.85832827362882,274.5
4705,237.12,6646.86,3204.87,312,6714.0,48.21630062916926,21.51923076923077
4722,1105801.4000000001,1330785.26,112491.92999999993,39820,37274.0,8.453048991540523,0.9360622802611753
4723,63.14,2633.4,1285.13,82,2660.0,48.801169590643276,32.4390243902439
4724,82875.44,109042.78,13083.669999999998,4936,5122.0,11.998657774499144,1.0376823338735819
4732,207047.68,268219.5,30585.910000000003,2968,3050.0,11.403313331059078,1.0276280323450135
4734,472358.60000000003,561201.26,44421.32999999999,39694,37274.0,7.915400973975002,0.9390336070942712
4736,72837.04,102425.44,14794.200000000004,34036,34256.0,14.443872537916366,1.0064637442707722
4737,124218.64,181135.08000000002,28458.22000000001,15704,15692.0,15.71104835131881,0.9992358634742741
4748,1232.84,8899.76,3833.46,74,424.0,43.07374580887575,5.72972972972973
4751,476.64000000000004,1970.1000000000001,746.73,662,1990.0,37.90315212425765,3.0060422960725077
4752,18660.600000000002,20189.899999999998,764.6499999999978,1260,1010.0,3.7872896844461734,0.8015873015873016
4757,315.59999999999997,335.76,10.080000000000013,30,24.0,3.0021443888491817,0.8
4760,5030.94,20544.46,7756.76,382,1154.0,37.755969249130914,3.020942408376963
4762,113818.84,162406.5,24293.83,22628,22750.0,14.95865621142011,1.005391550291674
4763,1007.52,1319.88,156.18000000000006,12,12.0,11.83289389944541,1.0
4764,86194.2,117766.84,15786.32,5820,5716.0,13.404724114190378,0.9821305841924398
4767,146720.80000000002,205666.81999999998,29473.00999999998,7610,7518.0,14.33046419446753,0.9879106438896189
4772,44242.14,29056.999999999996,-7592.5700000000015,3594,1700.0,-26.12991705957257,0.4730105731775181
4779,60408.82,77721.0,8656.09,2798,2700.0,11.13738886530024,0.9649749821300929
4783,144122.4,211269.78,33573.69,16230,16222.0,15.891383045885693,0.9995070856438694
4784,10557.539999999999,15209.9,2326.1800000000003,798,810.0,15.29385466045142,1.0150375939849625
4785,118797.9,42474.52,-38161.69,2202,548.0,-89.8460771304773,0.2488646684831971
4787,163255.86000000002,220737.69999999998,28740.919999999984,10862,10630.0,13.020394794364526,0.9786411342294237
4796,111848.66,154952.81999999998,21552.079999999987,9086,8918.0,13.908801401613724,0.9815100154083205
4798,293425.44,375588.62,41081.59,190536,188738.0,10.937921921063529,0.9905634630725952
4802,10152.0,329.94,-4911.03,240,6.0,-1488.4615384615383,0.025
4804,156775.96,224977.87999999998,34100.95999999999,12914,12412.0,15.157472370172567,0.9611274585720923
4806,209210.86000000002,271611.3,31200.219999999987,17866,17870.0,11.487084668421375,1.0002238889510802
4808,834.04,845.0600000000001,5.510000000000048,116,94.0,0.6520247083047414,0.8103448275862069
4813,9564.0,549.9,-4507.05,240,10.0,-819.6126568466993,0.041666666666666664
4815,81.0,1183.36,551.18,6,64.0,46.577541914548405,10.666666666666666
4816,703.44,935.28,115.91999999999996,72,72.0,12.394149345650495,1.0
4817,60481.2,93285.54000000001,16402.170000000006,7754,7046.0,17.582757199025707,0.9086922878514315
4818,55498.9,103141.44,23821.27,7390,7856.0,23.095731453817205,1.0630581867388362
4824,11952.64,14457.999999999998,1252.6799999999994,812,800.0,8.664268916862634,0.9852216748768473
4829,239711.63999999998,324512.02,42400.19000000002,24996,25198.0,13.065830350444344,1.0080812930068812
4833,22982.960000000003,38163.62,7590.33,2132,2638.0,19.88891515008272,1.2373358348968104
4834,10271.1,12446.32,1087.6099999999997,730,868.0,8.738406211635244,1.189041095890411
4844,9067.68,1319.76,-3873.96,216,24.0,-293.5351882160393,0.1111111111111111
4845,18709.920000000002,22707.58,1998.83,2928,2842.0,8.802479172153086,0.9706284153005464
4846,30652.800000000003,45192.03999999999,7269.619999999995,2472,2596.0,16.086062943828153,1.0501618122977345
4857,5505.0,8001.18,1248.0900000000001,7340,8082.0,15.59882417343442,1.101089918256131
4858,30835.3,73036.98,21100.839999999997,43430,36702.0,28.890624995721343,0.8450840432880498
4868,10051.960000000001,13002.66,1475.3499999999995,12724,13134.0,11.34652448037555,1.0322225715183904
4876,44976.1,33286.2,-5844.950000000001,3770,2980.0,-17.55967938665273,0.7904509283819628
4878,96727.2,138678.32,20975.560000000005,19660,19668.0,15.125334659375744,1.000406917599186
4881,25058.52,134507.8,54724.63999999999,1692,6820.0,40.68510525040183,4.030732860520095
4882,72840.6,106616.28,16887.839999999997,15498,15372.0,15.839832340801982,0.991869918699187
4884,28737.0,11448.94,-8644.029999999999,1854,706.0,-75.50070137497444,0.3807982740021575
4886,13427.96,7072.9,-3177.5299999999997,806,310.0,-44.925419559162435,0.38461538461538464
4889,75741.82,86247.56,5252.869999999995,7898,7444.0,6.090456356098648,0.9425170929349203
4890,23523.12,21851.28,-835.9200000000001,31788,22072.0,-3.825496721473525,0.6943500692085064
4892,1089.16,1318.68,114.75999999999999,146,132.0,8.702642035975368,0.9041095890410958
4896,208839.19999999998,270631.63999999996,30896.219999999987,14864,14836.0,11.41633698114529,0.9981162540365985
4897,28030.88,32848.840000000004,2408.9800000000014,8546,7316.0,7.3335314123725555,0.8560730166159607
4898,120135.84,108341.3,-5897.269999999997,4026,2670.0,-5.443233559132111,0.6631892697466468
4899,17735.760000000002,26815.359999999997,4539.799999999997,1242,1264.0,16.929849161077822,1.0177133655394526
4902,1020.6999999999999,3912.44,1445.8700000000001,118,356.0,36.95571050290867,3.016949152542373
4903,18942.0,79512.72,30285.36,6600,19928.0,38.08869826110841,3.0193939393939395
4904,32605.6,14782.84,-8911.38,2120,916.0,-60.28192147111109,0.4320754716981132
4916,225680.12,330824.26,52572.07000000001,28676,28374.0,15.89123784331899,0.9894685451248431
4921,380.88,3318.3399999999997,1468.7299999999998,24,166.0,44.26098591464407,6.916666666666667
4932,115821.0,187801.2,35990.100000000006,25738,25880.0,19.163935054728086,1.0055171341984614
4938,77388.48,87439.92,5025.720000000001,11024,9408.0,5.747626484562201,0.8534107402031931
4939,241767.40000000002,344314.46,51273.53,20860,20954.0,14.891483209854153,1.0045062320230105
4942,63390.04,67486.23999999999,2048.099999999995,4154,3376.0,3.0348408801557105,0.8127106403466539
4945,133399.26,178273.54,22437.14,17858,17746.0,12.585793719023025,0.99372830104155
4948,230.88,2208.3,988.71,24,170.0,44.77244939546257,7.083333333333333
4959,21436.32,34798.5,6681.09,30192,35150.0,19.199362041467303,1.1642156862745099
4978,6544.96,8918.3,1186.6699999999996,904,870.0,13.306011235325116,0.9623893805309734
4979,209246.68,212992.09999999998,1872.7099999999919,3662,2790.0,0.8792391830495084,0.7618787547788094
4989,91929.87999999999,113506.56,10788.340000000004,5518,4944.0,9.504596033920862,0.8959768031895614
4994,7497.6,519.74,-3488.9300000000003,480,26.0,-671.2837187824682,0.05416666666666667
5001,10150.199999999999,9899.78,-125.20999999999913,30,22.0,-1.2647755808714851,0.7333333333333333
5003,36918.96,45298.44,4189.740000000002,47332,45756.0,9.2491926874303,0.966703287416547
5005,8661.06,11607.42,1473.1800000000003,258,258.0,12.691709268726386,1.0
5014,14382.720000000001,29763.420000000002,7690.35,3632,4258.0,25.838260522480276,1.1723568281938326
5015,31528.56,42746.5,5608.969999999999,5362,5350.0,13.121471933374659,0.9977620290936218
5016,450.3,0.0,-225.15,10,0.0,-inf,0.0
5018,21156.88,20924.64,-116.1200000000008,27838,21136.0,-0.5549438365486852,0.7592499461168187
5027,52945.5,93046.74,20050.620000000003,7050,6926.0,21.548976353174762,0.9824113475177305
5031,149443.02000000002,196384.54,23470.759999999995,12762,12546.0,11.951429577908726,0.9830747531734838
5033,192007.87999999998,229876.21999999997,18934.17,14804,12778.0,8.236680592712025,0.8631450959200216
5042,136127.28,184052.76,23962.740000000005,12746,12324.0,13.01949506217674,0.966891573827083
5054,9295.32,24739.68,7722.18,6546,12432.0,31.213742457461052,1.8991750687442712
5056,14518.8,26551.88,6016.540000000001,2616,3212.0,22.65956308931797,1.22782874617737
5058,200972.78,282298.58,40662.90000000001,16846,16942.0,14.404216981892013,1.005698682179746
5060,207719.6,290367.24,41323.81999999999,22216,20676.0,14.231571027089693,0.9306805905653583
5062,83.9,2212.08,1064.09,10,192.0,48.10359480669777,19.2
5065,3357.48,18154.82,7398.67,294,918.0,40.75319942582741,3.122448979591837
5067,29917.2,12365.1,-8776.05,3210,990.0,-70.97435524176916,0.308411214953271
5070,43161.299999999996,61128.6,8983.650000000001,2418,2340.0,14.696312364425165,0.967741935483871
5071,9434.88,11476.720000000001,1020.920000000001,364,328.0,8.895572951156785,0.9010989010989011
5073,307.6,399.79999999999995,46.099999999999966,20,20.0,11.530765382691339,1.0
5075,50260.32000000001,89845.09999999999,19792.389999999992,3344,4290.0,22.029459592120208,1.2828947368421053
5076,128002.24,155549.64,13773.700000000004,4552,4236.0,8.854858166177692,0.9305799648506151
5077,5304.42,17941.66,6318.62,418,1234.0,35.21758856203941,2.952153110047847
5079,30159.52,6719.62,-11719.95,3236,538.0,-174.41388054681667,0.16625463535228677
5080,216.36,1599.1999999999998,691.4199999999998,18,80.0,43.23536768384192,4.444444444444445
5083,792.96,945.14,76.08999999999997,96,86.0,8.050659161605687,0.8958333333333334
5087,57240.700000000004,64118.46,3438.8799999999974,6122,4554.0,5.363322824659229,0.743874550800392
5090,87773.40000000001,109706.4,10966.499999999993,8580,8160.0,9.996226291264678,0.951048951048951
5094,27534.32,37503.54,4984.610000000001,10274,10746.0,13.291038659283899,1.0459412108234378
5096,350601.2,459365.72000000003,54382.26000000001,43880,43828.0,11.838554256943684,0.9988149498632635
5098,1443.9399999999998,2418.9,487.48000000000013,86,110.0,20.152962090206298,1.2790697674418605
5101,406186.66000000003,516910.7,55362.01999999999,39094,36530.0,10.710171021803184,0.9344144881567504
5102,85336.79999999999,73394.01999999999,-5971.389999999999,4440,3598.0,-8.136071576403637,0.8103603603603604
5103,1515107.44,2187683.34,336287.94999999995,88396,87066.0,15.371875072193946,0.984954070319924
5104,37.86,249.89999999999998,106.01999999999998,2,10.0,42.42496998799519,5.0
5105,533367.34,781980.8999999999,124306.77999999997,36014,34710.0,15.896395934990226,0.9637918587216082
5106,17250.239999999998,28416.3,5583.030000000001,1812,2370.0,19.647279906250994,1.3079470198675496
5107,58284.72,85943.56,13829.419999999998,5748,5644.0,16.09128130135638,0.9819067501739736
5109,282112.8,401285.54,59586.369999999995,28670,28646.0,14.848870457679586,0.9991628880362748
5111,352301.76,479086.74,63392.48999999999,489308,483926.0,13.231944177791268,0.9890007929565836
5124,439963.14,559469.0,59752.92999999999,8538,8300.0,10.680293278090474,0.9721246193487937
5125,50409.68,66916.92,8253.619999999999,8458,8108.0,12.334130142271938,0.9586190588791677
5126,1157.8,8358.48,3600.3399999999997,28,152.0,43.07409959705592,5.428571428571429
5128,87285.6,122208.6,17461.5,9720,9740.0,14.288274311300514,1.0020576131687242
5130,42091.32,61979.619999999995,9944.149999999998,3196,3238.0,16.044225505093447,1.0131414267834793
5132,1399.3,1611.3799999999999,106.03999999999996,70,62.0,6.58069480817684,0.8857142857142857
5133,58133.880000000005,61349.88,1607.9999999999964,8142,6612.0,2.6210320215785203,0.8120854826823877
5134,111734.06000000001,133763.64,11014.79,10754,9436.0,8.234517242503268,0.8774409522038311
5135,8250.28,22449.46,7099.589999999999,478,854.0,31.62476959356706,1.786610878661088
5137,97444.62,138751.5,20653.440000000002,14742,14050.0,14.885201241067666,0.9530592863926197
5138,1952578.8,2348856.72,198138.96000000008,175908,168578.0,8.435549018928667,0.9583304909384451
5142,106549.7,189315.47999999998,41382.88999999999,6106,7852.0,21.859221443486817,1.2859482476252866
5145,401.28,1174.06,386.39,44,94.0,32.910583786177874,2.1363636363636362
5146,121181.84,159691.47999999998,19254.819999999992,8552,8452.0,12.057512398281984,0.9883068288119738
5147,82769.92,109882.72,13556.400000000001,8768,8528.0,12.337153648908583,0.9726277372262774
5148,133112.97999999998,175810.87999999998,21348.949999999997,9394,9312.0,12.143133576261036,0.9912710240579093
5149,92157.06,127296.6,17569.770000000004,3974,3940.0,13.802230381644131,0.9914443885254152
5152,42824.6,29052.039999999997,-6886.280000000001,2366,1396.0,-23.703258015616118,0.5900253592561285
5153,532419.12,762062.7,114821.78999999998,50998,50930.0,15.067236593524388,0.9986666143770344
5155,36129.6,49665.840000000004,6768.120000000003,6240,6216.0,13.62731406536163,0.9961538461538462
5160,63934.72,88051.88,12058.580000000002,8032,8012.0,13.694858076851965,0.9975099601593626
5165,178968.58000000002,253304.12,37167.76999999999,13426,13188.0,14.673180207254422,0.9822732012513035
5167,2577.12,3968.96,695.9200000000001,112,104.0,17.53406433927276,0.9285714285714286
5168,60076.67999999999,109642.51999999999,24782.92,4398,5748.0,22.603384161546085,1.3069577080491133
5169,3635.6,18276.02,7320.21,298,1198.0,40.05363312143454,4.02013422818792
5170,210828.96,296396.72000000003,42783.88000000002,21104,21128.0,14.434667158260057,1.0011372251705837
5171,9391.56,6284.76,-1553.3999999999996,5132,2524.0,-24.716934298207086,0.49181605611847234
5181,47.98,179.94,65.98,2,6.0,36.66777814827165,3.0
5185,54904.38,82235.84,13665.73,3758,4216.0,16.617730177012845,1.1218733368813198
5187,46164.8,59333.74,6584.4699999999975,7568,7426.0,11.097345287858136,0.9812367864693446
5188,27586.8,44338.34,8375.769999999999,1164,1366.0,18.890580928379364,1.1735395189003437
5191,687562.72,860278.86,86358.07,86704,86114.0,10.038381043095725,0.9931952389739804
5192,49060.08,91360.12,21150.019999999997,3618,4788.0,23.15016661536784,1.3233830845771144
5194,45502.6,69620.4,12058.899999999998,4730,4760.0,17.320928923131724,1.0063424947145878
5195,56158.56,94899.58,19370.510000000002,11898,11842.0,20.41158664769644,0.9952933266095142
5196,37801.5,52953.38,7575.939999999999,638,662.0,14.30681100998652,1.0376175548589341
5197,205827.0,302602.0,48387.5,35796,36000.0,15.990475938691748,1.0056989607777405
5198,13505.76,8537.560000000001,-2484.0999999999995,498,244.0,-29.09613519553595,0.4899598393574297
5202,73448.44,98874.18000000001,12712.870000000003,7124,6982.0,12.857623699129542,0.9800673778775969
5205,31862.04,18278.82,-6791.610000000001,996,518.0,-37.155626019622716,0.5200803212851406
5212,166719.2,218617.18,25948.98999999999,10840,10682.0,11.86960237983126,0.9854243542435425
5214,581.4,607.62,13.110000000000014,60,38.0,2.157598499061916,0.6333333333333333
5215,92650.86,120832.98,14091.059999999998,9846,9302.0,11.661600996681534,0.9447491367052611
5218,95906.4,130582.66,17338.130000000005,8980,9334.0,13.277513262480642,1.0394209354120267
5219,259334.46,384807.83999999997,62736.68999999999,19602,19616.0,16.30338144877713,1.000714212835425
5220,5129.9400000000005,14981.800000000001,4925.93,886,1820.0,32.87942703813961,2.054176072234763
5221,181369.26,245087.9,31859.319999999992,21114,20710.0,12.999140308436278,0.9808657762621957
5223,4009.8,10938.5,3464.35,652,1350.0,31.67116149380628,2.0705521472392636
5224,14.16,94.9,40.370000000000005,2,10.0,42.53951527924131,5.0
5228,86416.2,110936.6,12260.200000000004,12310,12340.0,11.051537544867973,1.0024370430544274
5230,100132.48000000001,145311.06,22589.289999999994,10094,10094.0,15.545471900074222,1.0
5231,213.12,319.8,53.34,24,20.0,16.679174484052535,0.8333333333333334
5232,165705.12,241317.02,37805.95,15472,15298.0,15.666507899028423,0.9887538779731128
5233,292059.0,397123.5,52532.25,20142,19650.0,13.228189719319053,0.9755734286565386
5242,1118420.1,1526736.5999999999,204158.24999999988,50722,49540.0,13.37219858356706,0.9766965025038444
5245,8632.8,1999.8,-3316.4999999999995,120,20.0,-165.84158415841583,0.16666666666666666
5246,70949.73999999999,104572.32,16811.290000000008,7262,7168.0,16.07623317528004,0.9870559074635087
5250,14.28,351.68,168.70000000000002,2,32.0,47.96974522292994,16.0
5251,66588.48,90802.8,12107.160000000003,92484,91720.0,13.333465487848395,0.9917391116301199
5253,117689.6,162908.96,22609.679999999993,9940,9904.0,13.878720973972209,0.9963782696177063
5254,195921.6,277053.34,40565.87000000001,26656,26466.0,14.641898920980346,0.9928721488595438
5255,116220.5,158374.08000000002,21076.790000000008,12430,12192.0,13.308232003620798,0.9808527755430411
5259,97165.56,122616.91999999998,12725.679999999993,7262,7108.0,10.378404546452476,0.9787937207380887
5268,33469.12,43799.28,5165.079999999998,5102,4872.0,11.792613942512293,0.9549196393571149
5270,111677.5,98582.62,-6547.439999999999,72050,70538.0,-6.641576375227194,0.9790145732130465
5273,456.47999999999996,1262.42,402.97,72,158.0,31.92043852283709,2.1944444444444446
5276,20357.760000000002,26463.82,3053.029999999999,4416,4418.0,11.5366186740992,1.0004528985507246
5277,22445.5,28172.74,2863.620000000001,3710,3526.0,10.164506540719861,0.9504043126684636
5283,283.2,479.76,98.28,24,24.0,20.485242621310658,1.0
5285,131676.47999999998,179385.58,23854.550000000003,21102,20922.0,13.297919487173942,0.9914700028433324
5286,23064.96,31385.34,4160.1900000000005,7872,7866.0,13.255201313734375,0.9992378048780488
5292,323234.34,426746.62,51756.139999999985,24618,22138.0,12.12807262539068,0.8992607035502478
5295,514.08,959.52,222.71999999999997,48,48.0,23.211605802901445,1.0
5296,316536.66000000003,370213.17999999993,26838.25999999998,15066,12682.0,7.249406949801189,0.8417629098632683
5297,364764.0,478059.66000000003,56647.83,33900,33634.0,11.849531499896896,0.9921533923303835
5298,145067.2,195336.8,25134.79999999999,11360,11120.0,12.867416687485406,0.9788732394366197
5299,1126462.68,1523119.42,198328.36999999997,73818,70258.0,13.021196328781626,0.9517732802297543
5308,14298.0,19394.1,2548.0499999999993,19064,19590.0,13.138274011168342,1.0275912715065043
5311,872586.6,1334336.48,230874.94,36818,36752.0,17.30260271382223,0.9982073985550546
5312,799268.4,1143526.44,172129.01999999996,54372,52356.0,15.05247399439229,0.9629220922533657
5315,429182.6,615143.52,92980.46000000002,22330,23248.0,15.115246601313464,1.0411106135244066
5316,125398.92,151034.66,12817.870000000003,68524,65954.0,8.486707620621651,0.9624948923005079
5317,21652.92,28741.44,3544.26,8802,8736.0,12.331532449313604,0.9925017041581459
5318,76688.8,105818.4,14564.799999999996,4112,3760.0,13.763957875000942,0.914396887159533
5322,39404.03999999999,51285.759999999995,5940.859999999999,2262,2024.0,11.583839256744952,0.8947833775419982
5325,2355.08,9463.119999999999,3554.0199999999995,182,488.0,37.556535265324754,2.681318681318681
5327,191.88,279.86,43.99000000000001,12,14.0,15.718573572500539,1.1666666666666667
5330,94077.95999999999,134454.56,20188.300000000003,8238,8144.0,15.014961188374723,0.9885894634620054
5333,94942.4,140702.42,22880.01000000001,10976,10958.0,16.261276813860064,0.9983600583090378
5334,107882.28,139383.96,15750.839999999997,6054,6004.0,11.30032465715567,0.9917409976874794
5335,44.42,9536.82,4746.2,2,318.0,49.76711314673025,159.0
5337,666080.4,788846.76,61383.17999999999,32334,28524.0,7.781382026592845,0.8821673779922063
5338,28930.12,12513.74,-8208.189999999999,1838,626.0,-65.5934197130514,0.3405875952121872
5339,28416.2,29636.64,610.2199999999993,12092,9216.0,2.0590053393367107,0.7621567978828978
5342,882689.7999999999,1374619.54,245964.87000000005,44468,45246.0,17.893305226841168,1.0174957272645497
5346,137998.19999999998,189862.02000000002,25931.910000000018,3810,3798.0,13.658292479980997,0.9968503937007874
5348,102222.7,150199.0,23988.15,13022,12500.0,15.970911923514805,0.9599139917063431
5353,275602.14,412692.48,68545.16999999998,21582,22052.0,16.60926072604957,1.021777407098508
5356,352815.96,490149.36,68666.69999999998,49414,49064.0,14.009341968741934,0.9929169870886794
5357,36822.72,20854.04,-7984.34,1452,596.0,-38.28677800560467,0.41046831955922863
5358,146196.12,197990.86,25897.369999999995,7764,7714.0,13.080083595778108,0.993560020607934
5359,27246.24,40426.52,6590.139999999998,1908,2148.0,16.301526819523417,1.1257861635220126
5361,31.6,586.08,277.24,40,592.0,47.3041223041223,14.8
5363,541.2,2516.4,987.6,44,160.0,39.246542680019076,3.6363636363636362
5364,2798160.3,3689900.58,445870.14000000013,121290,119542.0,12.083527193570081,0.9855882595432435
5365,1441943.44,1865631.7,211844.13,97166,97230.0,11.355088466817968,1.0006586666117778
5367,184064.75999999998,292419.02,54177.13000000002,31572,31398.0,18.527225075851774,0.9944887875332573
5368,249711.08,343285.48,46787.2,16396,16352.0,13.629239430691914,0.9973164186386924
5370,15839.14,2099.94,-6869.599999999999,62,6.0,-327.1331561854148,0.0967741935483871
5371,110.60000000000001,797.94,343.67,140,806.0,43.06965435997694,5.757142857142857
5373,3182.22,12937.48,4877.63,426,1352.0,37.70154620528882,3.1737089201877935
5375,101862.4,136603.63999999998,17370.619999999995,6920,6836.0,12.71607403726577,0.9878612716763006
5376,1250.56,3715.14,1232.29,128,286.0,33.16940949735407,2.234375
5378,87854.0,123173.2,17659.6,4360,4680.0,14.337209717698329,1.073394495412844
5381,18733.26,29888.1,5577.42,25662,30190.0,18.661005550704125,1.1764476658093679
5382,242362.56,324875.06,41256.25,25674,25694.0,12.699112698894153,1.0007789982083042
5384,674.24,2639.2000000000003,982.4800000000001,28,80.0,37.22643225219764,2.857142857142857
5390,5451.6,13873.86,4211.13,7080,14014.0,30.352980352980353,1.9793785310734464
5391,719132.56,983137.78,132002.61,59828,59822.0,13.426664368446911,0.9998997125091931
5392,287838.34,405649.77999999997,58905.71999999997,21118,21022.0,14.521324281255612,0.9954541149730088
5394,133206.72,165949.0,16371.14,15276,15100.0,9.865163393572724,0.9884786593349044
5395,28952.14,21244.64,-3853.75,1906,1136.0,-18.139869632999194,0.5960125918153201
5396,144150.36000000002,212292.0,34070.81999999999,11874,11600.0,16.04903623311288,0.9769243725787434
5399,199450.4,270094.74,35322.17,137552,135726.0,13.077696366837799,0.9867250203559381
5401,235906.88,276702.32,20397.72,50842,49968.0,7.371719904625302,0.9828094882184021
5403,126392.00000000001,188264.94,30936.469999999994,21350,21006.0,16.432411685362126,0.983887587822014
5404,135803.52000000002,172045.62,18121.04999999999,31436,31338.0,10.53270057092996,0.9968825550324468
5408,353.6,436.62,41.50999999999999,40,38.0,9.507122898630385,0.95
5410,93615.3,136835.38,21610.04,15222,15162.0,15.79272845955483,0.9960583366180528
5414,3407.1,7095.12,1844.01,554,888.0,25.989835267056794,1.6028880866425992
5415,129707.5,213899.72,42096.11,15350,15228.0,19.68030159179264,0.9920521172638437
5417,15449.499999999998,21573.0,3061.750000000001,2650,2700.0,14.192509154962227,1.0188679245283019
5430,49053.24,36398.96,-6327.139999999999,178,104.0,-17.382749397235525,0.5842696629213483
5431,8186.88,9835.16,824.1399999999999,512,484.0,8.37952814189093,0.9453125
5434,1710.7200000000003,8893.259999999998,3591.27,198,774.0,40.38192968607688,3.909090909090909
5438,121166.34,162157.68,20495.67,16134,16232.0,12.639345851519334,1.0060741291682163
5440,948568.3200000001,1242512.36,146972.02000000002,36596,36164.0,11.828616336661634,0.9881954311946661
5444,237925.8,327636.1,44855.149999999994,16420,16390.0,13.690539595606221,0.9981729598051157
5445,1042641.6,1323345.34,140351.87000000005,88660,82266.0,10.605838533424695,0.9278817956237311
5447,328318.9,419160.42,45420.75999999998,43030,41958.0,10.836128086712,0.9750871485010458
5457,74927.16,94604.59999999999,9838.719999999994,48654,47540.0,10.399832566281127,0.9771036297118428
5458,65766.18,81226.1,7729.960000000006,5142,4990.0,9.516596266471005,0.970439517697394
5459,528.24,707.76,89.75999999999999,24,24.0,12.682265174635468,1.0
5462,90375.6,128371.7,18998.049999999996,6148,6230.0,14.799250925242866,1.013337670787248
5463,2351.04,2831.82,240.3900000000001,248,218.0,8.488887005530016,0.8790322580645161
5467,771.1200000000001,799.6,14.239999999999952,54,40.0,1.7808904452226053,0.7407407407407407
5468,48718.8,63849.76,7565.48,1080,1024.0,11.848877740495812,0.9481481481481482
5476,9572.8,5249.5,-2161.6499999999996,124,50.0,-41.17820744832841,0.4032258064516129
5480,135208.4,178367.7,21579.65000000001,17224,16230.0,12.098406830384652,0.942289828146772
5485,171.36,239.92,34.27999999999999,8,8.0,14.288096032010667,1.0
5487,3998.9599999999996,5568.0199999999995,784.53,386,398.0,14.089927837902883,1.0310880829015545
5489,88856.66,120404.22,15773.779999999999,11738,11578.0,13.100687002498749,0.9863690577611177
5490,34218.24,40732.56,3257.16,45024,41144.0,7.9964529604817365,0.9138237384506042
5491,383314.24,517638.8,67162.28,262544,260120.0,12.974738369689442,0.9907672618684868
5492,71997.12,86694.22,7348.550000000003,624,578.0,8.476401310260364,0.9262820512820513
5495,11529.96,15862.08,2166.0600000000004,988,992.0,13.655586152635724,1.0040485829959513
5502,50570.520000000004,59752.44,4590.959999999999,65676,60356.0,7.68330130116862,0.9189962847920092
5505,310706.0,396207.36,42750.67999999999,21428,20864.0,10.789976238704902,0.9736792981146164
5507,13020.72,20171.18,3575.2300000000005,2868,2882.0,17.724446462725535,1.0048814504881451
5508,11998.800000000001,4939.620000000001,-3529.59,120,38.0,-71.45468679776987,0.31666666666666665
5513,759.36,1055.04,147.83999999999997,96,96.0,14.012738853503182,1.0
5515,3580.2,4875.419999999999,647.6099999999997,468,498.0,13.283163296700588,1.064102564102564
5517,788.1200000000001,6178.679999999999,2695.2799999999997,68,332.0,43.62226236024523,4.882352941176471
5525,127680.0,174055.56,23187.78,7000,6844.0,13.32205647438094,0.9777142857142858
5527,10264.32,5709.5199999999995,-2277.4,576,248.0,-39.88776639717525,0.4305555555555556
5536,24814.7,30807.239999999998,2996.2699999999986,21578,20676.0,9.725863141261595,0.9581981647974789
5537,575.2,1458.54,441.66999999999996,80,146.0,30.281651514528225,1.825
5539,109137.12000000001,152005.7,21434.29,13008,12830.0,14.100977792280158,0.9863161131611317
5549,6542.88,16644.3,5050.709999999999,258,570.0,30.3449829671419,2.2093023255813953
5560,86588.29999999999,118175.64,15793.670000000006,6770,6836.0,13.36457327415363,1.0097488921713442
5566,64247.04,83860.36,9806.66,5616,5564.0,11.694035179434001,0.9907407407407407
5587,328591.5,472392.8,71900.65,24950,25320.0,15.220521989327526,1.0148296593186372
5589,264.48,251.82,-6.3300000000000125,24,18.0,-2.5137002620919757,0.75
5595,5547.24,799.96,-2373.64,38,4.0,-296.7198359917996,0.10526315789473684
5597,111672.68000000001,149991.14,19159.230000000003,14636,14486.0,12.773574492466688,0.9897512981688986
5598,26206.32,5578.82,-10313.75,6568,1118.0,-184.87332446646425,0.1702192448233861
5603,156.42000000000002,952.38,397.98,198,962.0,41.78794178794179,4.858585858585859
5606,57333.06,79200.72,10933.830000000002,7974,7928.0,13.805215407132664,0.9942312515675947
5609,67120.56,5151.4,-30984.579999999998,14342,860.0,-601.4788212912994,0.05996374285315856
5610,102.28,1187.64,542.6800000000001,4,36.0,45.69398134114715,9.0
5614,25942.98,3952.08,-10995.45,6502,792.0,-278.21931742272426,0.12180867425407567
5616,276716.96,357261.27999999997,40272.159999999974,17992,17872.0,11.272467030292221,0.9933303690529124
5623,14505.3,11359.2,-1573.0499999999993,142,80.0,-13.84824635537713,0.5633802816901409
5626,127287.3,177850.02,25281.359999999993,17318,17198.0,14.214988561710589,0.9930707933941564
5627,71716.8,92962.08,10622.64,5360,5192.0,11.42685275544609,0.9686567164179104
5628,63335.52,88672.08,12668.280000000002,8748,8592.0,14.286661596299538,0.9821673525377229
5629,3215.16,39843.68,18314.260000000002,458,4432.0,45.96528232331954,9.676855895196507
5630,90404.59999999999,158609.96,34102.68,6380,8204.0,21.500970052574253,1.2858934169278997
5633,27795.04,39033.96,5619.459999999999,2392,2604.0,14.396335908526831,1.088628762541806
5635,958.74,2191.98,616.62,58,102.0,28.13073111980949,1.7586206896551724
5640,12756.08,5742.62,-3506.73,1006,338.0,-61.06498427547008,0.3359840954274354
5641,29259.6,37445.020000000004,4092.7100000000028,2636,2498.0,10.929918050517804,0.9476479514415781
5643,26068.140000000003,35016.64,4474.249999999998,2434,2336.0,12.777496641596676,0.9597370583401807
5644,12665.54,9888.179999999998,-1388.6800000000012,1006,582.0,-14.043838198738307,0.5785288270377733
5645,450.96,599.76,74.4,24,24.0,12.40496198479392,1.0
5653,112.4,4617.639999999999,2252.62,8,236.0,48.78292807581362,29.5
5654,19.04,71.94,26.45,2,6.0,36.766750069502365,3.0
5655,46411.200000000004,82537.98,18063.389999999996,5280,5602.0,21.88494314980812,1.0609848484848485
5656,13337.679999999998,29588.42,8125.37,11498,19858.0,27.461317637102624,1.72708297095147
5658,428.16,561.74,66.78999999999999,32,26.0,11.889842275785949,0.8125
5661,364025.48,481018.4,58496.46000000002,35308,34560.0,12.160960994423501,0.9788149994335561
5662,52113.12,77781.44,12834.16,7248,7256.0,16.50028592939395,1.0011037527593818
5667,61390.4,89984.2,14296.899999999998,8296,8380.0,15.888233712140574,1.0101253616200578
5668,119090.1,154830.74,17870.319999999992,12290,11126.0,11.541842401579942,0.9052888527257933
5669,87077.04000000001,94389.23999999999,3656.0999999999913,6508,5476.0,3.873428793366693,0.8414259373079287
5676,115738.52,163148.16,23704.82,81506,81984.0,14.529627548358498,1.0058645989252324
5678,1801.8,6613.26,2405.73,260,674.0,36.37736910389127,2.5923076923076924
5680,2251.3199999999997,12982.76,5365.72,1542,6524.0,41.32957861040333,4.230869001297017
5681,37270.8,50174.340000000004,6451.77,1566,1566.0,12.858704269951533,1.0
5683,4.68,131.32,63.31999999999999,12,268.0,48.21809320743222,22.333333333333332
5685,10034.4,17676.9,3821.250000000001,740,1110.0,21.6171953227093,1.5
5688,124.8,2654.08,1264.6399999999999,16,192.0,47.64890282131661,12.0
5689,64524.32000000001,94764.15999999999,15119.919999999991,4348,4784.0,15.955314751906199,1.1002759889604417
5691,236.1,2502.2,1133.05,30,180.0,45.28215170649828,6.0
5693,120.16,1978.58,929.2099999999999,16,142.0,46.96347885857534,8.875
5694,148654.44,211277.88,31311.72,19206,19812.0,14.82016006597567,1.0315526398000625
5696,47067.9,48328.08,630.0900000000001,5610,4392.0,1.3037761897431062,0.7828877005347593
5697,75488.04000000001,96519.31999999999,10515.639999999992,4986,4468.0,10.894855040420916,0.8961091054953871
5698,13616.519999999999,17972.7,2178.090000000001,932,1130.0,12.118880301791055,1.2124463519313304
5699,6691.799999999999,6089.58,-301.1099999999997,60,42.0,-4.944675987506522,0.7
5702,51266.380000000005,69349.48,9041.549999999996,2342,2252.0,13.037660844753265,0.9615713065755764
5705,55037.58,69605.18,7283.799999999996,3442,3482.0,10.464451065279906,1.011621150493899
5706,121746.0,197094.76,37674.380000000005,5910,6524.0,19.11485622448816,1.103891708967851
5707,40440.96000000001,56328.06,7943.549999999996,1888,1794.0,14.102296439820572,0.9502118644067796
5708,50179.76,118946.52,34383.380000000005,132052,120148.0,28.906587599200044,0.9098536939993336
5710,19058.88,3807.86,-7625.51,96,14.0,-200.25709978833257,0.14583333333333334
5713,158830.86000000002,222701.86,31935.499999999985,14194,14014.0,14.340023922566244,0.9873185853177399
5714,104072.64000000001,145414.44,20670.899999999994,14576,14556.0,14.21516322588045,0.9986278814489572
5725,171680.0,238970.44,33645.22,23200,22956.0,14.079239256537335,0.9894827586206897
5730,30048.3,18033.38,-6007.459999999999,19386,9062.0,-33.31300066875982,0.4674507376457237
5731,140495.52,188191.36000000002,23847.920000000013,15576,14464.0,12.672165183353801,0.928608115048793
5734,1950257.96,2586365.96,318054.0,123278,120204.0,12.297331658355109,0.9750644883920895
5735,894088.18,1197538.86,151725.34000000003,96242,93114.0,12.66976338454687,0.9674985972860082
5737,856.32,5606.7,2375.19,64,330.0,42.36342233399326,5.15625
5739,106234.02,134153.86,13959.919999999991,69434,67414.0,10.405902595721058,0.9709076245067259
5740,59403.4,88150.06,14373.329999999998,4228,4594.0,16.305524919665395,1.086565752128666
5741,40760.44,60799.22,10019.39,4172,4278.0,16.479471282690795,1.0254074784276126
5742,188.64,299.40000000000003,55.380000000000024,48,60.0,18.49699398797596,1.25
5747,163551.84,228684.34,32566.25,18418,17566.0,14.240699647382938,0.9537409056357911
5748,18794.399999999998,18288.0,-253.1999999999989,1968,1400.0,-1.3845144356955321,0.7113821138211383
5750,225401.22,325310.32,49954.55,25938,25368.0,15.355968418093838,0.9780245200092529
5758,203175.86000000002,298516.63999999996,47670.38999999997,15242,15136.0,15.969089696306368,0.9930455320824039
5759,102726.08,124702.04000000001,10987.980000000003,10882,9596.0,8.811387528223277,0.88182319426576
5760,1277.46,5711.3,2216.92,846,2870.0,38.816381559364764,3.392434988179669
5765,357565.04,503510.62,72972.79000000001,34514,34338.0,14.492800568933383,0.9949006200382453
5767,119202.15999999999,173431.64,27114.740000000013,11506,11836.0,15.634252204499715,1.02868068833652
5771,51832.08,71184.94,9676.43,2316,2306.0,13.59336679921343,0.9956822107081175
5773,50144.36,81319.31999999999,15587.479999999996,3286,4068.0,19.168237019197896,1.2379793061472915
5776,111032.64,151062.03999999998,20014.69999999999,6816,6796.0,13.249324582138566,0.9970657276995305
5780,79636.32,107708.5,14036.089999999997,7628,7550.0,13.031552755817783,0.9897745149449397
5789,3145.0,7065.96,1960.48,250,404.0,27.74541605103907,1.616
5795,5037.02,6799.98,881.4799999999996,2,2.0,12.962979302880298,1.0
5798,75414.24,71886.95999999999,-1763.6400000000067,4752,4104.0,-2.4533517622667684,0.8636363636363636
5801,23873.92,24080.76,103.42000000000007,32704,24324.0,0.4294714950857036,0.7437622309197651
5802,45319.2,29918.66,-7700.269999999999,1642,934.0,-25.737349199462805,0.5688185140073082
5805,155888.4,209057.48,26584.540000000008,14044,14252.0,12.716378289836847,1.0148105952720023
5808,58628.56,78310.96,9841.200000000004,1538,1504.0,12.56682334120282,0.9778933680104032
5810,121730.40000000001,171617.7,24943.65,11484,11630.0,14.534427392978696,1.0127133402995472
5815,119364.58,167015.41999999998,23825.41999999999,7598,7258.0,14.26540136234127,0.9552513819426165
5817,135371.46,181859.81999999998,23244.179999999993,5914,6018.0,12.781371938012473,1.0175853905985797
5818,39.0,223.74,92.37,50,226.0,41.28452668275677,4.52
5820,68168.02,40738.88,-13714.570000000003,5714,2912.0,-33.664573007407185,0.5096254812740637
5822,29290.559999999998,33641.08,2175.260000000002,4694,4492.0,6.466082539561755,0.9569663400085215
5825,608.64,767.04,79.19999999999999,96,96.0,10.325406758448059,1.0
5826,89989.48,119930.84,14970.68,13118,12916.0,12.482760897864138,0.9846013111754841
5828,167338.75999999998,245426.84,39044.04000000001,25316,26916.0,15.908626782628993,1.063201137620477
5831,42.72,9562.32,4759.8,8,1368.0,49.7766232462415,171.0
5833,94838.36,121962.12,13561.879999999997,1868,1788.0,11.119747672474043,0.9571734475374732
5836,76701.6,99453.5,11375.949999999997,4020,3850.0,11.438461190405564,0.9577114427860697
5837,149.76,191.76,21.0,24,24.0,10.951188986232792,1.0
5838,16600.5,30319.48,6859.49,930,1352.0,22.62403576842347,1.4537634408602151
5847,285649.62,377232.38,45791.380000000005,16502,16362.0,12.138772392762256,0.991516179856987
5849,276321.60000000003,387512.63999999996,55595.51999999996,22284,22336.0,14.346762985589312,1.0023335128343205
5855,39300.9,49819.78,5259.439999999999,2690,2622.0,10.556931403550957,0.9747211895910781
5858,115321.04,141843.22,13261.090000000004,72988,71278.0,9.349117990976238,0.9765714912040335
5872,94730.23999999999,119187.38,12228.570000000007,40832,39862.0,10.259953696440014,0.9762441222570533
5875,99128.64,147147.46,24009.409999999996,8112,8054.0,16.31656434980257,0.9928500986193294
5877,44824.76,75121.2,15148.219999999998,72298,75880.0,20.16503996208793,1.049544939002462
5890,201286.12,271537.48,35125.67999999999,12082,11852.0,12.935849592476146,0.980963416652872
5891,417975.68000000005,583698.96,82861.63999999996,35302,36504.0,14.195954709256286,1.0340490623760694
5893,59250.78,75413.04,8081.129999999997,38726,37896.0,10.715825804131484,0.9785673707586634
5897,78389.68,141558.14,31584.23000000001,10508,10586.0,22.3118430349537,1.00742291587362
5903,118359.6,139861.18,10750.789999999994,74440,70282.0,7.686757683583104,0.9441429339065018
5911,534.24,2069.28,767.5200000000001,28,72.0,37.09116214335421,2.5714285714285716
5912,3659.04,5830.94,1085.9499999999998,336,306.0,18.62392684541429,0.9107142857142857
5921,515950.77999999997,726789.6599999999,105419.43999999997,34838,34634.0,14.504807346873921,0.9941443251621792
5925,3624.9,12905.7,4640.400000000001,258,830.0,35.95620539761501,3.2170542635658914
5929,262785.92,260195.52000000002,-1295.1999999999825,7534,6448.0,-0.49777951595783915,0.8558534642951952
5952,136672.16,190156.44,26742.14,96248,95556.0,14.063231305760668,0.9928102402127836
5953,6633.66,13833.08,3599.71,418,692.0,26.022476556197173,1.6555023923444976
5954,1136.64,1532.16,197.76,384,384.0,12.907268170426065,1.0
5959,1261.4,4377.08,1557.84,106,292.0,35.59085052135214,2.7547169811320753
5962,99210.48,125786.21999999999,13287.869999999995,5748,5178.0,10.563851906830491,0.9008350730688935
5970,1874.8000000000002,1971.32,48.25999999999988,86,68.0,2.4481058377127956,0.7906976744186046
5977,63381.2,89333.5,12976.150000000001,3860,3650.0,14.525513944936671,0.9455958549222798
5983,31830.120000000003,43712.88,5941.379999999997,1486,1512.0,13.591829227449661,1.0174966352624495
5989,19232.6,11702.86,-3764.869999999999,8362,3914.0,-32.17051216540229,0.46806983975125566
5990,14878.08,33277.04,9199.48,378,824.0,27.645127090630655,2.17989417989418
5992,1272.48,1399.6,63.559999999999945,48,40.0,4.541297513575303,0.8333333333333334
6003,39706.56,32396.76,-3654.8999999999996,544,324.0,-11.281683723927948,0.5955882352941176
6010,16465.960000000003,6836.4,-4814.780000000002,1084,360.0,-70.42858814580775,0.33210332103321033
6015,48439.0,74867.58,13214.29,2950,3042.0,17.65021655568405,1.031186440677966
6021,17995.52,27483.16,4743.82,1088,1284.0,17.260824446679347,1.1801470588235294
6038,686.88,899.64,106.38,36,36.0,11.824729891956782,1.0
6040,201.36,637.66,218.14999999999998,24,34.0,34.211021547533164,1.4166666666666667
6042,21133.14,26365.62,2616.24,2814,2638.0,9.922922351152751,0.937455579246624
6043,218.88,299.88,40.5,12,12.0,13.505402160864346,1.0
6044,7328.0199999999995,6699.9,-314.05999999999995,14,10.0,-4.687532649741041,0.7142857142857143
6049,53866.28,36868.299999999996,-8498.990000000002,3692,2170.0,-23.05229695971879,0.5877573131094258
6063,243.6,405.86,81.13000000000001,12,14.0,19.98965160400138,1.1666666666666667
6064,9.98,55.92,22.97,2,8.0,41.076537911301855,4.0
6066,10.76,335.52,162.38,2,48.0,48.396518836433,24.0
6081,86843.72,117835.86,15496.07,59482,59214.0,13.15055535725712,0.9954944352913486
6084,183.12,239.88,28.379999999999995,12,12.0,11.830915457728864,1.0
6090,863.3599999999999,709.76,-76.79999999999995,38,24.0,-10.820559062218209,0.631578947368421
6094,562.32,359.88,-101.22000000000003,24,12.0,-28.126042014004675,0.5
6096,117177.52,169467.46,26144.969999999994,9176,9654.0,15.42772282065241,1.0520924149956408
6102,5521.92,15701.56,5089.82,384,844.0,32.4160147144615,2.1979166666666665
6105,49981.12,94392.78,22205.829999999998,3368,4722.0,23.524924257978203,1.402019002375297
6109,19006.68,7209.62,-5898.530000000001,726,238.0,-81.81471422904399,0.3278236914600551
6115,32698.68,45537.219999999994,6419.269999999997,2324,2278.0,14.096754259482678,0.9802065404475043
6116,53786.6,72661.78,9437.59,2884,2622.0,12.9883826132528,0.9091539528432733
6126,99496.34,149239.24,24871.449999999997,5494,5276.0,16.665489585714855,0.9603203494721514
6127,2.94,286.56,141.81,2,144.0,49.48701842546064,72.0
6129,14.5,167.16,76.33,10,84.0,45.662837999521415,8.4
6136,858.0,1667.98,404.99,50,202.0,24.280267149486203,4.04
6140,1279.68,2286.7200000000003,503.5200000000001,372,328.0,22.01931150293871,0.8817204301075269
6145,17697.9,29463.420000000002,5882.76,3410,3658.0,19.966317555803094,1.0727272727272728
6146,244.07999999999998,359.28000000000003,57.60000000000002,72,72.0,16.03206412825652,1.0
6150,49846.56,89955.0,20054.22,3676,4500.0,22.29361347340337,1.2241566920565832
6156,63197.56,65335.42,1068.9300000000003,3764,3258.0,1.6360650930230498,0.8655685441020191
6157,32357.84,45802.76,6722.460000000001,5384,6224.0,14.676975797965014,1.1560178306092124
6159,190.86,1567.68,688.4100000000001,6,32.0,43.912660747091245,5.333333333333333
6162,239016.36,376952.51999999996,68968.07999999999,16844,17148.0,18.296224681028793,1.0180479696034197
6166,3007.4,799.98,-1103.71,10,2.0,-137.9671991799795,0.2
6168,35129.28,49465.340000000004,7168.0300000000025,5934,6766.0,14.491015325074086,1.1402089652847995
6173,49854.48,71878.04000000001,11011.780000000002,9048,8996.0,15.320089418131047,0.9942528735632183
6174,112612.79999999999,197327.52,42357.36,19416,20968.0,21.46551074072182,1.0799340749896993
6183,106669.92,163578.18,28454.129999999997,17808,17382.0,17.394820018171128,0.976078167115903
6184,242.64,159.68,-41.47999999999999,72,32.0,-25.976953907815627,0.4444444444444444
6186,10427.2,17224.56,3398.6800000000003,1330,1344.0,19.73159256317723,1.0105263157894737
6193,52576.02,84177.0,15800.490000000002,3974,4300.0,18.770554902170428,1.0820332159033719
6195,40783.68,62218.34,10717.329999999998,2142,2166.0,17.22535509626261,1.011204481792717
6198,16631.04,7556.219999999999,-4537.410000000001,852,378.0,-60.04867513121642,0.44366197183098594
6199,379.86,455.76,37.94999999999999,26,24.0,8.326750921537649,0.9230769230769231
6206,58562.04,95701.16,18569.56,7302,7484.0,19.403693748330742,1.0249246781703643
6212,772.8,928.14,77.67000000000002,240,186.0,8.36834960243067,0.775
6213,143370.2,206781.2,31705.5,26020,25880.0,15.332873588121162,0.994619523443505
6214,37010.08,56519.6,9754.759999999998,4076,4040.0,17.259074728058938,0.9911678115799804
6215,236.16,189.62,-23.269999999999996,72,38.0,-12.271912245543716,0.5277777777777778
6216,70956.0,103598.34,16321.169999999998,13140,12966.0,15.754277529929533,0.9867579908675799
6220,1733.22,2339.82,303.30000000000007,18,18.0,12.962535579659976,1.0
6224,66672.31999999999,103774.92,18551.300000000003,5456,6108.0,17.87647728372135,1.1195014662756597
6225,52394.36,67383.12000000001,7494.380000000005,17582,16888.0,11.122043621607316,0.9605278125355478
6226,50346.4,78928.08,14290.84,9776,9792.0,18.106154362300465,1.0016366612111294
6227,39391.380000000005,47008.24,3808.4299999999967,2142,1976.0,8.101622183685237,0.9225023342670402
6231,265602.74,421040.89999999997,77719.07999999999,25862,24974.0,18.458795808198207,0.9656639084370892
6232,98944.40000000001,74854.22,-12045.090000000004,940,578.0,-16.09139738547807,0.6148936170212767
6234,102386.08,185955.58,41784.74999999999,22552,20142.0,22.470285645636444,0.8931358637814828
6236,17003.8,30064.14,6530.17,2620,2786.0,21.720794275173013,1.0633587786259542
6240,13485.759999999998,23624.98,5069.610000000001,2516,2702.0,21.458684832749068,1.073926868044515
6241,10351.800000000001,14831.24,2239.7199999999993,2556,2476.0,15.101367114280393,0.9687010954616588
6242,825.36,0.0,-412.68,24,0.0,-inf,0.0
6245,9960.119999999999,14308.98,2174.4300000000003,1314,1302.0,15.19626136873488,0.9908675799086758
6249,141104.32,221473.26,40184.47,17998,17578.0,18.144163317955407,0.9766640737859762
6254,14145.419999999998,18455.5,2155.040000000001,862,850.0,11.676952669935796,0.9860788863109049
6256,121253.59999999999,223942.14,51344.27000000001,23318,23474.0,22.927471354877653,1.0066901106441375
6257,5107.48,7884.74,1388.63,518,526.0,17.611614333510047,1.0154440154440154
6258,3207.6,4700.08,746.24,396,392.0,15.877176558696874,0.98989898989899
6260,11135.279999999999,2959.1,-4088.0899999999992,516,90.0,-138.15315467540805,0.1744186046511628
6264,271181.06,408344.16,68581.54999999999,56614,54984.0,16.795036324261375,0.9712085349913449
6265,1050.9,1656.68,302.89,310,332.0,18.28295144505879,1.070967741935484
6266,31918.48,49544.4,8812.960000000001,6308,6360.0,17.78800429513729,1.0082435003170578
6267,45116.4,70198.06,12540.829999999998,3668,3994.0,17.86492390245542,1.088876772082879
6269,59939.94,103822.56,21941.309999999998,11162,11080.0,21.133470413366805,0.9926536462999462
6270,7835.52,16008.300000000001,4086.3900000000003,10176,16170.0,25.526695526695526,1.5890330188679245
6273,67048.08,115703.7,24327.809999999998,14388,14430.0,21.025956819012702,1.0029190992493744
6278,111891.0,156316.22,22212.61,14820,13962.0,14.210048067948419,0.9421052631578948
6280,10982.660000000002,19850.36,4433.849999999999,1594,1564.0,22.33637072577021,0.9811794228356336
6281,332003.84,504814.0,86405.07999999999,37054,37000.0,17.116221023981108,0.9985426674583041
6285,66186.76,104536.84,19175.04,9998,10316.0,18.342854059870188,1.0318063612722546
6288,132349.36000000002,206106.1,36878.369999999995,13156,13190.0,17.89290564422887,1.0025843721495895
6293,76380.84,122999.3,23309.230000000003,12924,12570.0,18.950701345454814,0.9726090993500465
6295,82.08,119.76,18.840000000000003,24,24.0,15.731462925851705,1.0
6296,27575.76,40975.4,6699.8200000000015,5164,5260.0,16.35083489117861,1.0185902401239348
6312,50301.0,74866.12,12282.559999999998,7452,7388.0,16.406032528465477,0.991411701556629
6314,25836.12,39255.26,6709.5700000000015,3338,3274.0,17.092155293328844,0.9808268424206111
6319,122183.04,203477.96,40647.46,18182,17828.0,19.976345349638848,0.980530194698053
6322,24577.920000000002,37944.04,6683.0599999999995,3012,2996.0,17.612937367765795,0.9946879150066401
6329,83972.8,136839.0,26433.1,13544,13500.0,19.31693449966749,0.996751329001772
6342,281.88,0.0,-140.94,58,0.0,-inf,0.0
6343,1403.52,2145.7000000000003,371.09000000000015,408,430.0,17.294589178356716,1.053921568627451
6344,8407.4,14550.34,3071.4700000000003,1270,1366.0,21.1092661752234,1.0755905511811024
6346,23995.44,11873.039999999999,-6061.2,1656,696.0,-51.050110165551544,0.42028985507246375
6349,510698.26,766691.16,127996.45000000001,110302,109684.0,16.694655772475585,0.9943972004134105
6351,275519.92,416117.69999999995,70298.88999999998,24644,23430.0,16.893991772039495,0.9507385164745983
6355,540.96,459.08000000000004,-40.94,168,92.0,-8.917835671342685,0.5476190476190477
6356,52972.560000000005,78772.48,12899.959999999995,10266,10112.0,16.376226824393488,0.9849990259107734
6357,18528.8,27448.38,4459.790000000001,2014,1962.0,16.247916999108874,0.974180734856008
6358,35414.1,55674.84,10130.369999999999,4142,4116.0,18.19559786790586,0.993722839208112
6359,2079.48,3658.7799999999997,789.6499999999999,124,122.0,21.58233072226261,0.9838709677419355
6360,49318.76,74119.02,12400.130000000001,5326,5298.0,16.73002422320209,0.994742771310552
6361,24418.8,36098.82,5840.01,4522,4518.0,16.177841824192594,0.9991154356479434
6362,29190.219999999998,42011.42,6410.6,5518,5258.0,15.259184288462519,0.9528814787966654
6365,891.5999999999999,669.4,-111.09999999999997,120,60.0,-16.596952494771433,0.5
6366,322.08,3282.5,1480.21,24,150.0,45.093983244478295,6.25
6368,29851.64,42265.44,6206.9000000000015,7228,7056.0,14.685520841614332,0.9762036524626453
6375,13242.72,19225.98,2991.63,3522,3502.0,15.56035114985036,0.9943214082907439
6378,17331.16,27583.96,5126.4,2618,2604.0,18.584713724932893,0.9946524064171123
6383,759.24,1506.98,373.87,228,302.0,24.809221091189002,1.3245614035087718
6385,146984.32,225716.08,39365.87999999999,21364,20192.0,17.440441106366897,0.945141359296012
6389,566.4,699.0,66.30000000000001,120,100.0,9.484978540772532,0.8333333333333334
6390,69637.56,56423.4,-6607.079999999998,2194,1660.0,-11.709822520443643,0.7566089334548769
6394,6087.240000000001,8366.02,1139.3899999999999,666,598.0,13.619259815300463,0.8978978978978979
6395,465.76,608.78,71.50999999999999,142,122.0,11.746443707086303,0.8591549295774648
6396,81858.56,123736.36,20938.9,15988,15884.0,16.92218843353724,0.9934951213410057
6398,48521.1,79542.78,15510.84,8210,8922.0,19.499997359911234,1.0867235079171742
6402,143360.8,211843.0,34241.100000000006,4840,4700.0,16.16343235320497,0.9710743801652892
6411,29709.039999999997,16500.56,-6604.239999999998,872,344.0,-40.024338567903136,0.3944954128440367
6416,617.4,1119.4399999999998,251.01999999999992,42,56.0,22.423711855927962,1.3333333333333333
6420,190488.36,342378.7,75945.17000000001,59902,59074.0,22.181628121141888,0.9861774231244366
6426,9824.56,14554.16,2364.8,1082,984.0,16.248275407168812,0.9094269870609981
6427,82.08,119.76,18.840000000000003,24,24.0,15.731462925851705,1.0
6429,46956.799999999996,66284.08,9663.640000000003,8096,6992.0,14.579126692261553,0.8636363636363636
6431,543.8399999999999,783.38,119.77000000000004,264,262.0,15.28887640736297,0.9924242424242424
6432,5989.12,15857.82,4934.35,9358,16018.0,31.11619377695043,1.7116905321649925
6433,52092.700000000004,74946.36,11426.829999999998,1334,1364.0,15.246677757265326,1.0224887556221889
6434,517.44,467.47999999999996,-24.980000000000047,84,52.0,-5.343544108838891,0.6190476190476191
6438,31678.359999999997,56560.64,12441.140000000001,9838,9736.0,21.99610895491989,0.9896320390323237
6445,181.92,263.76,40.92,24,24.0,15.514103730664242,1.0
6446,9427.6,15185.0,2878.7,962,900.0,18.957523872242344,0.9355509355509356
6448,69815.34,116343.72,23264.190000000002,11578,11528.0,19.996085736299303,0.9956814648471238
6450,27.2,39.98,6.389999999999999,2,2.0,15.982991495747873,1.0
6451,209023.92,367498.64,79237.36,34664,39712.0,21.561266185910238,1.1456265866605124
6455,75223.68,187917.62,56346.97,12352,15414.0,29.98493169506936,1.2478950777202074
6456,3175.8,4169.04,496.6199999999999,790,696.0,11.912094870761612,0.8810126582278481
6457,680.64,829.26,74.31,96,74.0,8.961001374719629,0.7708333333333334
6459,151804.8,215162.22,31678.710000000006,20160,19578.0,14.723174914257719,0.9711309523809524
6460,27427.12,43356.88,7964.879999999999,5762,5912.0,18.37051005515157,1.026032627559875
6461,798.7,6317.64,2759.4700000000003,70,436.0,43.678810441873864,6.228571428571429
6465,8161.92,9511.92,675.0,11336,9608.0,7.096359094693816,0.8475652787579393
6472,2395.6400000000003,3207.96,406.15999999999985,884,804.0,12.661005748201346,0.9095022624434389
6477,43118.4,48011.94,2446.7700000000004,5528,4806.0,5.096169827755347,0.8693921852387844
6478,26299.84,64099.1,18899.629999999997,5572,6690.0,29.485016170273838,1.200646087580761
6479,736241.1,1134904.94,199331.91999999998,123738,122506.0,17.5637547229286,0.9900434789636167
6481,20948.84,29137.54,4094.3500000000004,2068,1846.0,14.051803961487483,0.8926499032882012
6483,6809.04,10026.22,1608.5899999999997,1158,1078.0,16.043833069691267,0.9309153713298791
6486,256.8,159.68,-48.56,120,32.0,-30.410821643286575,0.26666666666666666
6495,95146.68000000001,108263.86,6558.5899999999965,8634,7814.0,6.0579680052050575,0.9050266388695853
6498,148168.44,253041.06,52436.31,15228,15294.0,20.722451131053592,1.004334121355398
6499,172752.32,245068.27999999997,36157.97999999998,13624,13972.0,14.754247265292753,1.0255431591309454
6505,573.12,1890.28,658.5799999999999,72,172.0,34.84034111348583,2.388888888888889
6506,10760.039999999999,9651.880000000001,-554.079999999999,324,212.0,-5.740643273642015,0.654320987654321
6510,26031.96,6466.04,-9782.96,1002,196.0,-151.29754842221823,0.19560878243512975
6520,799.8,4031.28,1615.7400000000002,20,72.0,40.08007382270644,3.6
6523,89996.76000000001,146826.7,28414.97,8946,8930.0,19.352726717960696,0.9982114911692377
6524,131679.98,224143.8,46231.90999999999,28814,29020.0,20.62600437754691,1.0071493024224336
6525,3998.4,14156.460000000001,5079.030000000001,136,354.0,35.87782538855053,2.6029411764705883
6526,114761.26,176896.34,31067.54,21694,21166.0,17.562567998863063,0.9756614732184014
6527,258.48,153.72,-52.38000000000001,72,28.0,-34.07494145199064,0.3888888888888889
6529,104589.38,149897.16,22653.89,4514,4284.0,15.112954775127161,0.9490474080638015
6530,30977.96,50360.96,9691.5,5812,6104.0,19.244073186849498,1.0502408809359944
6532,408.72,2099.7,845.4899999999999,8,30.0,40.267181025860836,3.75
6535,56148.96000000001,94396.58,19123.809999999998,7864,7742.0,20.25900726488184,0.9844862665310274
6542,52926.86,114757.24,30915.190000000002,14266,16176.0,26.93964232670636,1.1338847609701388
6543,560.64,647.28,43.31999999999999,96,72.0,6.692621431219874,0.75
6545,759.04,3379.7400000000002,1310.3500000000001,8,26.0,38.77073384343174,3.25
6547,7112.799999999999,10865.5,1876.3500000000004,1046,1050.0,17.268878560581662,1.0038240917782026
6552,112227.78,184563.72,36167.97,8022,8028.0,19.596467821519852,1.0007479431563202
6553,78406.2,137537.44,29565.620000000003,10130,9856.0,21.496415812305365,0.9729516288252714
6560,147837.44,144150.0,-1843.7200000000012,10744,7800.0,-1.2790287894554293,0.7259865971705137
6563,20275.64,34551.54,7137.950000000001,4466,4446.0,20.658847623000305,0.9955217196596506
6565,457396.39999999997,705158.62,123881.11000000002,76360,75538.0,17.567836013973707,0.9892352016762703
6566,20521.76,38980.98,9229.610000000002,3514,3902.0,23.677213861734625,1.1104154809334092
6567,161323.19999999998,254425.8,46551.3,26360,26820.0,18.296611428557956,1.0174506828528074
6568,3548.44,5618.74,1035.1499999999999,1102,1126.0,18.423169607420878,1.0217785843920144
6569,160744.32,246940.97999999998,43098.32999999999,12384,12102.0,17.452886920591304,0.9772286821705426
6570,2920144.7199999997,4652015.56,865935.4199999999,431336,428476.0,18.61419870229325,0.9933694382105829
6572,110544.0,164616.47999999998,27036.23999999999,9400,9352.0,16.423774824974995,0.9948936170212765
6574,243176.58000000002,405146.76,80985.09,24342,24324.0,19.989075069982047,0.9992605373428641
6575,395076.0,629055.54,116989.77000000002,67650,63446.0,18.59768534905519,0.9378566149297857
6579,637536.0,1211934.76,287199.38,109920,112314.0,23.697594085014938,1.0217794759825327
6581,127473.48,220578.3,46552.409999999996,16218,16482.0,21.104709756127416,1.0162782093969662
6584,46704.6,76064.38,14679.890000000003,5766,5962.0,19.299296201454613,1.033992369060007
6585,23566.399999999998,38080.340000000004,7256.970000000003,4576,4766.0,19.056998965870584,1.041520979020979
6586,78564.20000000001,126241.32,23838.559999999998,11726,11668.0,18.883325998175554,0.9950537267610439
6588,401.73999999999995,450.18,24.220000000000027,106,82.0,5.3800701941445706,0.7735849056603774
6590,121382.8,193784.08,36200.63999999999,12386,12392.0,18.68091537756868,1.0004844178911674
6592,5812.92,9871.02,2029.0500000000002,964,1098.0,20.555626470212808,1.1390041493775933
6593,48639.36,68315.4,9838.019999999997,6204,6080.0,14.400881792392342,0.9800128949065119
6595,566164.48,1004396.92,219116.22000000003,126376,124736.0,21.815700111864146,0.9870228524403367
6596,57312.0,100684.86,21686.43,9600,9314.0,21.538918562334,0.9702083333333333
6598,11812.8,883.7199999999999,-5464.54,480,28.0,-618.3564930068349,0.058333333333333334
6599,161042.36,325406.24,82181.94,27862,27676.0,25.255182568103184,0.9933242409015864
6600,67929.12,47443.399999999994,-10242.86,1172,660.0,-21.589641551828077,0.5631399317406144
6608,55782.56,71761.78,7989.610000000001,886,822.0,11.133517033719064,0.927765237020316
6616,69.24,87.96,9.36,4,4.0,10.641200545702592,1.0
6624,12648.02,32504.100000000002,9928.04,382,790.0,30.543962146313852,2.068062827225131
6635,12374.28,19087.14,3356.4299999999994,1858,1886.0,17.584771736362807,1.0150699677072121
6638,79267.31999999999,118452.59999999999,19592.64,4884,4740.0,16.540489613566947,0.9705159705159705
6646,18061.920000000002,24345.179999999997,3141.6299999999974,1332,1282.0,12.904525659699365,0.9624624624624625
6647,179849.58000000002,327068.06,73609.23999999999,36042,37694.0,22.50578671607371,1.0458354142389434
6648,16974.399999999998,28668.44,5847.02,3296,3556.0,20.395319731384063,1.078883495145631
6649,209168.86,322267.62,56549.380000000005,26578,25638.0,17.5473353481805,0.9646324027391076
6650,381560.76,682005.26,150222.25,51702,52274.0,22.02655299168807,1.011063401802638
6651,97203.62000000001,156844.48,29820.43,12478,12552.0,19.012737968209017,1.0059304375701235
6654,2196672.0,3169330.82,486329.4099999999,80760,77012.0,15.344861032840996,0.9535908865775137
6655,46146.86,67747.08,10800.11,9634,9692.0,15.941808857296877,1.0060203446128295
6658,79768.96,85165.28,2698.159999999996,7232,7672.0,3.1681455165767036,1.0608407079646018
6659,23454.9,37251.16,6898.130000000001,3942,4084.0,18.517893134066163,1.0360223236935566
6660,153906.22,224310.36000000002,35202.07000000001,14986,14964.0,15.693465963854724,0.9985319631656212
6670,89066.48,130277.74,20605.630000000005,12302,12226.0,15.816692859424798,0.9938221427410178
6681,132427.26,204058.94,35815.84,8334,8506.0,17.551713245202585,1.0206383489320854
6682,1224656.82,2032657.22,404000.19999999995,203094,202678.0,19.875471182494802,0.9979516873959842
6686,241.23999999999998,239.52,-0.8599999999999852,74,48.0,-0.3590514362057386,0.6486486486486487
6687,40823.48,37353.46,-1735.010000000002,4058,2654.0,-4.644844145629353,0.6540167570231641
6688,310439.92,502554.04,96057.06,53432,52388.0,19.11377729646746,0.9804611468782752
6692,89431.84,156268.06,33418.11,13388,13610.0,21.38511862244914,1.016582013743651
6694,32001.54,50682.22,9340.34,6166,6178.0,18.42922429206929,1.001946156341226
6698,7097.86,16680.36,4791.25,242,364.0,28.723900443395706,1.5041322314049588
6717,31407.000000000004,32599.6,596.2999999999975,1900,1640.0,1.8291635480189865,0.8631578947368421
6721,22491.3,37518.32,7513.51,2054,2168.0,20.026243179332123,1.0555014605647517
6724,17427.32,30113.04,6342.860000000001,3764,3896.0,21.063499400923984,1.0350690754516472
6725,385286.0,624027.88,119370.94,45650,45612.0,19.129103654791834,0.9991675794085433
6727,162279.04,275069.62,56395.28999999999,15664,15178.0,20.502187773408053,0.968973442288049
6734,19924.3,31105.24,5590.470000000001,3070,3076.0,17.97275957362811,1.0019543973941367
6735,46075.68,70881.9,12403.109999999997,7056,7010.0,17.498275300182414,0.9934807256235828
6738,6899.88,8757.54,928.8300000000004,8846,8846.0,10.606060606060609,1.0
6742,113609.04,123055.43999999999,4723.199999999997,9096,6656.0,3.8382699700232656,0.731750219876869
6743,10239.04,17763.64,3762.2999999999993,1568,1536.0,21.17978072061807,0.9795918367346939
6748,31462.32,50280.06,9408.869999999999,8088,8394.0,18.71292516357379,1.0378338278931751
6754,3785.44,5632.86,923.7099999999998,802,714.0,16.398596805175345,0.8902743142144638
6755,57614.479999999996,82864.72,12625.120000000003,5572,5528.0,15.235820503587055,0.9921033740129217
6762,5772.8,9655.779999999999,1941.4899999999993,1280,1222.0,20.107023979419576,0.9546875
6764,14279.199999999999,18061.96,1891.38,1040,1004.0,10.47162102008863,0.9653846153846154
6768,2609.36,4228.94,809.7899999999997,676,706.0,19.14877014098095,1.044378698224852
6774,1959.02,3598.56,819.77,98,144.0,22.780501089324616,1.469387755102041
6782,31497.600000000002,48657.54,8579.97,3264,3246.0,17.633382205512238,0.9944852941176471
6783,17162.24,29006.7,5922.23,2048,2130.0,20.416765781698707,1.0400390625
6784,542.16,531.5600000000001,-5.2999999999999545,72,44.0,-0.9970652419294066,0.6111111111111112
6798,472.26,547.3,37.51999999999998,102,70.0,6.855472318655213,0.6862745098039216
6814,24554.399999999998,13367.939999999999,-5593.23,1560,806.0,-41.84062765093201,0.5166666666666667
6824,329667.0,433630.42,51981.70999999999,32100,29158.0,11.987560743547466,0.9083489096573208
6828,55303.479999999996,89778.3,17237.410000000003,8354,8570.0,19.199973713024196,1.0258558774239885
6829,417.59999999999997,521.42,51.91,72,58.0,9.955506117908786,0.8055555555555556
6842,901.44,1019.32,58.94,96,68.0,5.78228623003571,0.7083333333333334
6846,17211.6,8006.68,-4602.459999999999,1260,532.0,-57.48275190216168,0.4222222222222222
6854,144547.6,220712.76,38082.58,14660,14724.0,17.254362638571507,1.0043656207366984
6855,245713.44,350384.72,52335.639999999985,16176,17528.0,14.936621665465315,1.0835806132542039
6857,148910.1,267786.48,59438.18999999999,27730,27784.0,22.1961131122079,1.0019473494410387
6859,52002.72,89783.24,18890.260000000002,11088,9376.0,21.039851090248025,0.8455988455988456
6861,97781.88,141891.12,22054.619999999995,23676,23688.0,15.54334055577262,1.0005068423720223
6862,14013.48,16010.279999999999,998.3999999999996,676,572.0,6.235993374257038,0.8461538461538461
6863,5060.759999999999,8723.56,1831.4,724,724.0,20.99372274621829,1.0
6864,135358.66,254046.58,59343.95999999999,24566,24310.0,23.359479981978108,0.9895790930554424
6867,123807.31999999999,191423.56,33808.12,9718,10044.0,17.661420569129525,1.0335459971187486
6869,65470.399999999994,99753.06,17141.33,9628,8894.0,17.183763585798772,0.923764021603656
6872,158.88,411.64,126.38,24,36.0,30.701583908269363,1.5
6873,114908.0,182051.8,33571.899999999994,12490,12420.0,18.440850351383506,0.9943955164131305
6876,153670.76,228997.7,37663.47,38708,38230.0,16.447095320171336,0.9876511315490338
6877,298.32,2506.68,1104.1799999999998,22,132.0,44.049499736703524,6.0
6879,15297.28,40293.0,12497.86,20672,40700.0,31.01744719926538,1.9688467492260062
6881,93000.6,105469.78,6234.5899999999965,6710,8622.0,5.911257234062683,1.2849478390461997
6891,2038.32,2824.34,393.0100000000001,596,566.0,13.915109370684837,0.9496644295302014
6892,1057.68,1596.8,269.55999999999995,312,320.0,16.881262525050097,1.0256410256410255
6896,40763.6,107809.18,33522.78999999999,4036,5858.0,31.09455985102567,1.4514370664023786
6904,70600.31999999999,12298.359999999999,-29150.979999999996,1224,164.0,-237.03144159058604,0.13398692810457516
6916,22.2,749.5,363.65,2,50.0,48.51901267511674,25.0
6918,248959.19999999998,380698.68,65869.74,22736,22932.0,17.302329495862715,1.0086206896551724
6919,1266.3,1881.6,307.65,270,240.0,16.350446428571427,0.8888888888888888
6929,12396.900000000001,20413.46,4008.279999999999,930,1254.0,19.63547580860863,1.3483870967741935
6932,19471.2,29854.16,5191.48,4880,4984.0,17.389469340286244,1.021311475409836
6933,201279.16,334096.54,66408.68999999999,38266,37522.0,19.87709600344858,0.9805571525636335
6935,824.22,925.1800000000001,50.48000000000002,114,82.0,5.456235543353728,0.7192982456140351
6937,1198152.0,1890690.04,346269.02,177504,175948.0,18.314425562849003,0.9912340003605552
6938,179692.66,301041.62,60674.479999999996,38314,37638.0,20.15484769182414,0.9823563188390667
6940,157.68,0.0,-78.84,24,0.0,-inf,0.0
6941,781.2,1292.7,255.75,126,130.0,19.784172661870503,1.0317460317460319
6942,3043.68,16096.0,6526.16,408,1400.0,40.54522862823062,3.4313725490196076
6946,42458.56,81460.64,19501.04,8864,8936.0,23.939217762099588,1.0081227436823104
6950,92527.68000000001,131936.58,19704.44999999999,3934,3942.0,14.934789123683508,1.0020335536349771
6952,15368.599999999999,14748.619999999999,-309.9899999999998,1196,738.0,-2.101823763850447,0.617056856187291
6957,64.56,531.62,233.53,6,38.0,43.92799367969602,6.333333333333333
6958,75014.42,114126.94,19556.260000000002,14074,14206.0,17.13553346825912,1.0093789967315618
6960,189060.0,295918.64,53429.32000000001,41100,39936.0,18.05540874343029,0.9716788321167883
6967,1099991.46,1846110.5,373059.52,92514,93022.0,20.207865130500043,1.0054910608124177
6968,2549.26,3657.56,554.1499999999999,262,244.0,15.150810923129077,0.9312977099236641
6974,77434.23999999999,125969.6,24267.680000000008,8528,8040.0,19.26471148594582,0.9427767354596623
6975,55631.06,82426.04000000001,13397.490000000005,11614,11726.0,16.253953240990352,1.0096435336662648
6976,217599.19999999998,334622.18,58511.490000000005,17080,16982.0,17.485837310605053,0.9942622950819672
6980,57822.32,90354.79999999999,16266.239999999994,4142,4520.0,18.00262963340077,1.0912602607436022
6981,881.28,1276.58,197.64999999999998,144,142.0,15.482774287549544,0.9861111111111112
6983,389947.04,816295.94,213174.44999999998,47152,51406.0,26.114848739784254,1.0902188666440449
6984,113611.36,201387.34,43887.99,10366,11466.0,21.792824712814618,1.1061161489484854
6987,12462.0,22653.74,5095.870000000001,1860,2226.0,22.494607954359854,1.196774193548387
6990,11442.019999999999,22951.76,5754.87,922,1424.0,25.073763406379296,1.5444685466377441
6995,59625.92,87654.6,14014.340000000004,12448,12540.0,15.988139812400037,1.0073907455012854
7017,30759.18,41541.02,5390.919999999998,1202,1298.0,12.977341432636944,1.0798668885191347
7032,440.88,599.76,79.44,24,24.0,13.245298119247698,1.0
7070,51724.200000000004,43612.62,-4055.790000000001,5532,4138.0,-9.29957888335991,0.7480115690527838
7077,76076.44,89294.04,6608.799999999996,102806,90196.0,7.401165856086248,0.8773417893897243
7111,66058.72,63239.799999999996,-1409.4600000000028,1352,1020.0,-2.228754676643511,0.7544378698224852
7127,20464.48,39571.62,9553.570000000002,664,838.0,24.142478877539006,1.2620481927710843
7130,134509.44,118085.49999999999,-8211.970000000008,7608,6050.0,-6.954257720041842,0.7952155625657203
7143,212211.0,200134.43999999997,-6038.280000000013,11628,10156.0,-3.0171118973825863,0.8734090127278982
7159,120369.44,187392.32,33511.44,25502,25368.0,17.883038109566073,0.9947455101560662
7162,247.2,63.92,-91.63999999999999,48,8.0,-143.36670838548181,0.16666666666666666
7193,160.38,2343.96,1091.79,18,204.0,46.57886653355859,11.333333333333334
7195,836.16,1103.76,133.8,24,24.0,12.122200478364862,1.0
7198,115958.0,141677.5,12859.75,15670,13650.0,9.07677648179845,0.8710912571793236
7202,3381.98,13124.12,4871.070000000001,406,1188.0,37.11540278510102,2.9261083743842367
7205,106.92,2229.06,1061.07,12,194.0,47.60167963177303,16.166666666666668
7211,3430.7,12908.34,4738.82,406,1166.0,36.71130447447154,2.87192118226601
7215,3350.68,4971.7,810.51,844,830.0,16.30247199147173,0.9834123222748815
7219,2863.2400000000002,31917.06,14526.91,94,694.0,45.51456180487802,7.382978723404255
7221,200312.0,305825.46,52756.73000000001,29200,29154.0,17.25060104544599,0.9984246575342466
7222,352.79999999999995,569.24,108.22000000000003,72,76.0,19.01131333005411,1.0555555555555556
7224,58645.4,119075.34,30214.969999999998,5060,9466.0,25.37466615673741,1.8707509881422926
7230,493.92,545.58,25.830000000000013,72,42.0,4.734411085450349,0.5833333333333334
7241,1282.16,7577.54,3147.69,62,246.0,41.539734531259484,3.967741935483871
7254,125574.07999999999,186151.02,30288.47,23428,23298.0,16.270912724517977,0.9944510841727847
7261,37255.2,56382.3,9563.550000000003,10320,10270.0,16.961972108268025,0.9951550387596899
7262,55989.64,85633.02,14821.690000000002,15596,15598.0,17.308381743397582,1.000128238009746
7265,34861.200000000004,52912.54,9025.669999999998,3336,3146.0,17.05771448507291,0.9430455635491607
7266,36560.0,56524.92,9982.46,4000,3708.0,17.66028151831086,0.927
7269,16820.48,24353.52,3766.5200000000004,3092,3048.0,15.466018875300163,0.9857697283311773
7272,11766.720000000001,10506.16,-630.2800000000007,824,584.0,-5.999147166995368,0.7087378640776699
7278,1384.0,8289.68,3452.84,50,232.0,41.65227125775664,4.64
7279,62014.22,113916.26,25951.019999999997,13394,13574.0,22.78078651809671,1.0134388532178586
7282,42154.56,65609.68000000001,11727.560000000005,6888,6832.0,17.874740434643186,0.991869918699187
7284,11617.76,17375.86,2879.05,1886,1814.0,16.569251824082375,0.9618239660657476
7293,95765.28,132384.4,18309.559999999998,16068,15760.0,13.830602397261307,0.9808314662683595
7300,799.2,1139.24,170.01999999999998,72,76.0,14.923984410659735,1.0555555555555556
7302,176896.68000000002,294824.3,58963.80999999998,27554,26170.0,19.999643855679462,0.9497713580605357
7316,24.04,127.92,51.94,2,8.0,40.60350218886804,4.0
7320,126168.59999999999,174312.3,24071.85,9580,9570.0,13.809610681518173,0.9989561586638831
7321,408.64,1221.18,406.27000000000004,32,82.0,33.26864180546685,2.5625
7327,15062.4,7773.12,-3644.64,720,288.0,-46.88773619859207,0.4
7328,797.6800000000001,1065.18,133.75,118,82.0,12.5565632099739,0.6949152542372882
7340,76602.87999999999,114623.63999999998,19010.379999999997,5204,6036.0,16.585043015559442,1.1598770176787088
7341,164178.0,210897.72,23359.86,218904,213028.0,11.07639286000816,0.9731571830574133
7344,727.5600000000001,6396.18,2834.31,94,582.0,44.31254279898314,6.191489361702128
7345,362920.5,581589.0,109334.25,53766,52700.0,18.799229352687206,0.9801733437488376
7353,61157.76,92099.43999999999,15470.839999999993,5088,4856.0,16.797974015911493,0.9544025157232704
7358,39647.659999999996,59552.63999999999,9952.489999999998,2798,3136.0,16.712088666430237,1.1208005718370264
7361,2889.6,4265.0,687.7,336,300.0,16.124267291910904,0.8928571428571429
7363,26171.600000000002,24267.859999999997,-951.8700000000026,1820,1214.0,-3.922348324079679,0.667032967032967
7371,11980.92,20588.62,4303.849999999999,1678,1738.0,20.904023679100394,1.035756853396901
7374,108209.64,128428.22,10109.29,15774,12378.0,7.871548792002257,0.7847090148345378
7375,762.24,1090.18,163.97000000000003,192,182.0,15.040635491386745,0.9479166666666666
7383,27753.6,31744.12,1995.2600000000002,1888,1588.0,6.285447509649032,0.8411016949152542
7393,38925.48,30131.58,-4396.950000000001,3188,2442.0,-14.592497306812321,0.7659974905897114
7404,6862.24,9802.98,1470.37,8912,9902.0,14.99921452456294,1.1110861759425494
7412,158.4,139.72,-9.340000000000003,48,28.0,-6.684798167764103,0.5833333333333334
7413,21040.26,35055.12,7007.430000000002,4054,4088.0,19.989747574676684,1.00838677849038
7423,53201.22,78386.58,12592.68,9726,9142.0,16.064841711425604,0.9399547604359448
7424,589.92,1920.76,665.4200000000001,48,124.0,34.64357858347738,2.5833333333333335
7430,3204.54,3740.88,268.1700000000001,342,312.0,7.1686341181754045,0.9122807017543859
7433,845.74,1007.16,80.70999999999998,98,84.0,8.013622463163745,0.8571428571428571
7436,1184.96,99.98,-542.49,32,2.0,-542.5985197039407,0.0625
7439,262.36,95.92,-83.22,28,8.0,-86.75979983319434,0.2857142857142857
7450,222.96,287.76,32.39999999999999,24,24.0,11.259382819015844,1.0
7458,1466.08,1486.76,10.340000000000032,154,124.0,0.6954720331459033,0.8051948051948052
7473,14935.76,9972.56,-2481.6000000000004,716,344.0,-24.884282471100704,0.48044692737430167
7485,12990.300000000001,17986.920000000002,2498.3100000000004,4558,4508.0,13.889593104322476,0.9890302764370338
7489,29823.0,33075.9,1626.4500000000007,39764,33410.0,4.917326512657254,0.8402072226134192
7535,133954.80000000002,181305.32,23675.259999999995,30170,30268.0,13.058226862841089,1.0032482598607888
7537,53853.6,93960.54,20053.469999999998,760,1146.0,21.342438006422697,1.5078947368421052
7590,106.16,9392.8,4643.32,8,520.0,49.43488629588621,65.0
7629,6653.360000000001,18309.36,5828.0,436,1064.0,31.83071390807762,2.4403669724770642
7680,52624.32,41153.92,-5735.200000000001,2674,2208.0,-13.935974993390667,0.8257292445774121
7700,221.28,95.92,-62.68,24,8.0,-65.34612176814012,0.3333333333333333
7715,279328.0,488007.7,104339.85,92800,91130.0,21.380779442619453,0.9820043103448276
7716,182905.4,280479.58,48787.09000000001,48260,47942.0,17.394168231427045,0.993410692084542
7718,66850.87999999999,104382.88,18766.000000000007,18166,17812.0,17.97804390911614,0.9805130463503248
7725,56220.340000000004,88731.18,16255.419999999995,9262,8882.0,18.319851037707373,0.9589721442453034
7728,54836.380000000005,85814.1,15488.86,9034,8590.0,18.04931823558133,0.9508523356209874
7740,33620.0,46997.54,6688.77,8200,7846.0,14.232170449772477,0.9568292682926829
7750,2132.16,1847.34,-142.40999999999997,96,66.0,-7.708922017603688,0.6875
7770,433.79999999999995,351.68,-41.059999999999974,60,32.0,-11.675386715195625,0.5333333333333333
7780,1659.84,5058.9,1699.5299999999997,48,110.0,33.59485263594853,2.2916666666666665
7788,24898.88,43956.88,9528.999999999998,3128,3112.0,21.678062683247763,0.9948849104859335
7792,6036.24,7634.34,799.0500000000002,168,166.0,10.466523628761625,0.9880952380952381
7818,19826.24,30721.68,5447.719999999999,5344,5232.0,17.732493795912198,0.9790419161676647
7828,5086.4400000000005,10819.300000000001,2866.4300000000003,796,1470.0,26.4936733430074,1.8467336683417086
7830,425.4,527.52,51.06,60,48.0,9.679253867151957,0.8
7832,472.8,479.2,3.1999999999999886,120,80.0,0.6677796327211997,0.6666666666666666
7838,2247.7000000000003,3507.66,629.9799999999998,266,234.0,17.96012156252316,0.8796992481203008
7849,97094.4,106426.74,4666.1700000000055,12448,11726.0,4.384396252295246,0.9419987146529563
7851,134.3,722.7,294.20000000000005,170,730.0,40.708454407084545,4.294117647058823
7860,45852.62,67363.54,10755.459999999995,11266,11246.0,15.966292745304056,0.9982247470264513
7865,1154778.72,1669784.2,257502.74,48176,46580.0,15.421318515290777,0.9668714712720027
7867,115630.08,128001.26,6185.5899999999965,15056,14074.0,4.832444618123287,0.9347768331562167
7868,82411.6,113256.02,15422.21,3580,3198.0,13.617121632916287,0.8932960893854749
7872,30243.0,96832.54000000001,33294.770000000004,1186,2146.0,34.38386517590058,1.809443507588533
7874,1388.52,2096.5,353.99,348,350.0,16.884808013355592,1.0057471264367817
7878,623376.0,942128.8,159376.40000000002,62400,62320.0,16.916625412576288,0.9987179487179487
7890,3864.54,6237.92,1186.69,174,208.0,19.023809218457437,1.1954022988505748
7891,56313.36,67754.1,5720.370000000003,1566,1590.0,8.442839621513683,1.0153256704980842
7902,8.64,312.84,152.1,12,316.0,48.619102416570776,26.333333333333332
7909,34368.0,38472.1,2052.0499999999993,800,790.0,5.333865320582967,0.9875
7917,101032.0,124083.52,11525.760000000002,14600,13648.0,9.28871134539059,0.9347945205479452
7931,95264.28,126071.5,15403.61,14724,13850.0,12.218153984048735,0.9406411301276827
7936,22810.88,19687.14,-1561.8700000000008,32128,19886.0,-7.933453005362896,0.6189616533864541
7948,20669.22,15638.04,-2515.59,28314,15796.0,-16.08635097493036,0.5578865578865578
7951,63351.600000000006,49093.0,-7129.300000000003,1240,700.0,-14.522029617257049,0.5645161290322581
7956,26817.34,21039.48,-2888.9300000000003,33946,21252.0,-13.730995252734385,0.626053143227479
7969,78922.2,132622.38,26850.090000000004,8740,8762.0,20.245519647588893,1.0025171624713958
7974,464.88,599.76,67.44,24,24.0,11.244497799119648,1.0
7977,124918.22,174721.44,24901.61,16678,16656.0,14.252177637730092,0.9986808969900468
7978,112614.5,207704.74,47545.119999999995,28510,28626.0,22.89072459299677,1.0040687478077868
7982,116762.0,215669.24,49453.619999999995,29560,29676.0,22.930307539452542,1.0039242219215156
7985,66707.31999999999,87212.7,10252.690000000002,8942,8730.0,11.755959854470738,0.9762916573473496
7986,85715.4,110138.59999999999,12211.599999999999,3830,3740.0,11.08748431521737,0.9765013054830287
7990,49320.96,63496.44,7087.740000000002,6422,6356.0,11.16242107431535,0.9897228277795079
7991,69084.08,94113.46,12514.690000000002,9542,9654.0,13.29744969529332,1.0117375812198701
7992,55488.9,61945.380000000005,3228.2400000000016,9998,8862.0,5.211429811230476,0.886377275455091
7993,66455.84,85263.78,9403.970000000001,13618,13522.0,11.029267058063812,0.9929505066823322
7994,94668.34,117747.6,11539.630000000005,11938,12040.0,9.800310154941592,1.008544144747864
7995,36372.6,41652.82,2640.1100000000006,7348,6418.0,6.338370367240442,0.8734349482852477
7996,48240.64,66603.84,9181.599999999999,10768,10616.0,13.785391352810889,0.9858841010401189
8000,1484871.28,1821377.7999999998,168253.2599999999,27518,26420.0,9.237691378471832,0.960098844392761
8008,1656.48,2637.36,490.44000000000005,232,264.0,18.5958685958686,1.1379310344827587
8010,1649.76,10338.12,4344.18,42,188.0,42.02098640758668,4.476190476190476
8011,12684.48,17402.579999999998,2359.0499999999993,1752,1742.0,13.555748630375493,0.9942922374429224
8012,179.04,199.8,10.38000000000001,24,20.0,5.1951951951952,0.8333333333333334
8015,32759.72,13231.84,-9763.94,2212,816.0,-73.79124898729127,0.3688969258589512
8016,155291.8,227573.44,36140.82000000001,32420,31456.0,15.880948145794168,0.9702652683528686
8017,2072.4,2637.6,282.5999999999999,264,240.0,10.714285714285712,0.9090909090909091
8018,182656.80000000002,283398.56,50370.87999999999,39708,39244.0,17.77386589402571,0.9883146972902186
8019,201.32,279.72,39.20000000000002,28,28.0,14.014014014014018,1.0
8021,508941.38,611546.48,51302.54999999999,16162,13952.0,8.388986230449728,0.8632594975869323
8023,319937.76,461634.62,70848.43,97542,98038.0,15.347295659931223,1.0050849890303664
8027,56113.1,69845.02,6865.960000000003,36202,35098.0,9.8302785223628,0.9695044472681067
8028,302.04,527.52,112.73999999999998,36,48.0,21.37170154686078,1.3333333333333333
8032,127481.36,185864.52,29191.579999999994,24236,23048.0,15.705837779044648,0.9509820102327117
8033,243744.8,311109.5,33682.350000000006,105976,104050.0,10.82652570879385,0.9818260738280365
8036,63463.979999999996,92850.56,14693.29,7674,7744.0,15.824664923937995,1.0091217096690122
8038,86.6,700.9200000000001,307.16,20,108.0,43.82240483935399,5.4
8040,164121.08000000002,239577.32,37728.119999999995,27308,26868.0,15.747784473087851,0.9838875054928958
8043,2395.92,3246.46,425.27,536,554.0,13.099499146762936,1.0335820895522387
8048,105474.23999999999,93712.68,-5880.779999999999,5088,3732.0,-6.2753300833995995,0.7334905660377359
8050,104101.04000000001,156338.8,26118.87999999999,8152,8920.0,16.706588511617074,1.0942100098135428
8053,138393.0,182502.54,22054.770000000004,184524,184346.0,12.084637287787887,0.9990353558344715
8057,64846.1,87144.06,11148.98,3530,3794.0,12.793734879921823,1.0747875354107648
8058,46.02,63.98,8.979999999999997,2,2.0,14.035636136292586,1.0
8059,38679.4,47551.92,4436.259999999998,1780,1608.0,9.329297323851483,0.903370786516854
8060,28.56,43.98,7.709999999999999,2,2.0,17.53069577080491,1.0
8063,54.059999999999995,1496.48,721.21,34,752.0,48.19376135999145,22.11764705882353
8064,139922.08,181437.3,20757.61,184108,183270.0,11.440651949736907,0.9954483238099376
8066,450102.64,571982.92,60940.140000000014,63128,62508.0,10.654188764937249,0.9901786845773666
8068,6836607.36,9076241.2,1119816.9199999995,374814,374280.0,12.33789291540643,0.9985752933454993
8070,2802.84,3839.88,518.52,12,12.0,13.503546985843307,1.0
8072,241503.36,347490.7,52993.67000000001,9664,8930.0,15.250385118220432,0.9240480132450332
8075,19291.5,28711.260000000002,4709.880000000001,2858,2874.0,16.404295736237284,1.0055983205038488
8076,560.64,591.68,15.519999999999982,48,32.0,2.62303948080043,0.6666666666666666
8077,28057.68,40998.96,6470.639999999999,4102,4104.0,15.782449115782448,1.000487567040468
8078,141347.92,208526.58,33589.32999999999,9688,9742.0,16.107936935425684,1.0055739058629232
8079,569.52,648.7,39.59000000000003,168,130.0,6.102975181131498,0.7738095238095238
8081,287.28000000000003,239.60000000000002,-23.840000000000003,72,40.0,-9.94991652754591,0.5555555555555556
8082,2792261.54,4136182.32,671960.3899999999,128498,130368.0,16.24590837668877,1.0145527556849134
8084,324.0,443.88,59.94,12,12.0,13.503649635036496,1.0
8085,298021.14,301444.9,1711.8800000000047,11646,9110.0,0.5678915118484354,0.7822428301562768
8090,3908.3999999999996,2219.2599999999998,-844.5699999999999,120,74.0,-38.0563791534115,0.6166666666666667
8092,90841.2,117545.7,13352.25,53436,51330.0,11.359199017913884,0.9605883673927689
8096,44869.44,53491.2,4310.879999999997,29136,26880.0,8.059045226130648,0.9225700164744646
8097,91737.92,125255.16,16758.620000000003,9718,9684.0,13.37958452170753,0.9965013377238114
8100,1323.42,11517.060000000001,5096.820000000001,46,294.0,44.25452328979792,6.391304347826087
8101,79618.14,107901.78,14141.82,54162,54222.0,13.106197135950861,1.0011077877478676
8102,294707.3,397699.68,51496.19,15802,15832.0,12.948511801669039,1.0018984938615365
8103,99200.64,125805.24,13302.300000000003,128832,127076.0,10.573724910027597,0.9863698460009935
8107,505994.24,646857.8200000001,70431.79000000004,18944,18218.0,10.888295359867495,0.9616765202702703
8108,27622.84,12607.66,-7507.59,658,234.0,-59.547846309307204,0.3556231003039514
8110,62359.36,85818.54000000001,11729.590000000004,9506,9546.0,13.667897403055335,1.0042078687144962
8111,519996.4,663179.22,71591.40999999997,675320,669878.0,10.795182937125197,0.9919415980572173
8112,2417981.44,3057460.54,319739.55000000005,123872,122646.0,10.45768361739838,0.9901026866442779
8113,50016.6,80367.31999999999,15175.359999999997,4506,4468.0,18.88250099667377,0.991566799822459
8114,4996.9800000000005,7670.4,1336.7099999999996,782,960.0,17.426861702127656,1.227621483375959
8118,101323.72,138560.38,18618.33,22318,22162.0,13.436979604126375,0.9930101263554082
8119,249.36,415.68,83.16,24,32.0,20.005773672055426,1.3333333333333333
8120,112515.36,142116.28,14800.46,15892,15972.0,10.414331137854155,1.0050339793606846
8122,913.6800000000001,593.82,-159.93,36,18.0,-26.932403758714763,0.5
8123,76505.48,137303.94,30399.230000000003,11716,12406.0,22.140100276801963,1.0588938204165244
8124,46642.5,77602.1,15479.800000000003,6910,6990.0,19.947656055699525,1.0115774240231548
8128,61539.36,90565.14,14512.89,2832,2686.0,16.024808220911492,0.9484463276836158
8130,86783.88,120295.08,16755.6,93316,93252.0,13.928749205703175,0.9993141583436924
8131,100748.28,173459.58,36355.649999999994,9706,9642.0,20.959147946743556,0.9934061405316299
8135,86544.90000000001,112867.3,13161.199999999997,10242,10270.0,11.660773315211754,1.0027338410466706
8136,15945.16,7236.379999999999,-4354.39,868,362.0,-60.17359508483525,0.41705069124423966
8143,363347.68,476621.0,56636.66,15784,12828.0,11.882955220185432,0.8127217435377597
8144,162299.76,219488.69999999998,28594.469999999987,7252,7130.0,13.027764071681133,0.983177054605626
8149,39937.5,71844.06,15953.279999999999,3550,3594.0,22.205426586415076,1.012394366197183
8151,11.36,821.7,405.17,16,830.0,49.30875015212364,51.875
8152,10237.359999999999,31559.78,10661.21,1414,3022.0,33.78100227568126,2.1371994342291374
8154,99638.4,135637.62,17999.61,6208,6038.0,13.270367026493094,0.9726159793814433
8155,121635.51999999999,187801.96,33083.22,37084,36904.0,17.61601423116138,0.995146154675871
8159,2326885.44,3099403.8,386259.17999999993,118176,117220.0,12.462370343612534,0.9919103709721094
8166,331717.4,435711.83999999997,51997.21999999997,21910,21216.0,11.933855182819906,0.9683249657690552
8170,54393.22,63423.880000000005,4515.330000000002,25066,21212.0,7.11929008442877,0.8462459107954999
8171,52562.72,69149.52,8293.400000000001,74032,69848.0,11.993431046231414,0.9434838988545494
8172,64760.520000000004,90169.2,12704.339999999997,91212,91080.0,14.089445176401693,0.9985528219971056
8173,160907.04,217474.81999999998,28283.889999999985,11268,10318.0,13.005593015320112,0.9156904508342208
8178,1052145.42,1448759.92,198307.25,56842,54408.0,13.688068482733842,0.9571795503325006
8184,187131.5,238171.16,25519.83,120730,119684.0,10.714911914607967,0.9913360390955024
8187,145001.69999999998,210706.41999999998,32852.36,11010,10958.0,15.59153252188519,0.9952770208901
8189,178618.19999999998,273770.42,47576.11,6980,8558.0,17.378104617730433,1.2260744985673353
8190,49003.2,42309.54,-3346.829999999998,3984,2646.0,-7.910343624629334,0.6641566265060241
8191,63695.6,85608.23999999999,10956.319999999996,4408,4376.0,12.798207275374423,0.9927404718693285
8200,64283.840000000004,84096.74,9906.45,29488,28126.0,11.77982642371155,0.9538117200217038
8202,863117.5,1213563.68,175223.08999999997,64750,63632.0,14.438722325638484,0.9827335907335907
8203,132656.52,278829.46,73086.47000000002,87852,93254.0,26.211889518417465,1.0614897782634432
8205,40884.659999999996,68828.32,13971.830000000005,26722,23768.0,20.299536586102935,0.8894543821570242
8207,432.59999999999997,391.02000000000004,-20.789999999999964,140,98.0,-5.316863587540269,0.7
8212,37818.2,51151.6,6666.700000000001,2270,2240.0,13.03321890224353,0.986784140969163
8214,199666.8,276403.32,38368.26000000001,26982,27668.0,13.881258734518823,1.0254243569787265
8218,135104.2,231927.5,48411.649999999994,5660,7250.0,20.873613521466837,1.2809187279151943
8221,35450.46,45434.32,4991.93,554,568.0,10.987134835516411,1.0252707581227436
8223,189650.16,279175.06,44762.45,18306,18494.0,16.033828379941962,1.0102698568775266
8228,1295.88,11069.18,4886.65,12,82.0,44.14644987252895,6.833333333333333
8231,26699.2,40418.2,6859.499999999998,2960,2980.0,16.97131490269235,1.0067567567567568
8232,97668.48,131990.92,17161.22000000001,15652,15508.0,13.001818609946811,0.990799897776642
8233,87969.42,109845.95999999999,10938.269999999997,5082,4604.0,9.957826396164226,0.9059425423061787
8235,374.4,455.52,40.56,60,48.0,8.904109589041097,0.8
8236,209904.04,292934.0,41514.979999999996,196172,196600.0,14.172127509951046,1.0021817588646698
8237,42981.12,61993.799999999996,9506.339999999997,576,620.0,15.334339885601459,1.0763888888888888
8238,35414.4,14131.64,-10641.380000000001,1240,436.0,-75.3018050275835,0.35161290322580646
8242,21732.8,41110.32,9688.76,2720,2968.0,23.567707573183572,1.0911764705882352
8246,27735.84,47055.42,9659.789999999999,4532,5258.0,20.528538476545314,1.1601941747572815
8252,67177.96,82362.0,7592.019999999997,4196,4100.0,9.217867463150478,0.9771210676835081
8254,8596.06,13127.94,2265.9400000000005,902,906.0,17.260438423697856,1.0044345898004434
8258,393508.7,556914.2999999999,81702.79999999996,18694,18570.0,14.67062346935605,0.9933668556756179
8259,37040.64,22908.0,-7066.32,20352,9200.0,-30.846516500785746,0.4520440251572327
8262,86820.16,120387.18,16783.509999999995,5488,5482.0,13.941276803726108,0.9989067055393586
8264,311277.42,518076.68,103399.63,57966,56732.0,19.958364078460356,0.9787116585584653
8265,84416.28000000001,121038.84,18311.27999999999,12252,12116.0,15.12843315418422,0.9888997714658831
8267,73135.8,102509.7,14686.949999999997,3964,4230.0,14.32737584833435,1.067103935418769
8268,6053.94,10319.199999999999,2132.6299999999997,1998,1880.0,20.666621443522754,0.9409409409409409
8272,4093.8399999999997,6700.46,1303.3100000000002,1402,1254.0,19.451052614298124,0.8944365192582026
8273,124533.2,159351.36,17409.079999999994,7304,6864.0,10.924964807328909,0.9397590361445783
8274,784.08,1337.52,276.71999999999997,264,248.0,20.68903642562354,0.9393939393939394
8275,127573.6,194340.86,33383.62999999999,6160,6114.0,17.1778749975687,0.9925324675324675
8279,4476.0,1699.32,-1388.3400000000001,240,68.0,-81.69973871901703,0.2833333333333333
8280,91385.2,144071.66,26343.230000000003,10268,10234.0,18.284810489446713,0.9966887417218543
8282,119.28,748.44,314.58000000000004,168,756.0,42.031425364758704,4.5
8283,18414.2,25775.02,3680.41,980,898.0,14.278980190898007,0.9163265306122449
8284,27213.34,8857.82,-9177.76,862,218.0,-103.61194966707386,0.2529002320185615
8288,399429.64,635245.62,117907.98999999999,50306,49638.0,18.561007945241712,0.9867212658529798
8289,61656.32,82666.22,10504.95,1408,1378.0,12.707669468859228,0.9786931818181818
8295,62248.0,88297.92,13024.96,2008,2208.0,14.751151556004944,1.099601593625498
8296,307445.6,371631.76,32093.080000000016,14168,12424.0,8.635720477711597,0.8769057029926595
8298,38360.4,55068.76,8354.18,4918,5124.0,15.170452358106484,1.0418869459129727
8308,4574.36,2349.06,-1112.6499999999999,238,94.0,-47.365754812563324,0.3949579831932773
8312,147318.0,219539.5,36110.75,25800,25450.0,16.44840677873458,0.9864341085271318
8322,3082.56,9560.36,3238.9000000000005,494,1164.0,33.878431356141405,2.3562753036437245
8323,205608.2,265320.72,29856.25999999998,17278,16728.0,11.25289423306253,0.9681676119921288
8327,48398.56,74955.59999999999,13278.519999999997,4424,4440.0,17.715180720319758,1.003616636528029
8329,142253.28,235911.96,46829.34,30396,28834.0,19.850345866313855,0.9486116594288723
8337,18897.600000000002,24449.08,2775.74,1524,2092.0,11.353147030481308,1.372703412073491
8338,250850.88,358959.72,54054.419999999984,17312,17228.0,15.058631090975885,0.9951478743068392
8339,800565.0,1089812.74,144623.87,26500,24926.0,13.270524805940514,0.9406037735849057
8342,277760.72000000003,418635.78,70437.53,33832,32622.0,16.825492078101874,0.9642350437455663
8345,164172.91999999998,283249.28,59538.18000000002,48716,48272.0,21.019710976846973,0.9908859512275228
8346,143945.28,232604.63999999998,44329.67999999999,14496,14936.0,19.057951724436794,1.0303532008830023
8351,24713.920000000002,34047.020000000004,4666.550000000001,2992,3098.0,13.706192201255792,1.035427807486631
8358,204917.58,322438.7,58760.56000000001,14142,16130.0,18.22379261546459,1.1405741762126997
8359,49107.2,85472.72,18182.760000000002,15346,14736.0,21.273173475700787,0.9602502280724619
8361,98044.76000000001,146662.16,24308.699999999997,9746,9784.0,16.574622929322736,1.0038990355017443
8364,791.78,1218.78,213.5,122,122.0,17.51751751751752,1.0
8366,8549.76,13443.58,2446.91,1464,1442.0,18.20132732501313,0.9849726775956285
8367,34953.6,53214.5,9130.45,3520,3550.0,17.157823525542852,1.0085227272727273
8368,45170.14,59389.56,7109.709999999999,29914,29844.0,11.971312803125667,0.9976599585478372
8369,59437.0,80180.94,10371.970000000001,2450,2306.0,12.93570516883439,0.9412244897959183
8370,175102.86,261031.94,42964.54000000001,30666,30606.0,16.45949533991894,0.9980434357268636
8379,65602.74,102442.56,18419.909999999996,8598,8544.0,17.980720122574052,0.9937194696441033
8385,5426.34,6999.98,786.8199999999997,2,2.0,11.24031782947951,1.0
8386,92688.5,126428.28,16869.89,9410,9372.0,13.3434465769842,0.9959617428267801
8387,203571.7,298776.88,47602.59,11666,13112.0,15.932487814987557,1.1239499399965713
8391,1066.4,2086.84,510.22,80,116.0,24.44940675854402,1.45
8393,140145.06,239756.68000000002,49805.81000000001,4026,4532.0,20.77348168151144,1.1256830601092895
8395,157597.44,253621.9,48012.229999999996,4224,4410.0,18.930632567613443,1.0440340909090908
8398,186847.97999999998,289327.86,51239.94,5606,5814.0,17.709991702838433,1.0371031038173386
8401,15892.24,20177.64,2142.7,1924,1836.0,10.619180439337802,0.9542619542619543
8402,984.72,7347.0599999999995,3181.1699999999996,66,294.0,43.29854390735886,4.454545454545454
8408,103765.12,185661.38,40948.130000000005,4672,5062.0,22.055276116120652,1.0834760273972603
8409,7768.72,11887.859999999999,2059.5699999999993,1444,1434.0,17.324985321159563,0.9930747922437673
8412,22854.399999999998,30693.86,3919.7300000000014,640,614.0,12.770404243715197,0.959375
8413,277917.36000000004,351524.6,36803.619999999966,19462,19540.0,10.469713926137734,1.0040078100914602
8420,107818.0,143428.62,17805.309999999998,3478,3538.0,12.414056553008736,1.0172512938470386
8421,262300.58,421265.0,79482.20999999999,77834,77948.0,18.867508575362297,1.0014646555489888
8422,1552.32,2934.48,691.08,504,552.0,23.550339412775006,1.0952380952380953
8423,14266.98,24329.12,5031.07,3042,3088.0,20.67921075649263,1.0151216305062458
8424,265070.88,398277.18,66603.15,16272,16082.0,16.722813493858723,0.9883235004916421
8425,16747.68,29220.539999999997,6236.4299999999985,1104,1546.0,21.342624058282286,1.4003623188405796
8428,24177.940000000002,22516.859999999997,-830.5400000000027,1822,1314.0,-3.6885249541898952,0.721185510428101
8434,449.46,4258.58,1904.56,22,142.0,44.72288885027403,6.454545454545454
8437,110607.24,132133.96,10763.359999999993,4204,3604.0,8.145793859504396,0.857278782112274
8438,757.44,3595.68,1419.12,1052,3632.0,39.467360832999596,3.452471482889734
8440,184147.19999999998,231444.15999999997,23648.479999999996,12510,11384.0,10.217790762143231,0.9099920063948841
8441,332876.56,474703.18,70913.31,37318,36982.0,14.93845269795749,0.9909963020526288
8442,86191.36,127967.0,20887.82,9248,9100.0,16.322817601412865,0.9839965397923875
8443,23902.2,34753.299999999996,5425.549999999997,1626,1970.0,15.611610983705141,1.2115621156211562
8444,45952.72,64090.06,9068.669999999998,2644,2594.0,14.149885333232639,0.981089258698941
8446,20796.48,26403.92,2803.7199999999993,4482,4408.0,10.618574817678587,0.9834895136099956
8447,11911.68,21250.859999999997,4669.589999999998,704,1114.0,21.973651889852924,1.5823863636363635
8448,109135.32,146660.14,18762.410000000003,14532,14386.0,12.793121566636989,0.9899532067162125
8450,261233.28,375161.6,56964.15999999999,18848,18840.0,15.183899418277349,0.9995755517826825
8451,390768.42000000004,538706.5599999999,73969.06999999995,31038,30944.0,13.730864907232604,0.9969714543462852
8452,163419.84,205576.87999999998,21078.51999999999,12888,11912.0,10.253351446913676,0.9242706393544382
8453,37140.22,36615.96,-262.130000000001,17602,13124.0,-0.7158900108040347,0.7455970912396319
8454,41713.600000000006,47759.740000000005,3023.0699999999997,1682,1426.0,6.329745513689981,0.8478002378121284
8455,87148.8,89246.36,1048.7799999999988,8010,5764.0,1.1751515692068548,0.7196004993757803
8456,1041.1200000000001,1456.92,207.89999999999998,108,108.0,14.269829503335801,1.0
8458,39720.24,49951.9,5115.830000000002,1512,1410.0,10.241512334866144,0.9325396825396826
8459,3095.18,2610.0,-242.58999999999992,242,200.0,-9.294636015325668,0.8264462809917356
8462,342408.08,494840.33999999997,76216.12999999998,21644,21566.0,15.402165878392207,0.9963962299020513
8464,44111.08,61628.66,8758.79,4138,3934.0,14.212202569388982,0.9507008216529724
8467,502.24,1983.96,740.86,688,2004.0,37.34248674368435,2.9127906976744184
8469,266797.62,390546.5,61874.44,16378,15950.0,15.843040457410321,0.9738673830748565
8470,32152.64,38468.52,3157.9399999999987,15458,13788.0,8.209153874388718,0.8919653253978522
8472,430962.5,662460.72,115749.10999999999,28750,28728.0,17.47259973391328,0.9992347826086957
8473,407317.04,613335.9,103009.43000000002,16666,16410.0,16.79494547767382,0.984639385575423
8474,308193.16,461768.92000000004,76787.88000000003,12518,12308.0,16.629070661576797,0.9832241572136124
8475,59020.32,86986.84,13983.259999999998,47984,48596.0,16.07514424020921,1.012754251417139
8476,69630.92,99914.92,15142.0,7754,7508.0,15.154893783631113,0.9682744389992262
8480,500842.02,658484.0,78820.98999999999,44758,43000.0,11.970069128482999,0.9607221055453774
8482,63488.880000000005,90568.21999999999,13539.669999999991,4446,4778.0,14.949692066378242,1.0746738641475484
8483,15132.04,10418.38,-2356.830000000001,578,362.0,-22.621847158579367,0.6262975778546713
8484,32028.48,28245.96,-1891.2600000000002,14828,10124.0,-6.695683205669059,0.6827623415160508
8485,104437.62,160581.86,28072.119999999995,7894,8814.0,17.481501335206854,1.1165442107930073
8489,25695.6,17468.52,-4113.539999999999,588,348.0,-23.54830288999869,0.5918367346938775
8491,48161.759999999995,68958.08,10398.160000000003,3228,3392.0,15.078958114843111,1.050805452292441
8495,222.94,942.48,359.77,314,952.0,38.172693319752135,3.031847133757962
8496,69975.64,93575.68,11800.019999999997,6022,6032.0,12.6101354539983,1.0016605778811025
8497,124906.32,170816.9,22955.289999999994,16632,16510.0,13.438535648404809,0.9926647426647427
8498,470622.24,804307.8,166842.78000000003,80586,79820.0,20.743648140674505,0.9904946268582632
8500,50880.560000000005,76332.0,12725.719999999998,8102,7840.0,16.6715401142378,0.9676623056035547
8501,15576.960000000001,27761.12,6092.079999999999,3192,3088.0,21.944647766372537,0.9674185463659147
8504,808991.84,1373450.66,282229.41,138526,137334.0,20.548929657218267,0.9913951171621211
8505,46528.82,38317.32,-4105.75,1742,1268.0,-10.71512830229254,0.7278989667049368
8506,650611.0800000001,898073.34,123731.12999999995,30374,29266.0,13.777397066480109,0.9635214328043722
8508,449.4,1319.3999999999999,434.99999999999994,28,60.0,32.96953160527513,2.142857142857143
8512,2147706.88,2912349.56,382321.3400000001,145904,146244.0,13.127591043706996,1.0023302993749315
8513,329154.56,490408.34,80626.89000000001,50176,50166.0,16.440766484517784,0.9998007015306123
8515,122928.54,205579.53999999998,41325.49999999999,8414,10046.0,20.101951779831786,1.1939624435464702
8517,317948.39999999997,462534.16,72292.88,22940,22584.0,15.629738568930781,0.9844812554489973
8518,1550.34,1976.28,212.97000000000003,174,172.0,10.776307001032244,0.9885057471264368
8519,21001.199999999997,20532.7,-234.24999999999818,3784,2930.0,-1.140863111037507,0.7743128964059197
8520,80761.8,108598.45999999999,13918.329999999994,6566,6354.0,12.816323546392827,0.9677124581175753
8522,16327.16,13075.92,-1625.62,22996,13208.0,-12.43216538492129,0.5743607583927639
8523,26919.2,41925.98,7503.390000000001,8360,8402.0,17.89675518616381,1.005023923444976
8525,5785.92,10092.58,2153.33,984,942.0,21.335773409772326,0.9573170731707317
8526,475365.24,710527.02,117580.89000000001,23268,24898.0,16.548405154247337,1.0700532920749528
8527,5.28,31.900000000000002,13.31,4,10.0,41.724137931034484,2.5
8534,42563.76,63649.74,10542.989999999998,10588,10626.0,16.564073945942276,1.0035889686437476
8535,48462.6,51217.200000000004,1377.300000000003,13098,13080.0,2.689135680982176,0.9986257443884563
8537,408220.86,624687.94,108233.53999999998,43474,41806.0,17.326017211089425,0.9616322399595161
8539,898.38,759.62,-69.38,62,38.0,-9.133514125483794,0.6129032258064516
8543,5094.64,11369.32,3137.3399999999997,344,668.0,27.5947901897387,1.941860465116279
8550,1352.16,7044.36,2846.1,144,564.0,40.40253479379248,3.9166666666666665
8553,34702.56,41818.62,3558.0300000000025,6648,5938.0,8.508243457101173,0.8932009626955475
8558,83.12,259.8,88.34,8,20.0,34.003079291762894,2.5
8562,301009.28,410927.48,54959.09999999998,26312,26052.0,13.374403678235385,0.9901185770750988
8563,17.44,923.16,452.85999999999996,2,84.0,49.05541834568222,42.0
8565,991.62,6604.9,2806.64,126,510.0,42.49330042846977,4.0476190476190474
8567,23881.5,38856.4,7487.450000000001,3538,3560.0,19.269541182404957,1.0062182023742228
8575,27763.84,22012.66,-2875.59,1222,734.0,-13.063346274371204,0.6006546644844517
8576,127649.94,167504.32,19927.190000000002,34782,33568.0,11.8965230269882,0.9650968891955609
8579,4038.7200000000003,11829.56,3895.4199999999996,672,1444.0,32.92954260344425,2.1488095238095237
8580,151.08,191.88,20.39999999999999,12,12.0,10.631644777986239,1.0
8581,34154.64,46790.64,6318.0,936,936.0,13.502700540108023,1.0
8590,142385.88,216948.06,37281.09,28084,28194.0,17.18433896113199,1.0039168209656744
8599,71892.48,105160.82,16634.170000000006,16192,16318.0,15.817839761995014,1.0077816205533596
8606,10430.24,20720.7,5145.2300000000005,14288,20930.0,24.831352222656573,1.46486562150056
8609,58445.8,85787.4,13670.799999999996,7660,7660.0,15.935673537139483,1.0
8612,511291.14,702633.6799999999,95671.26999999996,11166,11032.0,13.61609508954936,0.9879992835393158
8614,583.2,862.56,139.67999999999995,144,144.0,16.193656093489146,1.0
8616,1510.6399999999999,2343.12,416.24,92,88.0,17.764348390180615,0.9565217391304348
8617,50747.020000000004,79196.88,14224.93,7058,7112.0,17.96147777538711,1.0076508926041372
8618,761.64,675.74,-42.94999999999999,44,26.0,-6.355994909284634,0.5909090909090909
8619,96756.0,140167.94,21705.97,21990,22006.0,15.48568809672169,1.0007276034561163
8620,203140.0,277760.34,37310.17000000001,23216,23166.0,13.43250443889866,0.9978463128876637
8621,57788.1,79014.98,10613.439999999999,12590,12562.0,13.432187162484885,0.9977760127084988
8622,791473.9199999999,1178635.46,193580.77000000002,9088,8254.0,16.424142711606525,0.9082306338028169
8623,36265.32,46972.9,5353.790000000001,15498,15710.0,11.397614369136248,1.0136791844108917
8626,429199.26,653000.4,111900.57,36778,36360.0,17.13637081998725,0.9886345097612703
8627,260273.54,444943.64,92335.05,47582,47482.0,20.75207772382138,0.997898364927914
8628,108694.6,240248.68,65777.04,18268,20132.0,27.378731071488094,1.1020363477118458
8629,110.2,113.94,1.8699999999999974,10,6.0,1.6412146743900278,0.6
8630,32929.4,46653.2,6861.899999999998,6020,5880.0,14.708315828281874,0.9767441860465116
8632,34026.799999999996,47353.659999999996,6663.43,2648,2434.0,14.071626142519925,0.9191842900302115
8634,3037.8,3679.78,320.99,498,422.0,8.723075836055417,0.8473895582329317
8637,67238.23999999999,91446.35999999999,12104.059999999998,4988,4964.0,13.2362403489871,0.9951884522854851
8642,87205.18,80296.98,-3454.0999999999985,6982,5902.0,-4.30165617685746,0.845316528215411
8652,72429.12,94710.32,11140.600000000006,1818,1768.0,11.762815287710996,0.9724972497249725
8653,103266.62,154690.18,25711.78,29254,29242.0,16.621468796532525,0.9995897996855131
8654,67556.5,101144.8,16794.15,19030,19120.0,16.604066645047496,1.0047293746715713
8655,67231.8,95699.65999999999,14233.929999999993,5466,5434.0,14.873542915408471,0.9941456275155507
8658,90030.24,123358.24,16664.0,3708,3376.0,13.5086233396326,0.9104638619201726
8660,89535.6,112299.78,11382.089999999997,9240,9022.0,10.135451734633849,0.9764069264069264
8664,64371.08,88701.9,12165.409999999996,4412,3810.0,13.714937335051443,0.8635539437896645
8670,313733.1,510260.84,98263.87000000002,39966,40016.0,19.25757618397681,1.0012510634038934
8671,66277.26,97899.78,15811.260000000002,4574,4822.0,16.150455087845963,1.0542195015303892
8673,177342.58,244068.88,33363.15000000001,22534,22512.0,13.669563280660773,0.9990236975237419
8674,46311.840000000004,75981.52,14834.84,8872,8848.0,19.524273797102243,0.9972948602344455
8676,21256.3,35245.299999999996,6994.499999999998,394,470.0,19.845199218051764,1.1928934010152283
8677,45600.2,59809.920000000006,7104.860000000004,1660,1608.0,11.879066215102785,0.9686746987951808
8678,266402.88,439398.18,86497.65,28584,28382.0,19.685482083699117,0.99293310943185
8680,2746256.96,3768614.68,511178.8600000001,95092,95932.0,13.564105205894917,1.0088335506667228
8687,10247.76,16908.5,3330.37,1548,1550.0,19.69642487506284,1.0012919896640826
8688,10208.04,16594.760000000002,3193.3600000000006,1542,1524.0,19.24318278781977,0.9883268482490273
8689,50440.28,84468.56,17014.14,7772,7744.0,20.142571389875712,0.9963973237261966
8691,749581.0,988216.34,119317.66999999998,62990,62766.0,12.074043422516166,0.9964438799809494
8692,863.2,1199.84,168.31999999999994,16,16.0,14.028537138285099,1.0
8693,129405.36000000002,184260.78,27427.709999999992,18124,17922.0,14.885267499681698,0.9888545574928271
8694,96950.66,133002.1,18025.72,12134,12190.0,13.552958938242329,1.0046151310367561
8696,51492.32,74417.6,11462.640000000003,6884,6840.0,15.403130442260974,0.9936083672283557
8699,611.1600000000001,930.8199999999999,159.82999999999993,132,118.0,17.170881588276995,0.8939393939393939
8700,187733.28,274562.22,43414.46999999999,11364,9922.0,15.812251955130604,0.8731080605420627
8701,67576.2,97921.98,15172.89,10086,9802.0,15.494876635460189,0.9718421574459647
8704,38329.16,51749.659999999996,6710.249999999996,4426,3034.0,12.966751858852788,0.6854948034342522
8705,685.4399999999999,994.74,154.65000000000003,144,126.0,15.546776041980822,0.875
8708,5054.28,7095.12,1020.4200000000001,1094,1128.0,14.381997767479621,1.0310786106032908
8712,49486.56,45311.14,-2087.709999999999,3144,2686.0,-4.607498288500354,0.8543256997455471
8717,7142.6,9478.08,1167.7399999999998,710,592.0,12.320427765961037,0.8338028169014085
8718,412.8,439.12,13.159999999999997,120,88.0,2.9969028967024953,0.7333333333333333
8720,6949.36,9108.6,1079.6200000000003,1166,1140.0,11.852754539665813,0.9777015437392796
8725,139404.16,194387.4,27491.619999999995,11774,11660.0,14.142696491645031,0.9903176490572447
8726,206263.2,287352.02,40544.41,144240,144398.0,14.1096659073425,1.0010953965612868
8727,200755.13999999998,256308.86,27776.86,8702,8314.0,10.837260951494224,0.9554125488393472
8728,19202.4,33299.46,7048.529999999999,2032,2054.0,21.167100007027138,1.0108267716535433
8729,5.92,11.879999999999999,2.9799999999999995,8,12.0,25.08417508417508,1.5
8730,116435.0,163732.62,23648.809999999998,21170,21138.0,14.44355437542012,0.998488427019367
8737,169375.08000000002,285263.52,57944.22,23722,23248.0,20.312523662331586,0.9800185481831212
8741,46050.6,68122.73999999999,11036.069999999996,2820,2726.0,16.200273212733364,0.9666666666666667
8744,69164.48,101338.34,16086.93,5614,5566.0,15.874475544004374,0.991449946562166
8746,248251.08000000002,424953.48,88351.19999999998,61754,62252.0,20.790793382842747,1.008064254947048
8749,68874.4,106068.04,18596.82,7028,6796.0,17.532915664322637,0.9669891861126921
8761,163774.56,250493.46,43359.45,23132,23254.0,17.30961359230696,1.0052740791976482
8767,905.28,6777.74,2936.23,46,226.0,43.32166769454125,4.913043478260869
8778,817844.28,1050466.08,116310.90000000002,21932,21592.0,11.072313729539939,0.9844975378442459
8780,48624.0,77007.86,14191.93,4800,4814.0,18.429196707972405,1.0029166666666667
8781,195584.64,344043.98,74229.66999999998,18952,19402.0,21.57563402213868,1.0237441958632334
8787,17473.600000000002,35195.06,8860.729999999998,2608,2494.0,25.176061640468856,0.9562883435582822
8788,50303.34,60655.2,5175.93,32878,30480.0,8.533365647133305,0.9270636900054748
8790,77360.4,126295.28,24467.440000000002,9048,9072.0,19.37320222893524,1.0026525198938991
8793,193830.34,188813.68,-2508.3300000000017,12862,9832.0,-1.32846836097893,0.7644223293422485
8801,168.48,693.0,262.26,216,700.0,37.84415584415584,3.240740740740741
8808,77255.1,103112.79999999999,12928.849999999991,5538,5520.0,12.538550015129054,0.9967497291440953
8815,593075.42,863404.7,135164.63999999996,97706,97174.0,15.654841814041545,0.9945550938529876
8818,1629.3200000000002,1199.76,-214.7800000000001,44,24.0,-17.901913716076557,0.5454545454545454
8819,100062.0,146371.22,23154.61,19620,19678.0,15.819100230222855,1.0029561671763507
8822,198460.72,268669.9,35104.59000000001,135932,135010.0,13.066067319040952,0.993217196833711
8823,109689.96,149253.72,19781.879999999997,20238,20028.0,13.253860607293404,0.9896234805810851
8828,85411.20000000001,80022.28,-2694.4600000000064,6888,5772.0,-3.367137252275249,0.837979094076655
8837,77231.0,111090.54,16929.769999999997,18700,18546.0,15.239614462221535,0.991764705882353
8838,405808.14,688914.94,141553.39999999997,52634,51474.0,20.547297174307175,0.9779610137933655
8840,209618.63999999998,333098.9,61740.13000000002,26334,26510.0,18.53507471804921,1.0066833751044277
8847,63099.18,92425.7,14663.259999999998,15894,15430.0,15.864916359843637,0.9708065936831509
8848,12956.02,13424.4,234.1899999999996,16826,13560.0,1.7445099967223832,0.805895637703554
8849,400.32,555.84,77.76000000000002,96,96.0,13.989637305699484,1.0
8875,30935.940000000002,44664.88,6864.4699999999975,2018,1912.0,15.368831171157291,0.9474727452923687
8877,9770.08,16964.44,3597.1799999999994,1076,1156.0,21.20423662673215,1.0743494423791822
8892,160140.0,189032.4,14446.199999999997,9420,6960.0,7.6421819751534645,0.7388535031847133
8893,120181.04,161676.84,20747.9,9478,9516.0,12.83294502787165,1.0040092846592108
8895,24100.219999999998,38291.68,7095.730000000001,1942,2032.0,18.530735658503364,1.046343975283213
8897,123396.90000000001,223298.28,49950.689999999995,3678,4172.0,22.36949160557797,1.1343121261555194
8898,186191.04,255221.8,34515.37999999999,9888,9820.0,13.523680187194037,0.9931229773462783
8905,69979.84,106615.08,18317.620000000003,8926,8892.0,17.181077948823003,0.9961909029800583
8907,23103.7,34656.42,5776.359999999999,4990,4958.0,16.667503452462775,0.9935871743486974
8908,1206.48,1929.24,361.38,264,276.0,18.731728556322697,1.0454545454545454
8909,3833.5,5633.94,900.2199999999998,850,806.0,15.978515923137268,0.9482352941176471
8910,180862.22,229901.76,24519.770000000004,234886,232224.0,10.665325050143158,0.9886668426385565
8914,1041.8999999999999,1447.62,202.86,138,138.0,14.013346043851287,1.0
8918,18555.94,22473.16,1958.6100000000006,754,684.0,8.71532975335912,0.9071618037135278
8921,189795.2,325098.0,67651.4,16576,16968.0,20.809540507785343,1.0236486486486487
8922,76366.8,114017.3,18825.25,14142,14270.0,16.51087159580169,1.009051053599208
8923,84.16,127.84,21.840000000000003,16,16.0,17.083854818523157,1.0
8929,30635.6,78204.86,23784.63,5282,6114.0,30.413237745071086,1.1575160923892465
8930,432.72,63.96,-184.38000000000002,36,4.0,-288.27392120075046,0.1111111111111111
8943,3343.68,14235.78,5446.05,432,1422.0,38.25607026801482,3.2916666666666665
8958,2269.16,10569.460000000001,4150.150000000001,284,1054.0,39.265487546194414,3.711267605633803
8961,195395.2,253523.5,29064.149999999994,174460,170150.0,11.464085183424809,0.975295196606672
8962,109169.92000000001,145935.47999999998,18382.779999999984,7888,7652.0,12.596511828377846,0.9700811359026369
8965,27895.0,37863.16,4984.080000000002,700,684.0,13.163402103786376,0.9771428571428571
8970,119546.37999999999,160018.8,20236.21,14962,14920.0,12.64614532792397,0.9971928886512499
8976,4077.96,4852.34,387.19000000000005,204,166.0,7.979449090541883,0.8137254901960784
8978,67310.31999999999,99475.7,16082.690000000002,6244,6230.0,16.167455971659415,0.9977578475336323
8979,130.32,0.0,-65.16,12,0.0,-inf,0.0
8985,76732.08,100811.7,12039.809999999998,17282,16830.0,11.94286972643056,0.9738456197199398
8986,23847.68,31924.88,4038.6000000000004,1984,1912.0,12.650321630026488,0.9637096774193549
9028,5285.04,11942.28,3328.6200000000003,456,772.0,27.87256704749847,1.6929824561403508
9031,51.54,65.98,7.220000000000002,2,2.0,10.942709912094577,1.0
9035,60.6,79.98,9.690000000000001,2,2.0,12.115528882220557,1.0
9037,89928.34,148209.66,29140.660000000003,7538,7434.0,19.661781829875327,0.9862032369328735
9066,3858.36,33589.5,14865.57,158,1050.0,44.25659804403161,6.6455696202531644
9090,5906.16,7796.88,945.3600000000001,312,312.0,12.124849939975991,1.0
9092,32484.760000000002,47514.76,7515.0,1484,1524.0,15.816137974810355,1.0269541778975741
9102,399.96,719.84,159.94000000000003,12,16.0,22.218826405867972,1.3333333333333333
9103,325.44,419.88,47.22,12,12.0,11.246070305801657,1.0
9104,458.64,623.76,82.56,24,24.0,13.23585994613313,1.0
9105,177.72,279.86,51.07000000000001,12,14.0,18.24840991924534,1.1666666666666667
9109,54861.36,68214.96,6676.800000000003,72186,68904.0,9.78788230616862,0.9545341201895104
9115,4098.6,22373.68,9137.54,396,1532.0,40.840576963646576,3.8686868686868685
9116,57751.200000000004,10245.9,-23752.65,3120,410.0,-231.8259010921442,0.13141025641025642
9118,5506.2,22825.52,8659.66,532,1548.0,37.9385004153246,2.9097744360902253
9123,2.96,3.96,0.5,4,4.0,12.626262626262626,1.0
9126,546.06,747.66,100.80000000000001,38,34.0,13.482064039804193,0.8947368421052632
9129,26035.2,33303.26,3634.0300000000007,6780,6674.0,10.911934747529223,0.9843657817109145
9136,4691.54,19030.16,7169.3099999999995,434,1284.0,37.67340894664049,2.9585253456221197
9140,1694.1599999999999,9631.619999999999,3968.7299999999996,104,438.0,41.20521781382571,4.211538461538462
9145,144226.5,182528.28,19150.89,192302,184372.0,10.492012525401543,0.9587627793782696
9147,58314.2,59007.380000000005,346.5900000000038,1610,1062.0,0.587367207288315,0.6596273291925466
9160,30453.12,36568.62,3057.750000000002,42296,36938.0,8.361677306936935,0.8733213542651788
9191,18.98,633.6,307.31,26,640.0,48.50220959595959,24.615384615384617
9195,182.4,237.6,27.599999999999994,240,240.0,11.616161616161614,1.0
9256,21212.100000000002,37096.22,7942.0599999999995,962,1178.0,21.40935114143705,1.2245322245322245
9291,2480.6,9599.880000000001,3559.6400000000003,4,12.0,37.08004683391876,3.0
9304,20103.24,37602.9,8749.83,1398,1710.0,23.26902978227743,1.2231759656652361
9358,51971.24,80826.18000000001,14427.470000000005,1238,1382.0,17.84999612749236,1.1163166397415185
9359,2158.2,2499.9,170.85000000000014,12,10.0,6.834273370934843,0.8333333333333334
9360,53121.24,76294.2,11586.48,1476,1580.0,15.186580369149949,1.070460704607046
9361,19497.0,48192.88,14347.939999999999,402,712.0,29.77190821548743,1.771144278606965
9373,34.62,43.98,4.68,2,2.0,10.641200545702592,1.0
9376,177.68,359.88,91.1,8,12.0,25.31399355340669,1.5
9388,144147.4,195895.4,25874.0,8410,8060.0,13.208069204279427,0.9583828775267539
9439,729.98,6502.0,2886.01,34,200.0,44.38649646262689,5.882352941176471
9823,4380.44,3804.82,-287.8099999999997,164,118.0,-7.564352584353523,0.7195121951219512
10009,396.48,419.3,11.409999999999997,96,70.0,2.721202003338897,0.7291666666666666
10010,185.28,71.88,-56.7,48,12.0,-78.88146911519199,0.25
10011,237.60000000000002,179.70000000000002,-28.950000000000003,72,30.0,-16.110183639398997,0.4166666666666667
10021,6169.9800000000005,10848.44,2339.23,782,756.0,21.56282377927149,0.9667519181585678
10030,3415.02,4775.16,680.0699999999999,658,484.0,14.241826451888523,0.7355623100303952
10032,6718.320000000001,9395.3,1338.4899999999993,504,470.0,14.246378508403131,0.9325396825396826
10051,65403.0,99416.2,17006.6,1690,1580.0,17.106467557601277,0.9349112426035503
10054,899.28,1785.06,442.89,72,94.0,24.810930725017645,1.3055555555555556
10057,1046.56,2104.38,528.9100000000001,124,162.0,25.133768615934386,1.3064516129032258
10058,390716.44,586698.92,97991.24000000002,42194,42036.0,16.70213403494931,0.9962553917618618
10062,25904.88,37037.42,5566.269999999999,4296,4058.0,15.028773602480946,0.9445996275605214
10121,3829.6800000000003,2231.38,-799.1500000000001,162,62.0,-35.81415984726941,0.38271604938271603
10122,380.64,1001.5799999999999,310.46999999999997,24,42.0,30.998023123464925,1.75
10124,879.5999999999999,1418.78,269.59000000000003,120,122.0,19.001536531386122,1.0166666666666666
10162,3969.6,4829.8,430.10000000000014,24,20.0,8.905130647231772,0.8333333333333334
10163,7507.2,5591.76,-957.7199999999998,816,424.0,-17.12734452122408,0.5196078431372549
10164,18956.3,25972.079999999998,3507.8899999999994,1814,1592.0,13.506388398618824,0.8776185226019846
10175,12424.86,17135.28,2355.209999999999,2394,2272.0,13.744800201689142,0.9490392648287385
10205,19300.64,29197.26,4948.3099999999995,1136,1074.0,16.94785743593748,0.9454225352112676
10227,11469.92,18744.760000000002,3637.420000000001,1862,1924.0,19.40499638298917,1.033297529538131
10228,266.4,394.79999999999995,64.19999999999999,120,120.0,16.26139817629179,1.0
10229,378.0,473.76,47.879999999999995,168,144.0,10.106382978723403,0.8571428571428571
10233,309.12,252.54000000000002,-28.289999999999992,84,46.0,-11.202185792349722,0.5476190476190477
10235,10321.220000000001,15965.779999999999,2822.279999999999,1498,1522.0,17.677056805242206,1.0160213618157543
10236,187205.7,357131.2,84962.75,23970,25888.0,23.79034651691031,1.0800166875260742
10238,44835.96,69261.22,12212.630000000001,4206,4278.0,17.632709906062875,1.0171184022824535
10239,85569.92,143449.16,28939.620000000003,9424,9684.0,20.174129984448847,1.0275891341256367
10242,1122.58,14953.199999999999,6915.3099999999995,74,680.0,46.246355295187655,9.18918918918919
10254,70709.34,109061.74,19176.200000000004,20982,20226.0,17.582884703655015,0.9639691163854732
10259,1288.32,1919.04,315.36,96,96.0,16.433216608304154,1.0
10264,10466.4,74615.12,32074.359999999997,534,2488.0,42.98640811674631,4.659176029962547
10265,177.16,131.98,-22.590000000000003,4,2.0,-17.116229731777548,0.5
10266,200950.08,328003.02,63526.470000000016,20976,20498.0,19.367647895437067,0.9772120518688024
10267,7542.900000000001,11412.960000000001,1935.0300000000002,306,304.0,16.954672582748035,0.9934640522875817
10273,873.8399999999999,1058.94,92.55000000000007,132,106.0,8.739871947419124,0.803030303030303
10274,311.52,399.6,44.04000000000002,48,40.0,11.021021021021026,0.8333333333333334
10283,16792.38,25623.780000000002,4415.700000000001,6534,6422.0,17.232820450378515,0.982858891949801
10296,78151.36,125536.32,23692.480000000003,8032,7868.0,18.8730082258266,0.9795816733067729
10298,29378.14,63264.94,16943.4,6514,6642.0,26.78165821385431,1.0196499846484495
10319,176.39999999999998,272.88,48.24000000000001,72,72.0,17.678100263852247,1.0
10336,615.6,743.38,63.889999999999986,76,62.0,8.59452769781269,0.8157894736842105
10337,291.6,263.78,-13.910000000000025,36,22.0,-5.273333838805075,0.6111111111111112
10357,47229.0,76724.54,14747.769999999997,9100,9314.0,19.221711853860572,1.0235164835164836
10358,303.5,285.68,-8.909999999999997,50,32.0,-3.1188742649117884,0.64
10359,1799.8600000000001,5122.9,1661.5199999999998,62,110.0,32.433192137266,1.7741935483870968
10370,407.76,1091.58,341.90999999999997,24,42.0,31.32248667069752,1.75
10372,20659.08,41481.5,10411.21,3876,4850.0,25.098441473910054,1.2512899896800826
10374,1131.42,1871.86,370.2199999999999,218,214.0,19.77818853974122,0.981651376146789
10380,12875.44,15086.16,1105.3599999999997,1816,1284.0,7.326980490727923,0.7070484581497798
10398,3567.72,4018.8,225.5400000000002,156,120.0,5.612123021797556,0.7692307692307693
10399,298.62,761.78,231.57999999999998,14,22.0,30.39985297592481,1.5714285714285714
10400,1514.1,11727.960000000001,5106.93,42,204.0,43.544913181832136,4.857142857142857
10402,5213.740000000001,3239.94,-986.9000000000003,14,6.0,-30.46044062544369,0.42857142857142855
10414,23165.04,41130.6,8982.779999999999,2936,2940.0,21.839652229726774,1.0013623978201636
10415,33729.2,53874.06,10072.43,3922,3594.0,18.696251962447235,0.9163691993880673
10420,106710.90000000001,187911.56,40600.329999999994,31854,31984.0,21.606084266449596,1.0040811201105042
10421,256803.4,438908.74,91052.67,43526,41478.0,20.745239659615798,0.9529476634655148
10422,28771.8,47332.62,9280.410000000002,4740,4738.0,19.606795482692487,0.9995780590717299
10440,5201.28,6897.7,848.21,288,230.0,12.29699754990794,0.7986111111111112
10441,43318.200000000004,51056.28,3869.0399999999972,3956,2972.0,7.577990405881504,0.7512639029322548
10443,101283.0,172326.18,35521.59,15582,15082.0,20.61299681801105,0.9679116929790784
10451,148183.47999999998,265586.92,58701.72,28012,27228.0,22.102639693249955,0.972011994859346
10452,18877.7,27669.52,4395.91,3110,2848.0,15.887192838907216,0.9157556270096463
10453,59893.38,104548.9,22327.76,11322,10782.0,21.356283997249133,0.9523052464228935
10454,293.76,287.68,-3.039999999999992,48,32.0,-1.0567296996662932,0.6666666666666666
10455,291.36,53.94,-118.71000000000001,48,6.0,-220.07786429365964,0.125
10457,285.6,35.96,-124.82000000000001,48,4.0,-347.10789766407123,0.08333333333333333
10463,492.48,719.28,113.39999999999998,72,72.0,15.765765765765764,1.0
10469,16904.16,29613.179999999997,6354.509999999998,1638,1682.0,21.458384408564022,1.0268620268620268
10470,12243.6,21232.079999999998,4494.239999999999,1074,1192.0,21.167214893689167,1.1098696461824953
10472,329868.08,464774.98,67453.44999999998,54344,50302.0,14.513141391561135,0.9256219637862505
10531,9721.96,13453.38,1865.71,986,862.0,13.867964779111272,0.8742393509127789
10576,15368.32,24656.26,4643.969999999999,2368,2374.0,18.834851676612754,1.0025337837837838
10578,209.28,311.76,51.239999999999995,24,24.0,16.435719784449574,1.0
10579,84696.28,119430.7,17367.21,12794,10970.0,14.541663073229916,0.8574331717992809
10581,15186.279999999999,26627.48,5720.6,2294,2452.0,21.483820474186818,1.068875326939843
10589,127.68,95.76,-15.96,48,24.0,-16.666666666666664,0.5
10591,2382.08,6813.679999999999,2215.7999999999997,128,232.0,32.51987178734546,1.8125
10596,132498.68,213056.88,40279.100000000006,13438,13512.0,18.90532706571128,1.0055067718410478
10603,18661.96,29238.88,5288.460000000001,2462,2512.0,18.087081310912048,1.0203086921202276
10606,8686.68,15042.9,3178.1099999999997,1146,1310.0,21.12697684621981,1.1431064572425829
10609,218939.84,255575.98,18318.070000000007,27926,25850.0,7.167367606298529,0.9256606746401204
10618,820.8,1062.96,121.08000000000004,120,104.0,11.390833145179503,0.8666666666666667
10621,9849.119999999999,13184.24,1667.5600000000004,852,776.0,12.648131405374905,0.9107981220657277
10623,1662.44,5976.76,2157.16,52,124.0,36.09246481371177,2.3846153846153846
10624,3849.48,9076.44,2613.4800000000005,102,156.0,28.794108703412352,1.5294117647058822
10625,724.16,5711.16,2493.5,16,84.0,43.660132092254464,5.25
10626,113913.84,145061.38,15573.770000000004,15128,13954.0,10.735986380386016,0.9223955579058699
10631,297.6,251.76,-22.920000000000016,48,24.0,-9.103908484270741,0.5
10632,203.52,44.94,-79.29,48,6.0,-176.43524699599467,0.125
10642,3574.7999999999997,2357.06,-608.8699999999999,180,94.0,-25.831756510228843,0.5222222222222223
10647,11628.0,15257.019999999999,1814.5099999999993,1020,898.0,11.892951572456479,0.8803921568627451
10650,3812.4,5916.3,1051.95,360,370.0,17.78053851224583,1.0277777777777777
10666,92059.56,62377.28,-14841.14,11894,11272.0,-23.792541130360284,0.9477047250714646
10676,14387.199999999999,23128.620000000003,4370.710000000002,512,538.0,18.89740935689203,1.05078125
10680,38470.44,59316.32,10422.939999999999,5358,5168.0,17.571791372087812,0.9645390070921985
10701,2528.84,3236.76,353.96000000000004,382,324.0,10.935626985009701,0.8481675392670157
10702,26178.6,38964.36,6392.880000000001,3252,3164.0,16.406993467876802,0.972939729397294
10704,2056.3199999999997,2714.98,329.33000000000015,336,302.0,12.130107772432952,0.8988095238095238
10705,578.88,557.38,-10.75,96,62.0,-1.928666260002153,0.6458333333333334
10706,734.4,934.96,100.28000000000003,120,104.0,10.725592538718237,0.8666666666666667
10707,635.52,919.08,141.78000000000003,96,92.0,15.426295861078474,0.9583333333333334
10708,4067.8399999999997,5596.0,764.0800000000002,448,400.0,13.654038598999287,0.8928571428571429
10715,22520.960000000003,34036.28,5757.659999999998,2464,2372.0,16.916243490769254,0.9626623376623377
10722,6585.6,9943.18,1678.79,1680,1482.0,16.883833944472492,0.8821428571428571
10723,355991.60000000003,566256.72,105132.55999999997,57418,56328.0,18.566236176411287,0.9810164060050856
10724,1959.3,3132.66,586.68,622,654.0,18.727854283580086,1.0514469453376205
10727,272285.3,474139.26,100926.98000000001,50330,50450.0,21.28635793627383,1.0023842638585336
10731,12007.98,14904.460000000001,1448.2400000000007,1202,954.0,9.716823018076473,0.7936772046589018
10732,17444.0,27490.46,5023.23,1780,1754.0,18.272629850500863,0.9853932584269663
10733,7376.64,6744.64,-316.0,904,536.0,-4.68520187882526,0.5929203539823009
10734,19642.719999999998,26267.219999999998,3312.25,1676,1478.0,12.609823194079922,0.8818615751789977
10735,42649.380000000005,63182.16,10266.39,4542,4584.0,16.24887468234704,1.0092470277410832
10750,20832.42,30525.0,4846.290000000001,1158,1100.0,15.87646191646192,0.9499136442141624
10762,2106.0,3100.28,497.1400000000001,520,432.0,16.035325841536896,0.8307692307692308
10766,996.3199999999999,4461.2,1732.44,104,280.0,38.83349771361966,2.6923076923076925
10792,4514.16,14851.060000000001,5168.450000000001,42,94.0,34.80189292885491,2.238095238095238
10863,7452.76,9358.56,952.8999999999996,172,144.0,10.182122035868762,0.8372093023255814
10864,3202.2000000000003,2235.74,-483.23000000000025,54,26.0,-21.613872811686523,0.48148148148148145
10869,389.52,0.0,-194.76,24,0.0,-inf,0.0
10870,7670.3,11329.98,1829.8399999999997,734,602.0,16.150425684776142,0.8201634877384196
10874,103778.45999999999,151799.8,24010.67,13782,13620.0,15.81732650504151,0.9882455376578145
10895,63794.22,96437.54,16321.659999999996,4722,4646.0,16.924591813519918,0.9839051249470563
10910,2978.64,3959.34,490.35000000000014,72,66.0,12.384639864219798,0.9166666666666666
10916,17878.56,26549.44,4335.439999999999,1904,1856.0,16.32968529656369,0.9747899159663865
10927,43230.6,63656.28,10212.84,6580,6372.0,16.043727343162374,0.9683890577507599
10931,16556.54,23633.24,3538.3500000000004,2002,2076.0,14.971920904624165,1.036963036963037
10932,6325.74,8906.54,1290.4000000000005,678,746.0,14.4882299972829,1.1002949852507375
10935,12731.52,15906.300000000001,1587.3900000000003,456,370.0,9.979630712359256,0.8114035087719298
10937,1849.1999999999998,2699.7,425.25,30,30.0,15.751750194466052,1.0
10938,1090.8000000000002,3359.76,1134.48,12,24.0,33.766697621258665,2.0
10957,190405.44,291916.48,50755.51999999999,31112,31152.0,17.387000555775405,1.00128567755207
10972,3786.7200000000003,11585.56,3899.4199999999996,322,644.0,33.657587548638126,2.0
10991,19845.0,20749.02,452.0100000000002,2940,2938.0,2.1784643322913575,0.9993197278911564
11003,11947.5,14631.679999999998,1342.0899999999992,1062,832.0,9.17249420435657,0.783427495291902
11016,185.39999999999998,207.74,11.170000000000016,36,26.0,5.376913449504196,0.7222222222222222
11022,3178.56,4607.68,714.5600000000002,516,432.0,15.508021390374335,0.8372093023255814
11029,5126.4,7889.0599999999995,1381.33,288,294.0,17.509437119251217,1.0208333333333333
11037,14353.28,24802.06,5224.39,4376,4594.0,21.06433901054993,1.04981718464351
11038,1461.24,1070.1399999999999,-195.55000000000007,324,186.0,-18.27331003420114,0.5740740740740741
11055,17995.2,7522.68,-5236.26,480,132.0,-69.6063105169966,0.275
11060,959.76,599.6999999999999,-180.03000000000003,72,30.0,-30.02001000500251,0.4166666666666667
11067,25016.64,80550.66,27767.010000000002,3036,5014.0,34.47148663958806,1.6515151515151516
11077,719.64,2087.2799999999997,683.8199999999999,36,72.0,32.761296998965165,2.0
11078,1377.6,2854.3199999999997,738.3599999999999,120,168.0,25.86815773984697,1.4
11080,17410.6,22823.08,2706.2400000000016,2630,2492.0,11.857470595555032,0.9475285171102662
11088,492.48,639.36,73.44,72,64.0,11.486486486486486,0.8888888888888888
11089,57363.31999999999,104965.02,23800.850000000006,8362,7954.0,22.675030214827764,0.9512078450131547
11141,144577.5,250559.64,52991.07000000001,26050,25452.0,21.149084505389617,0.9770441458733206
11143,188.16,167.78,-10.189999999999998,48,22.0,-6.073429491000118,0.4583333333333333
11149,29611.68,29900.46,144.38999999999942,2518,1954.0,0.4829022697309654,0.7760127084988085
11150,251.62,383.52,65.94999999999999,46,48.0,17.195974134334584,1.0434782608695652
11152,32054.44,51488.08,9716.820000000002,6094,5992.0,18.87197968927954,0.9832622251394815
11153,27314.399999999998,40059.439999999995,6372.519999999999,4560,4456.0,15.907661215433864,0.9771929824561404
11154,14363.460000000001,21216.399999999998,3426.4699999999984,2382,2360.0,16.150100865368294,0.9907640638119227
11156,5523.7,7965.139999999999,1220.7199999999998,910,886.0,15.325782095481058,0.9736263736263736
11163,1747.2,1775.26,14.029999999999973,120,74.0,0.7903067719657951,0.6166666666666667
11164,2754.44,3999.5,622.53,52,50.0,15.565195649456182,0.9615384615384616
11174,945.72,1298.7,176.49,142,130.0,13.58974358974359,0.9154929577464789
11176,388.8,455.24,33.22,96,76.0,7.2972498023020815,0.7916666666666666
11181,603.84,379.79999999999995,-112.02000000000004,48,20.0,-29.494470774091642,0.4166666666666667
11187,1958.32,10418.16,4229.92,52,184.0,40.60141138166433,3.5384615384615383
11196,80556.0,117322.06,18383.03,13700,11394.0,15.66886057063778,0.8316788321167883
11199,24676.399999999998,36611.14,5967.370000000001,2518,2286.0,16.29932856502147,0.9078633836378078
11200,10537.880000000001,16024.98,2743.5499999999993,1138,1102.0,17.120458184659196,0.968365553602812
11207,6989.84,9579.7,1294.9300000000003,676,630.0,13.517437915592348,0.9319526627218935
11209,17.56,4442.58,2212.5099999999998,2,342.0,49.80236709299551,171.0
11213,663130.7999999999,1006134.96,171502.08000000002,52380,51304.0,17.045633718959536,0.9794578083237877
11214,755453.3,1069941.8399999999,157244.2699999999,15010,15224.0,14.696524999900923,1.014257161892072
11216,97.92,143.88,22.979999999999997,12,12.0,15.971643035863217,1.0
11219,1350906.4,2190090.08,419591.8400000001,160060,156784.0,19.158656706942395,0.9795326752467824
11227,23721.74,38803.52,7540.889999999998,2438,2448.0,19.43352046412284,1.0041017227235438
11236,26.02,0.0,-13.01,2,0.0,-inf,0.0
11238,56693.68,86365.29999999999,14835.809999999994,4282,4070.0,17.177975413736764,0.9504904250350303
11239,835.68,809.6999999999999,-12.990000000000009,48,30.0,-1.6042978881067074,0.625
11240,21095.16,22160.16,532.5,2202,1584.0,2.4029609894513397,0.7193460490463215
11249,10632.320000000002,20642.379999999997,5005.029999999998,898,962.0,24.246380504573594,1.0712694877505569
11259,2679.76,2303.52,-188.12,86,48.0,-8.166631937209141,0.5581395348837209
11263,1642.8,1447.32,-97.74000000000001,120,68.0,-6.753171378824311,0.5666666666666667
11274,64.36,1299.74,617.69,2,26.0,47.52412020865712,13.0
11279,350.52,1529.66,589.57,12,34.0,38.54255193964672,2.8333333333333335
11280,301.12,2507.16,1103.02,16,84.0,43.99479889596197,5.25
11296,2471.64,4942.34,1235.3500000000001,258,366.0,24.995245167268948,1.4186046511627908
11306,2019.84,2634.32,307.2400000000001,192,168.0,11.662971848522583,0.875
11310,25974.18,27131.52,578.6700000000001,678,448.0,2.1328329559125327,0.6607669616519174
11313,716.9,568.86,-74.01999999999998,214,114.0,-13.011988890060818,0.5327102803738317
11319,344.64,233.82,-55.41,48,18.0,-23.69771619194252,0.375
11320,32337.719999999998,47755.26,7708.770000000002,4178,4074.0,16.14224276027395,0.9751077070368598
11321,6853.44,9599.2,1372.8800000000006,88,80.0,14.302025168764068,0.9090909090909091
11333,8372.0,12622.7,2125.3500000000004,910,930.0,16.837522875454543,1.021978021978022
11336,1999.2000000000003,2245.7200000000003,123.25999999999999,336,228.0,5.488662878720409,0.6785714285714286
11337,23648.64,36623.2,6487.279999999999,1356,1280.0,17.71358046265755,0.943952802359882
11340,3827.2000000000003,7966.12,2069.46,416,588.0,25.97826796483106,1.4134615384615385
11341,37.52,195.72,79.1,8,28.0,40.414878397711014,3.5
11353,26924.0,50632.06,11854.029999999999,848,794.0,23.412102924510673,0.9363207547169812
11354,15308.1,25223.920000000002,4957.910000000001,2330,2408.0,19.655588822038762,1.0334763948497854
11366,9663.44,13929.54,2133.05,1592,1446.0,15.313140275989012,0.9082914572864321
11367,26792.98,42004.26,7605.640000000001,4414,4374.0,18.10683011675483,0.9909379247847757
11373,494.4,571.28,38.44,96,72.0,6.728749474863465,0.75
11385,1791.6,1287.72,-251.93999999999994,60,28.0,-19.56481222626036,0.4666666666666667
11395,375.36,551.76,88.19999999999999,24,24.0,15.985210961287514,1.0
11396,8473.76,13956.46,2741.3499999999995,1004,954.0,19.64215854163591,0.950199203187251
11397,4745.38,9718.34,2486.48,578,766.0,25.585439488636947,1.3252595155709344
11414,37307.44,63972.82,13332.689999999999,11444,11318.0,20.84117911325466,0.9889898636840265
11423,28078.56,25180.4,-1449.08,4216,3560.0,-5.754793410748041,0.8444022770398482
11424,756.6999999999999,743.38,-6.659999999999968,94,62.0,-0.895907880222762,0.6595744680851063
11426,160.8,0.0,-80.4,24,0.0,-inf,0.0
11432,328.32,99.9,-114.21,48,10.0,-114.32432432432431,0.20833333333333334
11433,4795.4400000000005,6993.0,1098.7799999999997,696,700.0,15.71256971256971,1.0057471264367817
11437,1266.1399999999999,17269.2,8001.530000000001,118,1080.0,46.33410928126375,9.152542372881356
11440,68220.96,110266.44,21022.739999999998,7464,7356.0,19.065401948226494,0.9855305466237942
11441,32770.4,48761.299999999996,7995.449999999997,2990,2870.0,16.39712230805987,0.959866220735786
11443,9210.24,14156.36,2473.0600000000004,1728,1684.0,17.4696037682003,0.9745370370370371
11449,9370.4,13616.2,2122.9000000000005,1060,980.0,15.59098720641589,0.9245283018867925
11453,1086.6399999999999,1121.34,17.350000000000023,94,66.0,1.5472559616173527,0.7021276595744681
11456,87517.44,132522.88,22502.72,3852,3712.0,16.98025276842761,0.9636552440290758
11460,97542.2,134950.7,18704.250000000007,3610,3330.0,13.860061489121586,0.9224376731301939
11468,322.08,0.0,-161.04,24,0.0,-inf,0.0
11480,9295.44,13281.14,1992.8499999999995,924,886.0,15.005112512931868,0.9588744588744589
11488,131247.9,172535.18,20643.64,17430,16778.0,11.96488739282041,0.9625932300631096
11489,1106.64,1034.68,-35.98000000000002,212,132.0,-3.4774036417056493,0.6226415094339622
11499,75768.95999999999,124107.5,24169.270000000004,4154,4450.0,19.474463670608145,1.0712566201251805
11529,917.44,8612.1,3847.33,244,1470.0,44.67354071596939,6.024590163934426
11553,21755.16,18325.02,-1715.0699999999997,178,98.0,-9.359171231463865,0.550561797752809
11640,30944.32,57039.42,13047.55,4768,4258.0,22.874618991567587,0.8930369127516778
11653,91.98,101.94,4.979999999999997,14,6.0,4.885226603884635,0.42857142857142855
11668,521.08,765.98,122.44999999999999,2,2.0,15.98605707720828,1.0
11698,31281.6,47959.840000000004,8339.120000000003,3990,4016.0,17.387714387704385,1.006516290726817
11699,22061.76,22037.98,-11.889999999999418,2814,2702.0,-0.053952313233787394,0.9601990049751243
11703,8398.4,10495.0,1048.3000000000002,580,500.0,9.988565983801811,0.8620689655172413
11743,117.6,179.76,31.08,24,24.0,17.289719626168225,1.0
11744,156.72,311.76,77.52,24,24.0,24.865280985373364,1.0
11745,14994.0,21863.68,3434.84,2450,2432.0,15.710255547099116,0.9926530612244898
11749,7560.0,11121.42,1780.71,700,658.0,16.011534498292484,0.94
11768,367.68,45.96,-160.86,48,4.0,-350.00000000000006,0.08333333333333333
11769,338.88,21.16,-158.85999999999999,96,4.0,-750.7561436672967,0.041666666666666664
11770,223.92,247.83999999999997,11.959999999999994,24,16.0,4.825693996126531,0.6666666666666666
11771,5866.0199999999995,7115.5599999999995,624.77,306,244.0,8.780334927960695,0.7973856209150327
11774,5032.68,8549.62,1758.4700000000003,34,38.0,20.56781470989354,1.1176470588235294
11775,5699.620000000001,9449.58,1874.9799999999996,38,42.0,19.841940065061088,1.105263157894737
11776,4314.8,6299.72,992.46,28,28.0,15.754033512600559,1.0
11801,174.72,263.76,44.519999999999996,24,24.0,16.878980891719745,1.0
11808,180.72,0.0,-90.36,24,0.0,-inf,0.0
11819,4673.68,7932.68,1629.5,452,532.0,20.541607628191226,1.176991150442478
11820,66.6,209.58,71.49000000000001,20,42.0,34.111079301460066,2.1
11821,42085.68,66111.64,12012.98,3948,3836.0,18.170748751657044,0.9716312056737588
11825,272144.0,417305.26,72580.63,58400,55474.0,17.392694738618918,0.9498972602739726
11826,452581.92,701529.68,124473.88000000003,95886,93232.0,17.74320938210341,0.972321298208289
11827,158679.36,243107.02,42213.83,33336,32198.0,17.364299064667076,0.9658627309815215
11828,383136.76,722687.68,169775.46000000002,96508,95732.0,23.49223111150864,0.9919592158163054
11854,38983.76,57463.08,9239.66,4652,4492.0,16.079298220701013,0.9656061908856406
11856,4171.62,6050.9800000000005,939.6800000000003,554,502.0,15.52938532270806,0.9061371841155235
11868,1120.46,1251.24,65.38999999999999,242,176.0,5.226015792334004,0.7272727272727273
11873,217.92,87.88,-65.02,48,12.0,-73.9872553482021,0.25
11880,1207.68,369.90000000000003,-418.89,48,10.0,-113.24412003244117,0.20833333333333334
11881,51.02,147.96,48.47,2,4.0,32.7588537442552,2.0
11888,49547.4,97465.48,23959.039999999997,6580,7452.0,24.58207767509071,1.1325227963525837
11891,26698.56,54001.58,13651.51,672,842.0,25.279834404845193,1.2529761904761905
11915,112386.4,130135.0,8874.300000000003,5734,4100.0,6.819303031467324,0.7150331356818974
11917,823.98,1647.92,411.97,6,8.0,24.999393174425943,1.3333333333333333
11918,342.44,1999.84,828.6999999999999,4,16.0,41.43831506520522,4.0
11926,14779.8,21514.86,3367.5300000000007,1836,1714.0,15.652112075096007,0.9335511982570807
11928,530.4,543.8199999999999,6.7099999999999795,26,18.0,1.2338641462248503,0.6923076923076923
11932,12181.14,17774.78,2796.8199999999997,666,622.0,15.73476577487879,0.933933933933934
11939,181.92,263.76,40.92,24,24.0,15.514103730664242,1.0
11957,183625.56,221301.5,18837.97,18492,18370.0,8.512355316163696,0.9934025524551158
11970,280705.68,528585.88,123940.1,36408,35924.0,23.44748596008656,0.9867062184135355
12005,2310.6,1481.74,-414.42999999999995,60,26.0,-27.969144384304933,0.43333333333333335
12021,645.6,917.4,135.89999999999998,120,100.0,14.813603662524525,0.8333333333333334
12024,11652.48,19627.579999999998,3987.5499999999993,1008,1042.0,20.31605526509126,1.0337301587301588
12039,3572.64,4460.28,443.81999999999994,432,372.0,9.950496381393096,0.8611111111111112
12052,1197.0,2176.62,489.80999999999995,140,138.0,22.50323896683849,0.9857142857142858
12067,8363.1,13071.3,2354.0999999999995,1830,1870.0,18.009685341167287,1.0218579234972678
12069,55080.22,87394.76,16157.269999999997,10334,10468.0,18.48768736249175,1.0129669053609445
12073,361.44,187.8,-86.82,48,20.0,-46.23003194888178,0.4166666666666667
12076,1813.22,4799.4,1493.0899999999997,34,60.0,31.109930407967656,1.7647058823529411
12078,15693.04,24081.58,4194.27,2098,2042.0,17.416921979371786,0.9733079122974261
12079,6687.0,10127.1,1720.0500000000002,900,890.0,16.984625411025863,0.9888888888888889
12086,9765.8,14185.86,2210.0300000000007,1012,1014.0,15.579104826919204,1.0019762845849802
12089,4280.639999999999,5114.62,416.99000000000024,168,138.0,8.15290285495306,0.8214285714285714
12090,179.52,153.86,-12.829999999999998,24,14.0,-8.338749512543869,0.5833333333333334
12097,1932.48,2878.56,473.03999999999996,144,144.0,16.433216608304154,1.0
12109,83375.46,122202.45999999999,19413.499999999993,6762,6354.0,15.886341404256504,0.9396628216503993
12110,134888.6,200108.54,32609.97,12908,12346.0,16.296141084233586,0.9564611093895259
12111,88651.26,128047.92,19698.33,8262,8008.0,15.383561091816253,0.9692568385378842
12113,25984.48,39246.88,6631.199999999999,4912,4912.0,16.896120150187734,1.0
12115,191.52,35.94,-77.79,48,6.0,-216.44407345575965,0.125
12116,28591.559999999998,39558.4,5483.420000000002,3694,3592.0,13.861581863776093,0.9723876556578235
12117,339.04,543.84,102.4,16,16.0,18.829067372756693,1.0
12123,64218.72,110155.8,22968.54,19056,18700.0,20.85095836987249,0.9813182199832073
12124,544.32,708.58,82.13,168,142.0,11.590787208219254,0.8452380952380952
12125,160.8,99.9,-30.450000000000003,24,10.0,-30.48048048048048,0.4166666666666667
12133,101.76,383.78000000000003,141.01000000000002,24,62.0,36.7424045025796,2.5833333333333335
12134,557.0799999999999,923.16,183.04000000000002,76,84.0,19.827548853936484,1.105263157894737
12139,2693.7,13199.400000000001,5252.85,18,60.0,39.79612709668621,3.3333333333333335
12140,21524.22,35774.98,7125.380000000001,3642,3702.0,19.91721588663362,1.016474464579901
12146,157.68,287.76,65.03999999999999,24,24.0,22.602168473728103,1.0
12147,171823.16,254765.48,41471.16,32666,29660.0,16.278170810268332,0.9079777138308945
12149,47.98,5470.4800000000005,2711.2500000000005,2,152.0,49.561464441877135,76.0
12154,10985.52,19643.86,4329.17,1092,1214.0,22.03828575442912,1.1117216117216118
12155,23356.2,38531.12,7587.460000000001,3486,3488.0,19.69177122284533,1.0005737234652898
12165,3907.8,11021.5,3556.85,260,450.0,32.27192305947466,1.7307692307692308
12181,281128.32,388720.24,53795.95999999999,11484,10376.0,13.839248504271348,0.9035179380006966
12188,286.56,430.56000000000006,72.00000000000003,144,144.0,16.722408026755858,1.0
12191,10163.16,17804.420000000002,3820.630000000001,1526,1558.0,21.45888492857392,1.020969855832241
12192,13261.92,16917.26,1827.6699999999992,336,274.0,10.803581667480428,0.8154761904761905
12199,655.5600000000001,3189.42,1266.93,18,58.0,39.722896325977764,3.2222222222222223
12203,112969.44,161758.08000000002,24394.320000000007,16516,16192.0,15.080742798134105,0.9803826592395253
12204,2556.7200000000003,3761.72,602.4999999999998,636,628.0,16.01660942334889,0.9874213836477987
12211,52591.04,87088.7,17248.829999999998,4768,4730.0,19.80604831625687,0.9920302013422819
12212,212083.19999999998,331836.08,59876.44000000002,20160,18592.0,18.04398123314379,0.9222222222222223
12213,176654.26,290051.54,56698.639999999985,33394,33446.0,19.54778105987646,1.0015571659579565
12216,274431.96,391360.8,58464.419999999984,41206,39620.0,14.938752169353698,0.9615104596417997
12218,597.96,2071.14,736.5899999999999,302,286.0,35.56447174020105,0.9470198675496688
12220,256968.16,447259.16000000003,95145.50000000001,46892,47212.0,21.27301316757828,1.0068241917597884
12224,5637.06,9299.66,1831.2999999999997,858,834.0,19.692117776348812,0.972027972027972
12227,68499.04,104576.18000000001,18038.570000000007,8116,7782.0,17.24921487856987,0.9588467225234105
12234,12415.68,21047.0,4315.66,3832,3700.0,20.504870052739108,0.965553235908142
12235,13234.539999999999,20490.84,3628.1500000000005,946,916.0,17.7062043332533,0.9682875264270613
12253,20.88,1470.16,724.64,4,184.0,49.28987321107906,46.0
12256,216.72,267.8,25.540000000000006,24,20.0,9.536967886482453,0.8333333333333334
12257,225.36,77.94,-73.71000000000001,24,6.0,-94.5727482678984,0.25
12258,542.16,629.46,43.650000000000034,72,54.0,6.934515298827572,0.75
12259,861.5999999999999,1167.08,152.74,120,92.0,13.087363334133052,0.7666666666666667
12268,375.84000000000003,353.58,-11.130000000000024,72,42.0,-3.1478024775157034,0.5833333333333334
12269,406.0,251.72,-77.14,70,28.0,-30.64516129032258,0.4
12270,27781.920000000002,45445.32,8831.699999999999,3186,3268.0,19.43368426055752,1.0257376020087885
12271,12002.76,18274.08,3135.6600000000008,1386,1392.0,17.159058075700667,1.0043290043290043
12273,415.68,415.68,0.0,48,32.0,0.0,0.6666666666666666
12304,12384.5,16642.12,2128.8099999999995,1550,1388.0,12.791699615193256,0.895483870967742
12306,4229.12,3985.06,-122.02999999999997,472,294.0,-3.0621872694514005,0.6228813559322034
12307,279.36,71.96,-103.70000000000002,24,4.0,-144.10783768760427,0.16666666666666666
12310,15300.0,25816.399999999998,5258.199999999999,1250,1360.0,20.367673261957513,1.088
12324,5243.04,5268.139999999999,12.549999999999727,264,186.0,0.23822449669142673,0.7045454545454546
12333,318.06,473.94,77.94,6,6.0,16.445119635396885,1.0
12339,18067.879999999997,16524.64,-771.619999999999,1886,1136.0,-4.669511710996421,0.6023329798515377
12340,515.2,1940.8,712.8,56,120.0,36.72712283594394,2.142857142857143
12343,68689.92,111875.34,21592.71,6144,6066.0,19.300687711876453,0.9873046875
12351,1621.2,2118.94,248.87,120,106.0,11.745023455123787,0.8833333333333333
12353,1568.4,3478.2599999999998,954.9299999999998,120,174.0,27.454244363561088,1.45
12354,43.8,179.85999999999999,68.03,12,34.0,37.82386300455911,2.8333333333333335
12355,470.4,179.88,-145.26,48,12.0,-80.75383589059373,0.25
12368,58265.62,85299.4,13516.889999999996,8218,7860.0,15.846406891490442,0.9564370893161354
12374,1784.88,6933.06,2574.09,268,694.0,37.12776176753122,2.58955223880597
12378,1883.52,2234.2799999999997,175.37999999999988,216,172.0,7.849508566518068,0.7962962962962963
12387,15314.4,16247.44,466.52000000000044,1418,1056.0,2.8713446549117916,0.7447108603667136
12388,2786.3999999999996,3782.7599999999998,498.18000000000006,144,124.0,13.169749072106086,0.8611111111111112
12389,2776.32,4220.16,721.9199999999998,384,384.0,17.106460418562328,1.0
12390,1188.88,1641.26,226.18999999999994,308,274.0,13.781484956679622,0.8896103896103896
12394,666.72,1006.8,170.03999999999996,144,120.0,16.889153754469604,0.8333333333333334
12401,18634.44,16291.08,-1171.6799999999994,2508,2492.0,-7.192156689427585,0.9936204146730463
12415,5948.639999999999,9457.48,1754.42,972,1052.0,18.550607561422282,1.0823045267489713
12416,11256.4,18922.92,3833.2599999999993,2140,2108.0,20.257233027460877,0.9850467289719627
12428,6536.46,12268.24,2865.89,158,176.0,23.36023749127829,1.1139240506329113
12429,145.28,4818.8,2336.76,16,320.0,48.492570764505686,20.0
12443,18813.600000000002,20144.82,665.6099999999988,2808,2318.0,3.304124832090824,0.8254985754985755
12449,1530.8,554.9,-487.95,40,10.0,-87.93476302036403,0.25
12450,8581.68,16170.56,3794.4399999999996,1644,1744.0,23.465111907070625,1.0608272506082725
12465,40803.840000000004,95928.7,27562.429999999997,6624,7330.0,28.732204230850616,1.1065821256038648
12473,30250.14,43556.020000000004,6652.940000000002,3786,3598.0,15.27444426740552,0.9503433703116746
12475,603.84,265.85999999999996,-168.99000000000004,48,14.0,-63.56352967727378,0.2916666666666667
12476,255.84,2558.4,1151.28,24,160.0,44.99999999999999,6.666666666666667
12477,15139.4,23015.879999999997,3938.239999999999,1180,1212.0,17.110968600809525,1.0271186440677966
12478,89192.48000000001,159897.22,35352.369999999995,8138,8478.0,22.109433797535686,1.0417793069550259
12479,69744.96,115511.86,22883.449999999997,8784,8814.0,19.810476603874267,1.0034153005464481
12494,14037.839999999998,20564.46,3263.3100000000004,5238,5154.0,15.868688018066123,0.983963344788087
12495,68977.32,120703.58,25863.129999999997,14802,15242.0,21.426978387882116,1.0297257127415214
12496,695.52,1073.74,189.11,144,126.0,17.612271127088498,0.875
12505,38918.880000000005,63073.38,12077.249999999996,6318,6262.0,19.147935309634583,0.99113643558088
12506,663.26,507.86,-77.69999999999999,26,14.0,-15.299491985980385,0.5384615384615384
12507,14920.32,18907.26,1993.4699999999993,818,674.0,10.543410309055885,0.823960880195599
12511,2340.1400000000003,3777.62,718.7399999999998,242,238.0,19.026265214606017,0.9834710743801653
12515,405.12,77.94,-163.59,48,6.0,-209.8922247882987,0.125
12517,287.52,233.82,-26.849999999999994,48,18.0,-11.483192199127531,0.375
12518,2227.94,1603.32,-312.31000000000006,286,268.0,-19.478956165955648,0.9370629370629371
12519,917.28,1157.42,120.07000000000005,336,258.0,10.373935131585773,0.7678571428571429
12520,38203.68,63099.94,12448.130000000001,8094,7806.0,19.727641579373927,0.9644180874722016
12532,511.68,735.54,111.92999999999998,48,46.0,15.217391304347824,0.9583333333333334
12534,19195.54,27200.88,4002.67,2786,2712.0,14.715222448685484,0.9734386216798278
12536,2674.7999999999997,3099.18,212.19000000000005,360,282.0,6.846649758968503,0.7833333333333333
12538,703.12,1011.08,153.98000000000002,94,92.0,15.229259801400483,0.9787234042553191
12539,363.2,3497.5,1567.15,40,250.0,44.80771979985704,6.25
12543,460.0,167.88,-146.06,50,12.0,-87.00262091970455,0.24
12544,562.56,407.76,-77.39999999999998,48,24.0,-18.981753972925244,0.5
12561,6629.28,4434.24,-1097.52,336,176.0,-24.751028361117125,0.5238095238095238
12585,479.52,511.66,16.07000000000002,48,34.0,3.1407575343001253,0.7083333333333334
12586,73167.6,125169.06,26000.729999999996,15180,13394.0,20.772489623234367,0.8823451910408432
12589,11958.3,19409.079999999998,3725.3899999999994,3870,4052.0,19.194057626636603,1.0470284237726097
12592,651.96,2657.04,1002.54,36,96.0,37.73146057266733,2.6666666666666665
12593,4131.42,7995.179999999999,1931.8799999999997,222,282.0,24.16305824259116,1.2702702702702702
12595,879.04,767.04,-56.0,164,96.0,-7.300792657488528,0.5853658536585366
12606,508.32,31.98,-238.17,48,2.0,-744.7467166979361,0.041666666666666664
12607,2056.32,3622.74,783.2099999999998,112,126.0,21.61927160105334,1.125
12621,1308.72,1638.72,165.0,168,128.0,10.068834212067955,0.7619047619047619
12625,810.24,1271.04,230.39999999999998,96,96.0,18.12688821752266,1.0
12646,4649.84,7100.66,1225.4099999999999,136,134.0,17.257691538533035,0.9852941176470589
12650,45374.4,35777.3,-4798.549999999999,4932,3870.0,-13.412275381317201,0.7846715328467153
12655,231.70000000000002,1189.66,478.98,10,34.0,40.261923574802886,3.4
12656,14514.960000000001,8978.18,-2768.3900000000003,614,182.0,-30.83464577453337,0.2964169381107492
12662,3904.3999999999996,4896.5,496.0500000000002,430,350.0,10.130705606045138,0.813953488372093
12663,63568.799999999996,89619.0,13025.100000000002,11772,11100.0,14.533860007364513,0.9429153924566769
12665,562.56,471.44,-45.559999999999974,48,56.0,-9.664008145257078,1.1666666666666667
12666,41687.4,99023.7,28668.149999999998,6222,8430.0,28.95079662747403,1.3548698167791706
12681,7905.6,12310.26,2202.33,976,974.0,17.890198907252973,0.9979508196721312
12684,15094.56,18719.84,1812.6400000000003,1416,1216.0,9.682988743493535,0.8587570621468926
12685,30955.72,53736.8,11390.54,3694,3720.0,21.196907891798546,1.0070384407146724
12690,1159.8,1565.46,202.83000000000004,60,54.0,12.956575064198386,0.9
12697,85830.22,127165.94,20667.86,11018,10606.0,16.252669543432777,0.9626066436739881
12747,53385.28,95872.8,21243.760000000002,16276,16440.0,22.158276382873975,1.0100761857950356
12757,3510.8,6198.04,1343.62,524,596.0,21.67814341307897,1.1374045801526718
12768,2528.84,3758.58,614.8699999999999,382,342.0,16.359103704058445,0.8952879581151832
12771,453633.12,678122.56,112244.72000000003,53748,50744.0,16.552276331877238,0.9441095482622609
12772,74244.0,109010.08,17383.04,8070,7792.0,15.946268455174053,0.9655514250309789
12773,48791.159999999996,66091.14,8649.990000000002,4884,4486.0,13.087972154815308,0.9185094185094185
12774,201.12,415.68,107.28,24,32.0,25.808314087759815,1.3333333333333333
12775,121448.0,182923.14,30737.570000000007,17860,17486.0,16.803543827205242,0.9790593505039193
12783,281.28,407.76,63.24000000000001,24,24.0,15.509123013537376,1.0
12803,6997.5,10770.08,1886.29,622,592.0,17.514168882682394,0.9517684887459807
12816,535.08,791.8799999999999,128.39999999999992,12,12.0,16.214577966358533,1.0
12891,126.24,191.76,32.76,24,24.0,17.083854818523154,1.0
12900,2857.96,3857.56,499.79999999999995,692,644.0,12.956376569645059,0.930635838150289
12901,49408.8,84182.36,17386.78,9520,9364.0,20.65370939945138,0.9836134453781512
12910,6032.16,4215.32,-908.4200000000001,144,68.0,-21.550439824260085,0.4722222222222222
12913,4816.08,9329.02,2256.4700000000003,72,98.0,24.187642431895313,1.3611111111111112
12924,7828.64,10230.0,1200.6799999999998,904,800.0,11.736852394916909,0.8849557522123894
12943,68825.2,143464.92,37319.86000000001,14962,15108.0,26.013230272599046,1.0097580537361315
12944,34829.6,54654.48,9912.440000000002,5122,5152.0,18.136555319893265,1.0058570870753611
12945,27364.5,41905.98,7270.740000000002,4054,4002.0,17.35012520886041,0.9871731623088308
12946,18566.82,29824.28,5628.73,2826,2972.0,18.87297866033983,1.0516631280962492
12951,15316.2,24914.0,4798.9,2286,2200.0,19.261860801155976,0.9623797025371829
12963,6543.139999999999,12421.44,2939.1500000000005,1366,1456.0,23.661910374320534,1.0658857979502196
12994,173171.52,221170.36,23999.42,21222,18340.0,10.851101386279788,0.8641975308641975
13045,605.14,3601.92,1498.39,158,448.0,41.599757906894105,2.8354430379746836
13052,60355.98,92830.02,16237.02,11034,11098.0,17.491130563151877,1.0058002537611022
13059,2701.44,2379.72,-160.86000000000013,48,28.0,-6.75961877867985,0.5833333333333334
13060,9053.519999999999,14230.32,2588.4000000000005,168,168.0,18.189330949690525,1.0
13061,9084.24,16919.100000000002,3917.430000000001,72,90.0,23.153891164423644,1.25
13062,5132.82,14097.18,4482.18,154,282.0,31.794869612220317,1.8311688311688312
13064,8856.12,5399.46,-1728.3300000000004,156,54.0,-32.00931204231535,0.34615384615384615
13065,12442.4,21597.6,4577.599999999999,206,240.0,21.1949475867689,1.1650485436893203
13081,19642.5,29366.68,4862.09,970,932.0,16.55648510488758,0.9608247422680413
13082,5103.48,5938.92,417.72000000000025,142,108.0,7.0336020690630665,0.7605633802816901
13086,47784.96,75277.34,13746.189999999999,256,266.0,18.260727597441672,1.0390625
13097,42672.759999999995,61336.64,9331.940000000002,7124,6436.0,15.214299316036877,0.9034250421111735
13113,12673.0,18606.36,2966.6800000000003,580,564.0,15.944440503139786,0.9724137931034482
13122,8929.76,14550.52,2810.38,938,948.0,19.314636177951026,1.0106609808102345
13123,23945.12,36111.66,6083.270000000002,2746,2634.0,16.845722406557886,0.9592134013109979
13124,3722.72,5232.2,754.74,424,380.0,14.424907304766638,0.8962264150943396
13129,257.04,109.9,-73.57000000000001,36,10.0,-66.94267515923568,0.2777777777777778
13132,443.84,709.36,132.76000000000002,76,64.0,18.715461824743432,0.8421052631578947
13141,50432.32,75300.4,12434.039999999997,7024,7160.0,16.512581606472207,1.0193621867881548
13143,30645.68,42181.94,5768.130000000001,2984,2806.0,13.674406629946374,0.9403485254691689
13144,3830.4,5192.1,680.8500000000001,448,390.0,13.11319119431444,0.8705357142857143
13145,1747.2,1805.08,28.93999999999994,120,92.0,1.6032530414164439,0.7666666666666667
13147,38119.3,54367.84,8124.269999999997,2930,2816.0,14.943153893919636,0.9610921501706484
13153,198.48,287.76,44.64,24,24.0,15.512927439532945,1.0
13154,17714.46,41410.4,11847.970000000001,2274,2960.0,28.61109769526496,1.3016710642040457
13163,145261.32,201694.78,28216.729999999996,26556,25226.0,13.989816692330855,0.9499171561982226
13172,1350.5,1957.3,303.4,370,370.0,15.50094517958412,1.0
13179,433.44,647.52,107.03999999999999,48,48.0,16.53076352853966,1.0
13181,772.56,1471.08,349.26,72,92.0,23.741740761889226,1.2777777777777777
13183,777.5999999999999,1151.28,186.84000000000003,72,72.0,16.228893058161354,1.0
13188,201.12,0.0,-100.56,24,0.0,-inf,0.0
13215,60511.079999999994,86030.14,12759.530000000002,3514,3286.0,14.831464879634048,0.9351166761525327
13220,162.72,29.94,-66.39,48,6.0,-221.7434869739479,0.125
13224,507.06000000000006,167.88,-169.59000000000003,54,12.0,-101.01858470335956,0.2222222222222222
13225,51680.0,82713.95999999999,15516.979999999996,3800,3604.0,18.75980789699828,0.9484210526315789
13229,1621.44,3399.66,889.1099999999999,24,34.0,26.152909408587917,1.4166666666666667
13242,359.04,357.7,-0.6700000000000159,48,30.0,-0.18730779983226611,0.625
13251,1367.52,1501.0,66.74000000000001,148,100.0,4.4463690872751505,0.6756756756756757
13255,1409.6799999999998,2122.64,356.48,134,136.0,16.79418083141748,1.0149253731343284
13258,75894.06,124769.82,24437.880000000005,11694,11618.0,19.586371127248565,0.9935009406533265
13267,1438.8,1609.1399999999999,85.16999999999996,120,86.0,5.292889369476861,0.7166666666666667
13268,16690.64,25472.78,4391.07,4324,3922.0,17.23828337543056,0.9070305272895467
13270,190.56,111.84,-39.36,48,16.0,-35.1931330472103,0.3333333333333333
13276,303.84,375.79999999999995,35.97999999999999,24,20.0,9.57424161788185,0.8333333333333334
13278,42420.96,56021.32,6800.18,2136,1868.0,12.138557249275813,0.8745318352059925
13301,492.96,229.85999999999999,-131.55,48,14.0,-57.23048812320543,0.2916666666666667
13303,95173.12,140200.46,22513.67,10622,9954.0,16.058199809044847,0.9371116550555451
13310,272.88,131.88,-70.5,36,12.0,-53.45768880800728,0.3333333333333333
13319,233.28000000000003,359.28000000000003,63.0,72,72.0,17.53507014028056,1.0
13321,769.36,1177.64,204.14000000000004,236,236.0,17.334669338677358,1.0
13329,415.68,25.98,-194.85,48,2.0,-750.0,0.041666666666666664
13338,74994.54,63792.22,-5601.159999999996,8038,7978.0,-8.780318352300636,0.9925354565812391
13339,73486.14,62869.42,-5308.360000000001,8138,7858.0,-8.443469018801194,0.9655935119193905
13341,16020.4,35475.06,9727.329999999998,1210,1694.0,27.420193228707713,1.4
13344,7.14,10.58,1.7200000000000002,2,2.0,16.25708884688091,1.0
13358,700.56,239.84,-230.35999999999996,72,16.0,-96.04736490993993,0.2222222222222222
13363,23564.0,28778.499999999996,2607.249999999998,2150,1650.0,9.059714717584303,0.7674418604651163
13375,688.8,135.92,-276.44,60,8.0,-203.38434373160683,0.13333333333333333
13379,830.66,1528.98,349.16,82,102.0,22.836139125430027,1.2439024390243902
13394,151.62,312.66,80.52000000000001,38,54.0,25.753214354250627,1.4210526315789473
13395,3753.6000000000004,5484.08,865.2399999999998,408,392.0,15.777304488628902,0.9607843137254902
13397,66670.3,98219.42,15774.559999999998,4870,4458.0,16.060530595680568,0.915400410677618
13418,359.28000000000003,306.18,-26.55000000000001,72,42.0,-8.671369782480898,0.5833333333333334
13421,108.96,237.66,64.35,24,34.0,27.076495834385256,1.4166666666666667
13422,53612.4,88577.42,17482.51,8312,8722.0,19.736982630562053,1.0493262752646775
13424,160.8,79.92,-40.440000000000005,24,8.0,-50.60060060060061,0.3333333333333333
13427,16002.779999999999,25340.68,4668.950000000001,986,932.0,18.42472261991391,0.9452332657200812
13430,149806.68,268241.04,59217.17999999999,25348,24296.0,22.076107369700026,0.9584977118510336
13433,19506.06,29248.42,4871.1799999999985,1582,1558.0,16.654506465648396,0.9848293299620733
13442,1955.52,2276.66,160.56999999999994,168,134.0,7.052875703882,0.7976190476190477
13443,12255.5,6922.3,-2666.6,1270,570.0,-38.52187856637245,0.44881889763779526
13445,26490.72,42822.12,8165.700000000001,3664,3588.0,19.06888309126218,0.9792576419213974
13446,1026.0,1402.92,188.46000000000004,120,108.0,13.433410315627409,0.9
13447,666.96,838.5999999999999,85.81999999999994,168,140.0,10.233722871452414,0.8333333333333334
13451,19545.399999999998,28576.18,4515.390000000001,2428,2382.0,15.801237254244624,0.9810543657331137
13454,20672.0,28226.0,3777.0,1216,1100.0,13.38127967122511,0.9046052631578947
13458,137961.68,213819.5,37928.91,23032,22922.0,17.738751610587435,0.9952240361236541
13461,51073.68,87361.72,18144.02,8686,8628.0,20.768844752598735,0.9933225880727607
13478,335.58,701.4599999999999,182.93999999999997,42,54.0,26.07989051407065,1.2857142857142858
13487,23358.72,34762.52,5701.899999999998,1896,1948.0,16.402435726753982,1.0274261603375527
13489,84549.7,122827.31999999999,19138.809999999998,6590,6468.0,15.581883574436045,0.9814871016691957
13491,81536.0,103319.44,10891.720000000001,11200,10256.0,10.54179155442577,0.9157142857142857
13492,38368.799999999996,63511.58,12571.390000000003,6570,6018.0,19.793854915906678,0.9159817351598174
13494,330.88,479.84,74.47999999999999,16,16.0,15.521840613537844,1.0
13497,149409.6,244282.9,47436.649999999994,21972,20910.0,19.418735408823128,0.9516657564172584
13498,19853.440000000002,33957.46,7052.009999999998,4288,4254.0,20.767189300966557,0.992070895522388
13504,28304.64,23789.06,-2257.789999999999,3888,3494.0,-9.490875217431874,0.8986625514403292
13505,10219.599999999999,23560.38,6670.390000000001,1762,2362.0,28.31189479965943,1.3405221339387061
13525,47556.28,25625.62,-10965.33,1286,638.0,-42.79049638603866,0.49611197511664074
13528,748.2,1079.46,165.63,58,54.0,15.343783002612415,0.9310344827586207
13530,144973.22,95916.8,-24528.21,8414,5320.0,-25.572381480616535,0.632279534109817
13539,410.4,83.94,-163.23,48,6.0,-194.4603288062902,0.125
13544,125.28,181.92,28.319999999999993,48,48.0,15.567282321899734,1.0
13546,122.88,90.96,-15.96,48,24.0,-17.546174142480215,0.5
13548,122.88,113.7,-4.589999999999996,48,30.0,-4.036939313984165,0.625
13550,757.9,1835.64,538.8700000000001,22,36.0,29.35597393824498,1.6363636363636365
13552,22394.32,35412.3,6508.990000000002,706,770.0,18.38059092462224,1.0906515580736544
13553,33803.56,51619.98,8908.210000000003,1334,1402.0,17.257290684730993,1.050974512743628
13557,11052.0,139.98,-5456.01,240,2.0,-3897.7068152593233,0.008333333333333333
13558,27965.52,38710.88,5372.6799999999985,856,712.0,13.878992159310247,0.8317757009345794
13561,371.52,623.48,125.98000000000002,48,52.0,20.205940848142685,1.0833333333333333
13567,32748.3,41647.9,4449.800000000001,3510,3010.0,10.684332223233346,0.8575498575498576
13575,709.2,719.1999999999999,4.999999999999943,120,80.0,0.6952169076751868,0.6666666666666666
13576,20943.760000000002,30291.74,4673.99,5384,4526.0,15.429915878057846,0.8406389301634473
13581,32249.14,40691.86,4221.360000000001,974,814.0,10.373966685228938,0.8357289527720739
13582,13104.0,0.0,-6552.0,240,0.0,-inf,0.0
13583,546.48,1941.84,697.68,216,216.0,35.92880978865406,1.0
13590,685.4399999999999,727.48,21.02000000000004,72,52.0,2.8894265134436736,0.7222222222222222
13592,225.36,335.76,55.19999999999999,24,24.0,16.440314510364544,1.0
13594,7180.8,11141.12,1980.1600000000003,880,888.0,17.773437500000004,1.009090909090909
13595,19530.72,25138.98,2804.129999999999,594,502.0,11.15450984884828,0.8451178451178452
13602,7489.44,20588.7,6549.630000000001,252,330.0,31.811770534322232,1.3095238095238095
13603,13968.0,20692.6,3362.2999999999993,1200,1140.0,16.24880392024202,0.95
13604,193.12,0.0,-96.56,16,0.0,-inf,0.0
13605,6288.48,9806.699999999999,1759.1099999999997,528,530.0,17.937838416592736,1.003787878787879
13606,8960.4,607.84,-4176.28,342,16.0,-687.0689655172413,0.04678362573099415
13614,64917.44,64235.439999999995,-341.00000000000364,5558,3456.0,-0.5308596002456022,0.62180640518172
13618,15720.32,22163.679999999997,3221.6799999999985,1276,1232.0,14.535853251806556,0.9655172413793104
13619,14315.02,20071.92,2878.449999999999,1186,1008.0,14.34068091144245,0.8499156829679595
13620,7120.88,16525.78,4702.449999999999,1336,1182.0,28.455237816308816,0.8847305389221557
13636,30200.5,40484.979999999996,5142.239999999998,2890,2102.0,12.701599457379004,0.7273356401384083
13637,28657.920000000002,42061.44,6701.76,3512,3456.0,15.933263340484777,0.9840546697038725
13638,96378.58,130695.0,17158.21,11654,11100.0,13.128436435976893,0.9524626737600824
13651,7224.0,11611.7,2193.8500000000004,800,830.0,18.893443681803703,1.0375
13654,157.68,275.76,59.03999999999999,24,24.0,21.409921671018274,1.0
13661,296705.16,456015.88,79655.36000000002,25556,24724.0,17.4676723977244,0.9674440444514009
13662,105201.08,164099.12,29449.019999999997,11156,9536.0,17.945873201513816,0.8547866618859806
13663,45975.2,91159.23999999999,22592.019999999997,4040,4500.0,24.783028028754956,1.113861386138614
13665,423628.8,624742.74,100556.97,47280,46350.0,16.095740464306957,0.9803299492385786
13669,2959.2000000000003,3912.98,476.8899999999999,240,202.0,12.187386595382543,0.8416666666666667
13670,11748.24,14105.880000000001,1178.8200000000006,1764,1412.0,8.356940509915017,0.800453514739229
13688,703.9200000000001,2274.32,785.2,168,168.0,34.52460515670618,1.0
13693,9262.76,12285.3,1511.2699999999995,1222,1070.0,12.301449700048021,0.8756137479541735
13694,47822.4,71251.44,11714.52,4428,4456.0,16.441099295677393,1.006323396567299
13695,25588.64,42668.64,8540.0,4154,4336.0,20.014699320156442,1.0438131921039961
13696,3371.52,4594.92,611.7,768,708.0,13.312527748034785,0.921875
13697,624.22,575.28,-24.470000000000027,118,72.0,-4.253580864970107,0.6101694915254238
13700,378.72,175.78,-101.47000000000001,72,22.0,-57.72556604846969,0.3055555555555556
13702,3364.2,4659.82,647.81,756,718.0,13.902039134558844,0.9497354497354498
13703,2779.86,3958.9,589.52,642,610.0,14.891005077167899,0.9501557632398754
13708,170108.62,276978.13999999996,53434.75999999998,15014,14986.0,19.292049545859463,0.9981350739309978
13709,22329.0,33879.22,5775.110000000001,3308,3278.0,17.046171665109174,0.9909310761789601
13710,10492.2,12919.24,1213.5199999999995,1740,1676.0,9.393122196042489,0.9632183908045977
13711,6025.5,11474.06,2724.2799999999997,1170,1194.0,23.74294713466724,1.0205128205128204
13716,678.6,989.5200000000001,155.46000000000004,260,248.0,15.71064758670871,0.9538461538461539
13718,4717.44,8546.06,1914.31,648,794.0,22.39991294233834,1.2253086419753085
13723,52459.28,76860.06,12200.39,4538,4394.0,15.873510897597528,0.9682679594535037
13724,671.1600000000001,2134.04,731.4399999999999,94,196.0,34.274896440554066,2.0851063829787235
13725,383.76,239.7,-72.03,72,30.0,-30.05006257822278,0.4166666666666667
13726,148.92,227.88,39.480000000000004,12,12.0,17.324907846234865,1.0
13731,28792.8,47586.42,9396.81,2480,2558.0,19.746831133756228,1.0314516129032258
13734,676.08,1083.26,203.58999999999997,72,74.0,18.79419529937411,1.0277777777777777
13744,26158.14,38926.7,6384.279999999999,4338,4330.0,16.400773761968004,0.9981558321807285
13745,11063.880000000001,16783.2,2859.66,1684,1680.0,17.03882453882454,0.997624703087886
13766,27881.16,40137.7,6128.269999999999,3396,3230.0,15.268114515779427,0.9511189634864546
13767,8372.7,11779.58,1703.4399999999996,886,842.0,14.460957012049663,0.9503386004514672
13779,21222.3,28277.96,3527.83,3270,2804.0,12.475546326538407,0.8574923547400611
13784,2314.62,4066.3999999999996,875.8899999999999,154,160.0,21.539691127287032,1.0389610389610389
13791,986.5,1559.48,286.49,50,52.0,18.37086721214764,1.04
13792,37945.6,54145.82,8100.110000000001,6160,6018.0,14.959806684985102,0.9769480519480519
13793,39725.6,63351.62,11813.010000000002,5842,5838.0,18.64673705265943,0.9993153029784321
13795,21607.5,36981.82,7687.16,3350,3418.0,20.786321495264428,1.0202985074626865
13796,1646.6399999999999,1049.7,-298.4699999999999,72,30.0,-28.43383823949699,0.4166666666666667
13805,6748.36,9398.22,1324.9299999999998,452,378.0,14.097669558703668,0.8362831858407079
13807,50824.9,77314.06,13244.579999999998,8542,8394.0,17.13088149813889,0.9826738468742683
13808,1889.72,2565.86,338.07000000000005,238,214.0,13.17569937564793,0.8991596638655462
13823,576.24,955.02,189.39,98,98.0,19.830998303700444,1.0
13826,88.32,131.76,21.72,24,24.0,16.484517304189435,1.0
13831,2480.64,3357.2,438.28,304,280.0,13.054926724651494,0.9210526315789473
13832,277.92,59.900000000000006,-109.01,72,10.0,-181.98664440734558,0.1388888888888889
13835,197.04,23.98,-86.53,24,2.0,-360.8423686405338,0.08333333333333333
13836,20344.079999999998,36758.299999999996,8207.109999999999,1896,1970.0,22.327229496467464,1.0390295358649788
13837,12078.84,19998.94,3960.0499999999993,2108,2106.0,19.801299468871846,0.9990512333965844
13854,37658.28,68591.48,15466.599999999999,3642,4052.0,22.548864669489564,1.1125755079626578
13860,68.02,1979.64,955.8100000000001,2,36.0,48.282010870663356,18.0
13867,2494.08,3413.56,459.74,288,244.0,13.46805094974162,0.8472222222222222
13871,609.8399999999999,921.36,155.76000000000005,264,264.0,16.905444126074503,1.0
13872,1877.04,2512.8,317.8800000000001,792,720.0,12.650429799426938,0.9090909090909091
13875,13.68,0.0,-6.84,2,0.0,-inf,0.0
13887,10836.0,11415.880000000001,289.9400000000005,350,212.0,2.5397954428392775,0.6057142857142858
13895,23025.34,35444.56,6209.609999999999,2242,2144.0,17.5192187461207,0.9562890276538805
13899,11787.6,18425.0,3318.7,1128,1100.0,18.01194029850746,0.975177304964539
13916,215.04,311.76,48.36,24,24.0,15.511932255581218,1.0
13918,627.84,701.46,36.81,72,54.0,5.247626379266102,0.75
13920,2082.2400000000002,3165.12,541.4399999999998,288,288.0,17.106460418562325,1.0
13921,1077.1200000000001,1582.56,252.7199999999999,144,144.0,15.969062784349402,1.0
13929,378.72,623.52,122.39999999999998,48,48.0,19.630484988452654,1.0
13930,39893.44,59862.36,9984.46,8452,8564.0,16.67902835771927,1.0132513014671083
13931,37879.799999999996,81585.98,21853.09,4060,4802.0,26.785349639729766,1.1827586206896552
13932,13728.18,20539.52,3405.67,4386,4288.0,16.581059343158945,0.97765617875057
13933,25720.32,38585.08,6432.380000000001,4352,4292.0,16.670640568841637,0.9862132352941176
13940,248981.7,406354.1,78686.19999999998,23826,22390.0,19.36394883181934,0.9397297070427264
13941,1033.6,6478.56,2722.4800000000005,34,144.0,42.022918673285425,4.235294117647059
13942,306.0,455.88,74.94,12,12.0,16.438536456962357,1.0
13948,52595.46,80396.64,13900.59,1038,936.0,17.29001361250918,0.9017341040462428
13949,24510.84,38196.7,6842.9299999999985,628,530.0,17.914976948270397,0.8439490445859873
13950,2859.84,2939.08,39.61999999999989,144,92.0,1.348040883541785,0.6388888888888888
13956,18384.4,29263.84,5439.719999999999,2360,2216.0,18.58853793623803,0.9389830508474576
13958,36905.2,60303.78,11699.29,5140,5222.0,19.40059147204371,1.015953307392996
13959,1123.36,979.3,-72.02999999999997,118,70.0,-7.3552537526804835,0.5932203389830508
13960,320.32,839.4,259.53999999999996,44,60.0,30.919704550869664,1.3636363636363635
13963,88843.5,141931.52,26544.009999999995,13162,13248.0,18.701983886313624,1.0065339614040418
13967,10870.4,26423.82,7776.71,1264,2018.0,29.43068034826153,1.5965189873417722
13968,71464.64,104997.18000000001,16766.270000000004,8528,7882.0,15.968305053526203,0.924249530956848
13978,43268.4,49615.82,3173.709999999999,1818,1418.0,6.39656867507178,0.7799779977997799
13979,79130.2,116726.64,18798.22,3460,3336.0,16.104481376316496,0.9641618497109826
13980,1012.6800000000001,1550.06,268.68999999999994,194,194.0,17.334167709637043,1.0
13981,16632.12,29865.96,6616.92,3162,3404.0,22.155390283787966,1.0765338393421884
13985,3629.46,6428.56,1399.5500000000002,482,544.0,21.770816481451526,1.1286307053941909
13990,253.2,389.7,68.25,30,30.0,17.513471901462662,1.0
13991,59116.86,89650.26,15266.699999999997,8998,8974.0,17.029175375509226,0.9973327406090242
13993,2149.2,3211.98,531.3900000000001,398,402.0,16.544000896643198,1.0100502512562815
13994,14650.8,27034.0,6191.6,2526,2600.0,22.90301102315603,1.0292953285827395
13997,355.92,0.0,-177.96,24,0.0,-inf,0.0
14004,69936.2,101111.36,15587.580000000002,7858,7664.0,15.416249964395693,0.9753117841689998
14006,1031195.52,1625798.76,297301.62,189558,183200.0,18.286495679206936,0.9664588147163401
14008,77695.2,117321.32,19813.060000000005,9592,9668.0,16.88785976836947,1.0079232693911593
14013,905.5799999999999,3398.64,1246.53,54,136.0,36.67731798601794,2.5185185185185186
14031,1567.32,2078.7,255.68999999999994,148,130.0,12.30047625920046,0.8783783783783784
14050,3160.8,571.48,-1294.66,360,52.0,-226.5451109400154,0.14444444444444443
14053,344.64,175.84,-84.39999999999999,48,16.0,-47.99818016378525,0.3333333333333333
14054,100409.94,148406.92,23998.490000000005,16542,16508.0,16.170735165179632,0.9979446258009914
14061,15999.1,60202.6,22101.75,310,740.0,36.712284851484824,2.3870967741935485
14062,15562.8,32337.780000000002,8387.490000000002,440,622.0,25.937123698658354,1.4136363636363636
14078,149422.5,244723.71999999997,47650.609999999986,13282,13228.0,19.471185710972353,0.9959343472368619
14082,533.0,95.94,-218.53,50,6.0,-227.77777777777777,0.12
14096,4274.0,5038.6,382.3000000000002,200,140.0,7.587425078394795,0.7
14097,820.8,1720.86,450.03,96,114.0,26.151459154143858,1.1875
14099,287.28000000000003,287.52,0.11999999999997613,72,48.0,0.041736227045066826,0.6666666666666666
14100,1736.64,2360.06,311.7099999999999,432,394.0,13.20771505809174,0.9120370370370371
14101,388.8,527.12,69.16,96,88.0,13.12035210198816,0.9166666666666666
14102,192.96,47.92,-72.52000000000001,48,8.0,-151.3355592654424,0.16666666666666666
14105,2254.8,7819.32,2782.2599999999998,30,68.0,35.58186645386044,2.2666666666666666
14110,1302.98,1631.32,164.16999999999996,82,68.0,10.063629453448739,0.8292682926829268
14119,6022.08,8764.56,1371.2399999999998,2788,2664.0,15.645280538897557,0.9555236728837877
14120,4410.0,5582.8,586.4000000000001,140,120.0,10.503689904707317,0.8571428571428571
14121,1644.24,2387.24,371.4999999999999,78,76.0,15.56190412359042,0.9743589743589743
14124,193.2,287.76,47.28,24,24.0,16.430358632193496,1.0
14126,526.64,4700.64,2087.0,58,336.0,44.398209605500526,5.793103448275862
14129,220014.08000000002,337560.08,58773.0,36608,37944.0,17.411122784424034,1.0364947552447552
14130,19430.0,32397.72,6483.860000000001,3350,3428.0,20.013321925123126,1.0232835820895523
14133,661.2,655.18,-3.0100000000000477,120,82.0,-0.4594157330809927,0.6833333333333333
14157,23.52,35.98,6.229999999999999,2,2.0,17.31517509727626,1.0
14169,564.48,335.72,-114.38,72,28.0,-34.070058381984985,0.3888888888888889
14174,10519.74,16816.72,3148.4900000000007,322,328.0,18.722378680265834,1.0186335403726707
14184,88804.48,147799.18,29497.35,10184,10682.0,19.95772236354762,1.0489002356637864
14190,443.52,597.46,76.97000000000003,72,54.0,12.882870819803841,0.75
14191,16365.44,24339.7,3987.13,2248,2030.0,16.381179718731126,0.9030249110320284
14194,30906.0,40573.32,4833.66,1212,1068.0,11.913395305092115,0.8811881188118812
14195,10455.62,8566.72,-944.4500000000007,658,328.0,-11.024639535318077,0.49848024316109424
14207,226.8,335.76,54.47999999999999,24,24.0,16.225875625446744,1.0
14212,919.68,911.28,-4.199999999999989,96,72.0,-0.4608901764550949,0.75
14217,44.72,713.5799999999999,334.42999999999995,4,42.0,46.86650410605678,10.5
14219,5142.0,131.98,-2505.01,120,2.0,-1898.0224276405518,0.016666666666666666
14235,1407.12,2833.6200000000003,713.2500000000002,858,1138.0,25.17098270057383,1.3263403263403264
14236,1217.52,3007.92,895.2,712,1208.0,29.76142982526131,1.696629213483146
14240,139842.4,230133.72,45145.66,26090,25228.0,19.617142589969,0.9669605212725182
14250,33179.44,57759.92,12290.239999999998,5012,5208.0,21.27814581460639,1.0391061452513966
14279,48723.48,81501.12,16388.819999999996,9334,9088.0,20.108705254602633,0.9736447396614527
14280,13362.24,22192.74,4415.250000000001,2694,2626.0,19.895019722666063,0.9747587230883444
14289,58838.62,54092.38,-2373.1200000000026,4414,3362.0,-4.387161370973144,0.7616674218396012
14293,4684.8,7295.68,1305.44,30,32.0,17.89332865476556,1.0666666666666667
14300,8187.86,13300.8,2556.47,1102,1120.0,19.22042283170937,1.0163339382940109
14306,2799.72,10149.84,3675.0600000000004,126,216.0,36.20805845215294,1.7142857142857142
14316,299.76,455.76,78.0,24,24.0,17.114270668773038,1.0
14328,2744.7000000000003,7199.28,2227.29,42,72.0,30.937677101043437,1.7142857142857142
14329,20330.4,33424.88,6547.239999999998,2364,2312.0,19.587923726278145,0.9780033840947546
14341,285.6,703.28,208.83999999999997,48,72.0,29.695142759640543,1.5
14342,189446.4,285625.2,48089.40000000001,41184,37880.0,16.83653963305759,0.9197746697746698
14344,197.04,287.76,45.36,24,24.0,15.763135946622187,1.0
14347,18.28,27.98,4.85,2,2.0,17.333809864188705,1.0
14348,4829.64,7223.64,1197.0,668,636.0,16.570593218931176,0.9520958083832335
14352,219.36,0.0,-109.68,24,0.0,-inf,0.0
14357,3563.2,4955.04,695.9200000000001,524,496.0,14.044689851141465,0.9465648854961832
14360,11.6,17.98,3.1900000000000004,2,2.0,17.741935483870968,1.0
14363,97434.12000000001,171367.0,36966.439999999995,7212,7100.0,21.571504432008492,0.9844703272323905
14364,6599.780000000001,15503.66,4451.94,22,34.0,28.715413005703166,1.5454545454545454
14369,210.72,77.94,-66.39,24,6.0,-85.18090839107005,0.25
14370,462.76,599.6,68.42000000000002,46,40.0,11.410940627084726,0.8695652173913043
14381,28256.719999999998,41286.18,6514.730000000001,2686,2582.0,15.779444840864429,0.9612807148175726
14382,17261.7,25807.86,4273.08,1630,1614.0,16.557281386368338,0.9901840490797545
14383,41362.56,62041.2,10339.32,4008,3880.0,16.665248254385794,0.9680638722554891
14385,571.86,703.54,65.83999999999997,54,46.0,9.358387582795574,0.8518518518518519
14386,16113.099999999999,25542.82,4714.860000000001,2690,2718.0,18.458651002512646,1.0104089219330854
14390,1638.3600000000001,2182.18,271.90999999999985,222,182.0,12.460475304511997,0.8198198198198198
14393,385086.0,656796.12,135855.06,59244,56588.0,20.684510133829658,0.9551684558773884
14398,217.68,0.0,-108.84,2,0.0,-inf,0.0
14410,1346.56,1981.46,317.45000000000005,256,254.0,16.021014807263334,0.9921875
14411,453.59999999999997,463.42,4.910000000000025,84,58.0,1.0595140477320841,0.6904761904761905
14413,1616.1599999999999,2489.76,436.8000000000002,624,624.0,17.543859649122812,1.0
14415,39236.4,58055.340000000004,9409.470000000001,7266,7266.0,16.207759699624532,1.0
14416,64649.6,150560.26,42955.33,7264,9774.0,28.5303240044883,1.3455396475770924
14417,1566.72,1889.3,161.28999999999996,288,270.0,8.537024294712324,0.9375
14419,438.48,431.46,-3.5100000000000193,84,54.0,-0.8135168961201547,0.6428571428571429
14420,370.79999999999995,511.36,70.28000000000003,72,64.0,13.743742177722156,0.8888888888888888
14425,13684.08,12589.140000000001,-547.4699999999993,444,286.0,-4.348748206787749,0.6441441441441441
14432,210.72,311.76,50.519999999999996,24,24.0,16.204772902232488,1.0
14433,26169.6,44137.12,8983.760000000002,4512,4488.0,20.35420525852163,0.9946808510638298
14436,5871.0199999999995,4844.6,-513.2099999999996,746,340.0,-10.593444247203063,0.45576407506702415
14437,26443.52,32066.26,2811.369999999999,2264,1774.0,8.76737729937947,0.7835689045936396
14439,49979.88,86333.58,18176.850000000002,14614,14582.0,21.0542062543914,0.9978103188723142
14457,13653.359999999999,20919.74,3633.1900000000014,1764,1626.0,17.367280855307,0.9217687074829932
14471,7489.46,15429.06,3969.7999999999997,1154,1494.0,25.729370421788495,1.2946273830155979
14474,443.52,233.73999999999998,-104.89,72,26.0,-44.8746470437238,0.3611111111111111
14475,66961.44,103485.74,18262.15,10192,10026.0,17.647020739282535,0.983712715855573
14483,473.28,359.76,-56.75999999999999,48,24.0,-15.777184789859906,0.5
14485,905.76,75.96,-414.9,72,4.0,-546.2085308056872,0.05555555555555555
14493,153.84,222.96,34.56,24,24.0,15.500538213132401,1.0
14495,351.84,219.8,-66.01999999999998,48,20.0,-30.036396724294807,0.4166666666666667
14502,453.6,307.78,-72.91000000000003,48,22.0,-23.688998635388923,0.4583333333333333
14505,324.0,379.62,27.810000000000002,48,38.0,7.32574679943101,0.7916666666666666
14526,635.52,0.0,-317.76,48,0.0,-inf,0.0
14538,11104.4,19393.219999999998,4144.409999999999,920,1078.0,21.37040677102616,1.1717391304347826
14539,93014.76,129033.92,18009.58,9246,8608.0,13.95724473068787,0.9309971879731775
14542,387.08,599.98,106.45000000000002,2,2.0,17.742258075269177,1.0
14551,97589.92,172807.72,37608.9,18448,21628.0,21.763437420504133,1.172376409366869
14552,33020.56,42889.04,4934.240000000002,2494,2296.0,11.504664128644524,0.9206094627105053
14620,66.64,2027.1,980.2299999999999,14,290.0,48.356272507523066,20.714285714285715
14622,803422.84,1116689.3800000001,156633.27000000008,92774,91216.0,14.026574695283667,0.983206501821631
14623,45586.8,62190.020000000004,8301.61,9720,9598.0,13.34878168555019,0.9874485596707819
14624,17777.300000000003,26117.760000000002,4170.23,3890,4024.0,15.96702780024014,1.0344473007712083
14625,12591.24,19040.94,3224.8499999999995,1902,1906.0,16.936401249097994,1.0021030494216614
14626,55.56,83.88,14.159999999999997,12,12.0,16.881258941344775,1.0
14627,1886.7,2788.14,450.7199999999999,190,186.0,16.165615786868663,0.9789473684210527
14628,308.4,383.04,37.32000000000002,120,96.0,9.743107769423565,0.8
14631,46182.53999999999,60647.36,7232.4100000000035,1938,1664.0,11.92535008943506,0.8586171310629515
14632,21888.72,33928.32,6019.799999999999,606,568.0,17.74269990379718,0.9372937293729373
14635,3051.84,1325.2199999999998,-863.3100000000002,264,78.0,-65.14465522705666,0.29545454545454547
14638,275.52,1631.04,677.76,24,96.0,41.55385520894644,4.0
14647,310.08,0.0,-155.04,24,0.0,-inf,0.0
14652,2287.44,3421.86,567.21,216,214.0,16.576072662236328,0.9907407407407407
14654,155.76,479.52,161.88,24,48.0,33.75875875875876,2.0
14655,3369.48,5214.78,922.6499999999999,516,522.0,17.692980336658497,1.0116279069767442
14657,11087.939999999999,17343.0,3127.5300000000007,1306,1300.0,18.0333852274693,0.9954058192955589
14663,32644.04,45935.52,6645.739999999998,3718,3448.0,14.467540587327624,0.9273803119956966
14666,9273.92,14516.259999999998,2621.169999999999,794,774.0,18.056785976553186,0.9748110831234257
14670,925.12,1281.86,178.36999999999995,236,214.0,13.91493610846738,0.9067796610169492
14671,762.48,1151.28,194.39999999999998,72,72.0,16.885553470919323,1.0
14672,645841.08,1016513.9,185336.41000000003,55628,55458.0,18.23255048455314,0.9969439850435032
14675,335.52,562.5,113.49000000000001,48,50.0,20.176000000000002,1.0416666666666667
14676,630.72,995.04,182.15999999999997,96,96.0,18.3068017366136,1.0
14681,519.98,1559.96,519.99,2,4.0,33.333547014025996,2.0
14682,2818.4,3989.62,585.6099999999999,40,38.0,14.67834029306049,0.95
14683,3918.0,5669.46,875.73,60,54.0,15.446444634938777,0.9
14684,27646.399999999998,38072.04,5212.8200000000015,934,796.0,13.691990237455101,0.8522483940042827
14688,5997.6,8547.7,1275.0500000000002,252,230.0,14.916878224551636,0.9126984126984127
14690,24747.12,45739.7,10496.289999999999,3618,4230.0,22.9478767897472,1.1691542288557213
14697,326.4,479.76,76.68,24,24.0,15.982991495747875,1.0
14701,296876.34,464429.32,83776.48999999999,64962,61668.0,18.03858765850528,0.9492934330839568
14703,11051.64,18822.36,3885.3600000000006,1458,1564.0,20.642257400240993,1.0727023319615911
14704,7359.92,11729.36,2184.7200000000003,1868,1864.0,18.626080195338876,0.9978586723768736
14705,229.92,27.98,-100.97,24,2.0,-360.86490350250176,0.08333333333333333
14706,445666.4,844425.1,199379.34999999998,96884,95090.0,23.611253384107126,0.9814830106106271
14708,152.82,155.88,1.5300000000000011,18,12.0,0.9815242494226335,0.6666666666666666
14710,14739.6,22043.18,3651.79,1420,1282.0,16.566529874546234,0.9028169014084507
14711,1458.54,4178.26,1359.8600000000001,222,374.0,32.54608377650027,1.6846846846846846
14712,182.16,250.14,33.989999999999995,72,66.0,13.588390501319262,0.9166666666666666
14716,887.04,695.64,-95.69999999999999,72,36.0,-13.757115749525614,0.5
14717,851.04,1218.78,183.87,144,122.0,15.086397873283119,0.8472222222222222
14719,16007.2,24892.68,4442.74,1070,1132.0,17.847576074572927,1.0579439252336449
14724,10469.76,14667.439999999999,2098.8399999999992,912,856.0,14.309518225402657,0.9385964912280702
14761,576.48,665.82,44.670000000000016,24,18.0,6.709020455979095,0.75
14782,635.52,239.94,-197.79,24,6.0,-82.43310827706927,0.25
14799,16176.6,23502.62,3663.0099999999993,1254,1138.0,15.585538973952689,0.9074960127591707
14805,112299.59999999999,171581.62,29641.010000000002,19362,18038.0,17.275166186215053,0.931618634438591
14808,344.64,153.86,-95.38999999999999,48,14.0,-61.99792018718314,0.2916666666666667
14810,36908.92,51779.06,7435.07,4262,4094.0,14.359221662193173,0.9605818864382919
14811,17334.06,22699.48,2682.709999999999,2302,2252.0,11.818376456200754,0.9782797567332754
14818,91784.42,127062.72,17639.15,8554,8288.0,13.882238629867203,0.9689034369885434
14826,185.76,575.52,194.88,24,48.0,33.861551292743954,2.0
14833,1448.4,1437.2,-5.600000000000023,120,80.0,-0.38964653492903023,0.6666666666666666
14834,1486.08,1942.9199999999998,228.41999999999996,144,108.0,11.756531406336853,0.75
14835,835.92,867.4,15.740000000000009,86,60.0,1.8146183998155418,0.6976744186046512
14836,490.32,716.0999999999999,112.88999999999996,72,50.0,15.764558022622536,0.6944444444444444
14837,909.12,173.88,-367.62,96,12.0,-211.4216701173223,0.125
14838,140846.28,255980.6,57567.16,18268,18484.0,22.488876110142723,1.0118239544558791
14846,281.28,0.0,-140.64,24,0.0,-inf,0.0
14852,32950.08,54178.340000000004,10614.130000000001,4038,3966.0,19.59109489142709,0.9821693907875185
14857,190.56,307.6,58.52000000000001,48,40.0,19.02470741222367,0.8333333333333334
14883,972.48,1439.04,233.27999999999997,96,96.0,16.210807204803203,1.0
14895,66424.7,96873.6,15224.450000000004,12898,12140.0,15.715788408813136,0.9412311986354474
14920,17906.56,32546.54,7319.99,2284,2346.0,22.490839272008635,1.0271453590192645
14922,842.4,1227.96,192.78000000000003,324,324.0,15.69920844327177,1.0
14923,792.48,1296.1799999999998,251.8499999999999,312,342.0,19.430171735407114,1.0961538461538463
14929,3216.36,5417.22,1100.43,588,678.0,20.313555661390897,1.153061224489796
14930,190103.94,308041.83999999997,58968.94999999998,32058,31464.0,19.143162500262946,0.9814710836608647
14935,1090.32,1669.1799999999998,289.42999999999995,84,82.0,17.339651805077942,0.9761904761904762
14939,356.64,183.84,-86.39999999999999,48,16.0,-46.997389033942554,0.3333333333333333
14959,242.88,371.76,64.44,24,24.0,17.333763718528083,1.0
14961,602.3,555.64,-23.329999999999984,190,116.0,-4.19876178820819,0.6105263157894737
14962,1684.3200000000002,2395.0,355.3399999999999,528,500.0,14.836743215031312,0.946969696969697
14964,2217.6,3182.46,482.43000000000006,360,354.0,15.159027921796348,0.9833333333333333
14972,57840.18,73523.7,7841.759999999998,2694,2230.0,10.665622105525156,0.8277654046028211
14973,2760.96,4702.9400000000005,970.9900000000002,96,106.0,20.64644669079342,1.1041666666666667
14974,7440.4,12411.56,2485.58,836,844.0,20.02633029208254,1.0095693779904307
14975,55034.54,95898.44,20431.95,13522,13356.0,21.30582103316801,0.9877237095104274
14983,37451.2,52430.24,7489.52,2104,1976.0,14.284733390501362,0.9391634980988594
14988,340.56,527.76,93.6,24,24.0,17.735334242837652,1.0
14991,52324.36,87188.37999999999,17432.009999999995,4364,4762.0,19.99350142759849,1.0912007332722273
14993,866.8799999999999,1095.56,114.34000000000003,288,244.0,10.43667165650444,0.8472222222222222
14997,128.88,195.92,33.519999999999996,8,8.0,17.109024091465905,1.0
15001,162.0,239.76,38.879999999999995,24,24.0,16.216216216216214,1.0
15004,74.4,107.76,16.68,24,24.0,15.478841870824054,1.0
15006,966.24,419.85999999999996,-273.19000000000005,48,14.0,-65.06692707092843,0.2916666666666667
15007,46748.1,65688.62,9470.259999999998,3390,3338.0,14.416895955494269,0.984660766961652
15009,50596.76,77401.28,13402.259999999998,4022,3872.0,17.315295044216324,0.9627051218299354
15010,504.96,383.76,-60.599999999999994,48,24.0,-15.791119449656033,0.5
15020,354.96,435.52,40.28,72,48.0,9.248714180749449,0.6666666666666666
15035,52658.72,94426.08,20883.68,7184,8592.0,22.1164322399066,1.1959910913140313
15036,1269.22,1311.8,21.289999999999964,34,20.0,1.6229608171977408,0.5882352941176471
15037,13255.16,18617.2,2681.0200000000004,326,280.0,14.400769181187293,0.8588957055214724
15043,9450.0,14761.599999999999,2655.7999999999993,600,640.0,17.991274658573595,1.0666666666666667
15047,71935.2,137671.13999999998,32867.969999999994,8730,8486.0,23.87426297189084,0.9720504009163803
15054,202.56,87.92,-57.32,24,8.0,-65.19563239308462,0.3333333333333333
15056,3460.9,5944.68,1241.89,530,532.0,20.89077965508657,1.0037735849056604
15057,10852.8,17750.54,3448.870000000001,1596,1746.0,19.429662421537603,1.093984962406015
15058,2153.9,4631.4800000000005,1238.7900000000002,362,452.0,26.747173689619736,1.2486187845303867
15059,7204.400000000001,12286.12,2540.86,1162,1188.0,20.68073565942706,1.0223752151462995
15063,1810.5,2302.72,246.1099999999999,150,128.0,10.687795302946078,0.8533333333333334
15064,7777.84,9902.28,1062.2200000000003,602,572.0,10.727024483250323,0.9501661129568106
15065,13534.08,6409.98,-3562.05,742,202.0,-55.57037619462152,0.2722371967654987
15070,228.48,195.86,-16.309999999999988,24,14.0,-8.327376697641165,0.5833333333333334
15076,10944.359999999999,16246.44,2651.040000000001,1414,1356.0,16.317667131999382,0.958981612446959
15079,29241.719999999998,41045.78,5902.030000000001,3778,3622.0,14.379139585116912,0.9587083112758074
15082,443.52,407.66,-17.92999999999998,72,34.0,-4.398273070696162,0.4722222222222222
15084,295.68,71.94,-111.87,48,6.0,-155.50458715596332,0.125
15085,15563.02,20700.359999999997,2568.6699999999983,1298,1164.0,12.40881801089449,0.8967642526964561
15089,39498.840000000004,53578.5,7039.829999999998,6012,5350.0,13.139281614826839,0.8898868928809048
15091,430.08,623.76,96.84,24,24.0,15.525202000769529,1.0
15092,34293.840000000004,47279.78,6492.9699999999975,2086,2022.0,13.73307997626046,0.9693192713326941
15094,513455.83999999997,736837.32,111690.73999999999,56548,50732.0,15.158127441210498,0.8971493244677089
15105,320265.95999999996,496302.76,88018.40000000002,46686,45748.0,17.734819770093566,0.9799083236944695
15133,154.8,239.76,42.47999999999999,24,24.0,17.717717717717715,1.0
15136,328.5,191.88,-68.31,30,12.0,-35.60037523452158,0.4
15137,4829.04,5340.66,255.80999999999995,456,334.0,4.789857433350933,0.7324561403508771
15138,68209.24,108552.08,20171.42,4378,4392.0,18.58225102641976,1.0031978072179077
15139,24841.8,38750.94,6954.5700000000015,3730,3706.0,17.9468420637022,0.9935656836461126
15146,57700.72,83891.01999999999,13095.149999999994,4466,4298.0,15.609716033968827,0.9623824451410659
15156,57725.2,96369.94,19322.370000000003,6530,6506.0,20.050204451720113,0.9963246554364472
15161,25101.44,35896.5,5397.530000000001,364,350.0,15.0363684481774,0.9615384615384616
15167,229.92,335.76,52.92,24,24.0,15.761258041458184,1.0
15168,27827.8,43312.08,7742.140000000001,2860,2792.0,17.875244042770518,0.9762237762237762
15171,7034.82,8833.9,899.54,754,610.0,10.18281846070252,0.8090185676392573
15178,1239.8400000000001,2011.3799999999999,385.76999999999987,168,162.0,19.179369388181243,0.9642857142857143
15188,2760.7999999999997,3703.88,471.5400000000002,476,412.0,12.730974005637336,0.865546218487395
15189,2217.6,2894.7799999999997,338.5899999999999,360,322.0,11.696571069304056,0.8944444444444445
15192,3556.1,5333.82,888.8599999999999,430,418.0,16.66460435485262,0.9720930232558139
15193,41919.84,55083.46,6581.810000000001,1354,1254.0,11.948795518654785,0.9261447562776958
15194,51069.72,62091.64,5510.959999999999,988,836.0,8.875526560419404,0.8461538461538461
15205,30547.2,54164.520000000004,11808.660000000002,1720,1548.0,21.80146708583405,0.9
15209,3534.72,5340.66,902.97,336,334.0,16.907460875622114,0.9940476190476191
15215,21110.920000000002,21052.98,-28.970000000001164,1042,702.0,-0.13760522263357094,0.6737044145873321
15222,883.2,1333.54,225.16999999999996,46,46.0,16.885132804415314,1.0
15228,41401.36,51655.08,5126.860000000001,2002,1692.0,9.925180640510092,0.8451548451548452
15229,153370.13999999998,355137.12,100883.49,5874,8288.0,28.40691223716631,1.410963568266939
15230,49144.439999999995,76661.72,13758.640000000003,1514,1428.0,17.947210159125053,0.9431968295904888
15232,85291.56,151527.86000000002,33118.15000000001,2844,3214.0,21.856145793915395,1.130098452883263
15233,57602.119999999995,78483.14,10440.510000000002,1972,1686.0,13.302869890271976,0.8549695740365112
15234,463.2,239.94,-111.63,24,6.0,-46.524131032758184,0.25
15235,7044.24,9709.199999999999,1332.4799999999996,1176,1080.0,13.72389074280064,0.9183673469387755
15247,13663.68,20405.6,3370.959999999999,1324,1240.0,16.519778884227858,0.9365558912386707
15249,1117.44,1630.08,256.31999999999994,192,192.0,15.724381625441694,1.0
15251,8670.48,13605.900000000001,2467.710000000001,3176,3410.0,18.13705818799198,1.0736775818639799
15252,24408.72,37266.6,6428.939999999999,9352,9340.0,17.251211540628873,0.9987168520102652
15253,453.59999999999997,517.3199999999999,31.859999999999985,144,108.0,6.158663883089768,0.75
15255,27153.76,39604.740000000005,6225.490000000003,10132,9926.0,15.719052820445237,0.9796683774180813
15259,3993.24,5344.18,675.4700000000003,428,382.0,12.6393572072797,0.8925233644859814
15260,1339.52,1732.48,196.48000000000002,184,152.0,11.34096786110085,0.8260869565217391
15261,922.32,1259.06,168.36999999999995,216,194.0,13.37267485266786,0.8981481481481481
15262,2328.48,3180.1,425.80999999999995,528,490.0,13.389830508474576,0.928030303030303
15263,12505.619999999999,19820.36,3657.370000000001,1622,1664.0,18.45259117392419,1.0258939580764488
15264,29550.079999999998,37975.64,4212.780000000001,3104,3236.0,11.093374594871873,1.0425257731958764
15265,14651.279999999999,20530.86,2939.790000000001,3078,3114.0,14.318883865556536,1.0116959064327486
15266,10596.359999999999,16295.32,2849.4800000000005,2334,2468.0,17.48649305444754,1.0574121679520136
15272,1112.16,349.90000000000003,-381.13,48,10.0,-108.92540725921691,0.20833333333333334
15289,95.76,79.9,-7.93,24,10.0,-9.92490613266583,0.4166666666666667
15290,22008.84,36452.8,7221.980000000001,5516,5520.0,19.811866303823027,1.0007251631617113
15291,6251.1,9957.2,1853.0500000000002,1866,1680.0,18.61015144819829,0.9003215434083601
15292,19040.5,32079.9,6519.700000000001,5650,5410.0,20.32331771607767,0.9575221238938053
15293,128.64,191.76,31.560000000000002,24,24.0,16.458072590738425,1.0
15294,918.68,1458.14,269.7300000000001,238,186.0,18.498223764521928,0.7815126050420168
15295,34489.44,56076.92,10793.739999999998,10026,9908.0,19.248097078084886,0.988230600438859
15297,627.26,1022.72,197.73000000000002,158,128.0,19.333737484355446,0.810126582278481
15298,458.64,227.88,-115.38,36,12.0,-50.631911532385466,0.3333333333333333
15300,196.8,83.86,-56.470000000000006,48,14.0,-67.33842117815408,0.2916666666666667
15303,504.96,699.3,97.16999999999999,96,70.0,13.895323895323894,0.7291666666666666
15314,31144.96,41479.14,5167.09,3476,3086.0,12.457080836295063,0.8878020713463751
15315,40497.48,64867.08,12184.8,6164,6092.0,18.784258517571622,0.9883192731992213
15316,219.36,0.0,-109.68,24,0.0,-inf,0.0
15319,773.22,791.34,9.060000000000002,98,66.0,1.144893471832588,0.673469387755102
15321,41510.7,64091.76,11290.530000000002,6930,6824.0,17.616195904122467,0.9847041847041847
15322,5099.22,5162.24,31.509999999999764,266,176.0,0.6103939375154926,0.6616541353383458
15323,1191.36,567.84,-311.75999999999993,48,16.0,-54.902789518174124,0.3333333333333333
15327,189.12,23.96,-82.58,48,4.0,-344.65776293823035,0.08333333333333333
15328,632.52,733.36,50.420000000000016,84,64.0,6.875204538016802,0.7619047619047619
15329,590.4000000000001,603.08,6.339999999999975,144,92.0,1.0512701465808805,0.6388888888888888
15330,226.8,139.9,-43.45,24,10.0,-31.057898498927806,0.4166666666666667
15332,28163.7,41341.9,6589.1,3294,3310.0,15.938067674683554,1.0048573163327261
15333,3445.96,4939.88,746.96,434,412.0,15.121015085386691,0.9493087557603687
15334,11848.640000000001,19745.760000000002,3948.5600000000004,1952,2024.0,19.99700188800026,1.0368852459016393
15340,226.8,335.76,54.47999999999999,24,24.0,16.225875625446744,1.0
15347,2092.0,2460.02,184.01,400,398.0,7.480020487638312,0.995
15349,4849.72,6280.14,715.21,922,786.0,11.388440385086957,0.8524945770065075
15350,4250.88,5978.56,863.8400000000001,576,544.0,14.448964299095435,0.9444444444444444
15355,132185.28,202368.74,35091.729999999996,14494,11726.0,17.340489445158376,0.8090244238995447
15356,61210.50000000001,93945.96,16367.73,9490,9404.0,17.422494804459923,0.9909378292939937
15357,8226.66,11972.8,1873.0699999999997,1194,1120.0,15.644377255111586,0.9380234505862647
15359,7889.28,4288.780000000001,-1800.2499999999995,336,122.0,-41.97580663965042,0.3630952380952381
15362,3110.3999999999996,6108.18,1498.8900000000003,288,382.0,24.539060734948876,1.3263888888888888
15365,183.66,1349.9,583.12,2,10.0,43.19727387213867,5.0
15366,703.1999999999999,645.24,-28.97999999999996,120,76.0,-4.491352055049278,0.6333333333333333
15392,25801.920000000002,40847.4,7522.74,5202,5060.0,18.41669237209712,0.9727028066128413
15393,408164.02,670920.7,131378.33999999997,90502,88930.0,19.581798564271452,0.9826302181167267
15399,31915.52,50342.24,9213.359999999999,4384,4376.0,18.301450233442136,0.9981751824817519
15401,7685.44,14363.3,3338.93,1316,1470.0,23.24625956430625,1.1170212765957446
15402,315.36,39.96,-137.70000000000002,48,4.0,-344.59459459459464,0.08333333333333333
15404,6094.96,11353.32,2629.18,376,468.0,23.15780758403709,1.2446808510638299
15414,297.6,179.8,-58.900000000000006,48,20.0,-32.758620689655174,0.4166666666666667
15415,287.52,143.84,-71.83999999999999,48,16.0,-49.94438264738598,0.3333333333333333
15418,1060.8,1558.8,249.0,120,120.0,15.973826020015396,1.0
15424,44106.159999999996,29720.66,-7192.749999999998,3842,2134.0,-24.201178574096264,0.5554398750650703
15425,2299.2,3210.54,455.6700000000001,160,146.0,14.192939505503748,0.9125
15426,3237.9,5811.1,1286.6000000000001,502,490.0,22.140386501695033,0.9760956175298805
15428,203375.16,290443.02,43533.93000000001,25614,24898.0,14.988802278670702,0.9720465370500507
15444,32994.54,54549.6,10777.529999999999,5022,5040.0,19.75730344493818,1.003584229390681
15463,9429.06,18231.94,4401.44,174,206.0,24.141369486735915,1.1839080459770115
15466,26254.62,42317.64,8031.51,4354,4236.0,18.979106585338883,0.9728984841525035
15470,39336.78,58716.46,9689.84,2566,2554.0,16.502766004626302,0.995323460639127
15476,7549.08,12397.52,2424.2200000000003,228,248.0,19.55407210474353,1.087719298245614
15477,466.47999999999996,1449.4199999999998,491.4699999999999,28,58.0,33.90804597701149,2.0714285714285716
15478,11640.68,12802.82,581.0699999999997,932,718.0,4.538609462602769,0.7703862660944206
15482,11681.599999999999,18771.46,3544.9300000000003,1960,1954.0,18.884679188512777,0.996938775510204
15496,267.52,791.56,262.02,22,44.0,33.10172317954419,2.0
15503,71534.8,111745.54000000001,20105.370000000003,8318,8246.0,17.99210062432917,0.9913440730944939
15504,11589.6,17725.16,3067.7799999999997,660,684.0,17.3074883386102,1.0363636363636364
15505,14377.300000000001,17467.94,1545.3199999999988,266,206.0,8.846606983994672,0.7744360902255639
15506,3752.92,3059.82,-346.54999999999995,34,18.0,-11.325829623964806,0.5294117647058824
15507,2432.0,3679.1800000000003,623.5900000000001,80,82.0,16.949157149147368,1.025
15508,1257.3600000000001,4639.42,1691.03,26,58.0,36.44916821499239,2.230769230769231
15509,11027.199999999999,15957.859999999999,2465.33,640,614.0,15.44900130719282,0.959375
15510,737.88,935.56,98.83999999999997,52,44.0,10.56479541664885,0.8461538461538461
15526,3598.56,4153.38,277.4100000000001,588,462.0,6.679138436646781,0.7857142857142857
15527,273246.3,446772.8,86763.25,41590,41520.0,19.419993786551018,0.9983169031017072
15528,34427.7,60447.979999999996,13010.14,3690,4002.0,21.522869746846794,1.0845528455284552
15537,306.0,0.0,-153.0,24,0.0,-inf,0.0
15542,1864.7999999999997,3058.2,596.7,168,180.0,19.511477339611538,1.0714285714285714
15545,623.28,1759.78,568.25,12,22.0,32.29096818920547,1.8333333333333333
15548,79711.24,114352.8,17320.78,13132,12720.0,15.146791333487242,0.9686262564727384
15549,4412.8,43189.200000000004,19388.2,160,1080.0,44.891315421447956,6.75
15550,28262.4,42459.54,7098.57,1472,1446.0,16.718433595842065,0.9823369565217391
15552,6166.299999999999,10007.72,1920.71,766,828.0,19.192283557093926,1.080939947780679
15569,876.96,1414.32,268.67999999999995,168,168.0,18.997115221449175,1.0
15572,2912.56,4044.32,565.8800000000001,392,368.0,13.991968983661037,0.9387755102040817
15575,4974.4800000000005,28857.9,11941.710000000001,846,3210.0,41.381077625191026,3.7943262411347516
15582,243.0,447.64,102.32,30,36.0,22.857653471539628,1.2
15584,10760.42,16735.3,2987.4399999999996,1658,1670.0,17.851129050569753,1.0072376357056694
15589,46.72,75.96,14.619999999999997,4,4.0,19.246972090573987,1.0
15605,969.84,3775.84,1403.0,6,16.0,37.15729480062714,2.6666666666666665
15618,519.6,649.5,64.94999999999999,60,50.0,9.999999999999998,0.8333333333333334
15619,58149.3,94069.74,17960.22,17358,16626.0,19.092452046747447,0.9578292430003457
15620,29935.600000000002,43115.2,6589.799999999997,4468,4280.0,15.284168924184504,0.9579230080572964
15639,2580.48,1740.72,-419.88,288,128.0,-24.12105335723149,0.4444444444444444
15643,3970.1,5557.22,793.5600000000002,290,278.0,14.279801771389295,0.9586206896551724
15645,119.94,173.94,27.0,6,6.0,15.52259399793032,1.0
15647,197.04,287.76,45.36,24,24.0,15.763135946622187,1.0
15650,8890.56,8426.92,-231.8199999999997,1134,708.0,-2.7509457785288065,0.6243386243386243
15651,23126.12,31001.84,3937.8600000000006,2414,2216.0,12.702020267184144,0.9179784589892295
15659,213.6,0.0,-106.8,24,0.0,-inf,0.0
15660,427.2,285.78000000000003,-70.70999999999998,48,22.0,-24.742809153894594,0.4583333333333333
15672,447.84,29.98,-208.92999999999998,48,2.0,-696.8979319546363,0.041666666666666664
15675,4790.24,9484.1,2346.9300000000003,658,790.0,24.745943210214993,1.2006079027355623
15677,190.56,287.76,48.599999999999994,24,24.0,16.889074228523768,1.0
15688,7199.76,14399.68,3599.96,24,32.0,25.000277783950754,1.3333333333333333
15717,2214.12,5147.82,1466.85,12,18.0,28.49458605778757,1.5
15720,959.76,1119.4399999999998,79.83999999999992,72,56.0,7.132137497320082,0.7777777777777778
15729,1822.68,4511.88,1344.6,1098,1812.0,29.801324503311257,1.650273224043716
15731,379.62,963.26,291.82,74,74.0,30.29503976081224,1.0
15737,207.68,261.78,27.049999999999983,32,22.0,10.333104133241648,0.6875
15739,4408.18,5909.12,750.4699999999998,322,288.0,12.700199014404848,0.8944099378881988
15743,38156.88,58630.159999999996,10236.64,3676,3584.0,17.459682866292706,0.9749727965179543
15744,3097.7999999999997,2467.72,-315.03999999999996,60,28.0,-12.766440276854748,0.4666666666666667
15745,6111.84,13139.38,3513.7699999999995,428,462.0,26.742281599283984,1.0794392523364487
15746,2365.44,3128.52,381.53999999999996,384,348.0,12.195542940431896,0.90625
15747,887.04,901.18,7.069999999999993,144,82.0,0.7845269535497896,0.5694444444444444
15748,7507.2,19257.34,5875.07,1380,2066.0,30.50821141445288,1.4971014492753623
15761,8122.38,11862.699999999999,1870.1599999999994,3262,3130.0,15.765045057196081,0.9595340282035562
15768,408.0,337.90000000000003,-35.04999999999998,24,10.0,-10.372891387984605,0.4166666666666667
15774,1126.28,1068.26,-29.00999999999999,148,74.0,-2.7156310261546803,0.5
15775,224.4,347.76,61.67999999999999,24,24.0,17.73636991028295,1.0
15782,489.6,59.96,-214.82000000000002,48,4.0,-358.2721814543029,0.08333333333333333
15790,1780.1999999999998,2326.06,272.93000000000006,230,194.0,11.733575230217625,0.8434782608695652
15812,236.08,1370.04,566.98,52,196.0,41.384193162243434,3.769230769230769
15820,10751.76,27594.54,8421.39,436,746.0,30.51831992850759,1.7110091743119267
15824,69358.72,118458.54,24549.909999999996,6464,6746.0,20.724474571440773,1.0436262376237624
15825,143.76,179.8,18.02000000000001,24,20.0,10.02224694104561,0.8333333333333334
15827,51975.0,77349.22,12687.11,7700,7478.0,16.402376132558285,0.9711688311688311
15832,4514.400000000001,6332.04,908.8199999999997,432,396.0,14.352720450281423,0.9166666666666666
15833,1853.0400000000002,2078.7,112.82999999999981,168,130.0,5.427911675566452,0.7738095238095238
15835,591.36,1362.76,385.7,96,124.0,28.302855968769265,1.2916666666666667
15837,18936.0,34778.1,7921.049999999999,3600,3590.0,22.775971085251925,0.9972222222222222
15838,3353.1200000000003,5448.82,1047.8499999999997,304,318.0,19.230769230769226,1.0460526315789473
15844,194.4,125.9,-34.25,24,10.0,-27.204130262112784,0.4166666666666667
15846,964.88,2299.08,667.0999999999999,56,92.0,29.01595420777006,1.6428571428571428
15850,1526.04,2289.06,381.51,314,314.0,16.666666666666664,1.0
15851,2680.56,1726.08,-477.24,216,192.0,-27.648776418242495,0.8888888888888888
15859,23976.04,17281.18,-3347.4300000000003,1276,682.0,-19.370378643125065,0.5344827586206896
15860,4798.08,15672.16,5437.04,784,784.0,34.69234617308654,1.0
15871,65.7,2462.46,1198.38,6,154.0,48.665968178163304,25.666666666666668
15875,62667.04,99549.5,18441.23,8728,8250.0,18.52468370006881,0.9452337305224565
15876,33813.6,50413.86,8300.130000000001,3504,3414.0,16.46398430907691,0.9743150684931506
15880,58428.0,299.96,-29064.02,1200,4.0,-9689.298573143087,0.0033333333333333335
15888,1053.0,2101.22,524.1099999999999,260,278.0,24.943128277857625,1.0692307692307692
15889,55406.4,91605.06,18099.329999999998,9312,9094.0,19.75800245095631,0.9765893470790378
15891,826.2,3573.02,1373.4099999999999,102,298.0,38.43835187040654,2.9215686274509802
15892,56959.74,87131.82,15086.040000000005,16902,16618.0,17.314042103103095,0.98319725476275
15899,23154.08,21387.7,-883.1900000000005,376,230.0,-4.129429531927231,0.6117021276595744
15900,20756.100000000002,36837.18,8040.539999999999,3218,3282.0,21.82724084742643,1.0198881292728403
15901,11920.8,159.98,-5880.41,240,2.0,-3675.715714464308,0.008333333333333333
15902,17599.62,18598.0,499.1900000000005,282,200.0,2.684105817829877,0.7092198581560284
15908,566.8199999999999,647.28,40.23000000000002,94,72.0,6.215239154616244,0.7659574468085106
15911,28297.08,42438.16,7070.540000000001,4788,4584.0,16.66080716034814,0.9573934837092731
15915,356.4,1790.26,716.9300000000001,120,374.0,40.04613854970786,3.1166666666666667
15916,26588.260000000002,43102.6,8257.169999999998,5818,5740.0,19.157011409984545,0.9865933310415951
15917,28146.4,43693.28,7773.439999999999,6040,5872.0,17.790928032869125,0.9721854304635762
15922,112889.52,140096.82,13603.650000000001,14436,13918.0,9.710177575765105,0.9641174840676088
15923,982.2600000000001,1187.92,102.82999999999998,306,248.0,8.656306822008213,0.8104575163398693
15929,2025.6,1663.68,-180.95999999999992,60,32.0,-10.87709174841315,0.5333333333333333
15931,6038.400000000001,4255.44,-891.4800000000005,120,56.0,-20.949185043144787,0.4666666666666667
15940,8682.960000000001,5998.8,-1342.0800000000004,264,120.0,-22.372474494898988,0.45454545454545453
15949,837.9,1081.26,121.68,98,74.0,11.253537539537207,0.7551020408163265
15951,1751.04,5506.9800000000005,1877.9700000000003,48,102.0,34.10163102099518,2.125
15954,28.92,179.88,75.47999999999999,4,12.0,41.9613075383589,3.0
15968,1374.32,1740.66,183.17000000000007,164,134.0,10.523020003906568,0.8170731707317073
15970,8353.800000000001,16094.220000000001,3870.21,390,378.0,24.04720452435719,0.9692307692307692
15971,3882.06,19358.24,7738.090000000001,54,176.0,39.973107059319446,3.259259259259259
15976,440.04,664.62,112.28999999999999,38,38.0,16.89536878216123,1.0
15977,2558.4,3837.6,639.5999999999999,240,240.0,16.666666666666664,1.0
15979,23750.16,32111.28,4180.5599999999995,2814,2472.0,13.018976509189292,0.8784648187633263
15980,35734.56,48582.6,6424.02,4098,3740.0,13.222882266490474,0.9126403123474865
15981,8359.68,13098.44,2369.38,896,956.0,18.089024341830022,1.0669642857142858
16000,11736.04,16121.279999999999,2192.619999999999,724,672.0,13.600781079418006,0.9281767955801105
16044,4619.1,6951.3,1166.1,890,870.0,16.77527944413275,0.9775280898876404
16045,3969.0,3054.48,-457.26,588,312.0,-14.97014221733323,0.5306122448979592
16046,441.6,55.96,-192.82000000000002,48,4.0,-344.5675482487491,0.08333333333333333
16047,652.8,1091.22,219.21000000000004,96,78.0,20.088524770440426,0.8125
16054,297.9,179.96,-58.969999999999985,10,4.0,-32.76839297621692,0.4
16061,482.88,1151.28,334.2,48,72.0,29.028559516364393,1.5
16069,620.16,113.94,-253.10999999999999,48,6.0,-222.14323328067405,0.125
16071,1420.1999999999998,927.84,-246.1799999999999,36,16.0,-26.532591826176915,0.4444444444444444
16087,371.52,95.92,-137.79999999999998,48,8.0,-143.66138448707252,0.16666666666666666
16127,2899.8,4754.28,927.2399999999998,358,372.0,19.503268633736333,1.0391061452513966
16129,107804.48,192520.08000000002,42357.80000000001,4256,4992.0,22.00175690764309,1.1729323308270676
16140,285.48,2944.7799999999997,1329.6499999999999,18,122.0,45.15277881539538,6.777777777777778
16144,925.6800000000001,974.78,24.549999999999955,168,122.0,2.5185169987073963,0.7261904761904762
16146,10623.24,15616.179999999998,2496.4699999999993,828,782.0,15.986432021147296,0.9444444444444444
16148,1134.0,559.6,-287.2,120,40.0,-51.322373123659744,0.3333333333333333
16150,374.0,329.7,-22.150000000000006,50,30.0,-6.718228692750988,0.6
16151,29889.0,44333.66,7222.330000000002,4050,4034.0,16.29084988697076,0.9960493827160494
16153,615.5999999999999,899.28,141.84000000000003,72,72.0,15.772618094475584,1.0
16155,4661.8,12479.220000000001,3908.7100000000005,44,78.0,31.321749275996417,1.7727272727272727
16159,50600.16,74707.18,12053.509999999995,7344,7434.0,16.13433943029304,1.0122549019607843
16163,524.04,790.68,133.32,132,132.0,16.86143572621035,1.0
16165,6369.3,13068.419999999998,3349.559999999999,674,758.0,25.630948500277768,1.1246290801186944
16166,1069.2,1341.76,136.27999999999997,264,224.0,10.156808967326494,0.8484848484848485
16170,236.16,287.52,25.679999999999993,72,48.0,8.931552587646074,0.6666666666666666
16172,1341.6,849.5,-246.04999999999995,120,50.0,-28.964096527369037,0.4166666666666667
16174,2343.6,12962.300000000001,5309.35,108,370.0,40.95993766538346,3.425925925925926
16175,37013.48,51718.68,7352.5999999999985,7892,7932.0,14.216526794574028,1.005068423720223
16178,702.1,2217.9,757.9000000000001,118,210.0,34.171964470895894,1.7796610169491525
16179,63207.04,85504.16,11148.560000000001,1846,1584.0,13.038617068456086,0.8580715059588299
16180,31149.36,54324.28,11587.46,4554,4772.0,21.330167652475097,1.0478700043917435
16189,111365.84,85918.76,-12723.54,6232,5124.0,-14.808803106562527,0.8222079589216945
16190,117.6,569.62,226.01,12,38.0,39.67732874547944,3.1666666666666665
16195,1175.04,383.68,-395.67999999999995,144,32.0,-103.12760633861551,0.2222222222222222
16196,383.52,383.68,0.0800000000000125,48,32.0,0.02085070892410668,0.6666666666666666
16199,2630.4,3805.7599999999998,587.6799999999998,240,224.0,15.44185655427562,0.9333333333333333
16200,114.64,1805.5800000000002,845.47,4,42.0,46.82539682539682,10.5
16202,1077.1200000000001,1822.56,372.7199999999999,144,144.0,20.450355543850403,1.0
16203,28262.78,31502.46,1619.8400000000001,4102,4034.0,5.141947644723619,0.9834227206240859
16205,11272.5,16652.34,2689.92,1002,966.0,16.153405467339727,0.9640718562874252
16210,456.96,671.76,107.4,24,24.0,15.987852804573063,1.0
16232,5586.12,9293.28,1853.5800000000004,1062,1072.0,19.945379887402513,1.009416195856874
16238,37.8,55.96,9.080000000000002,4,4.0,16.22587562544675,1.0
16239,2136.58,3523.84,693.6300000000001,634,616.0,19.683924355248823,0.9716088328075709
16240,2455.92,4140.82,842.4499999999998,758,718.0,20.345004129616836,0.9472295514511874
16241,1339.8,2529.6,594.9,406,440.0,23.517552182163186,1.083743842364532
16242,3162.2400000000002,5574.12,1205.9399999999998,976,988.0,21.63462573464511,1.0122950819672132
16245,3001.6,4458.42,728.4100000000001,560,558.0,16.33785062869806,0.9964285714285714
16246,4901.12,7079.139999999999,1089.0099999999998,896,886.0,15.38336577606884,0.9888392857142857
16247,1346.56,2269.16,461.29999999999995,256,284.0,20.329108568809602,1.109375
16248,4132.5,5992.5,930.0,750,750.0,15.519399249061328,1.0
16256,391.68,767.28,187.79999999999998,72,72.0,24.476071316859553,1.0
16257,746.88,1090.18,171.65000000000003,192,182.0,15.745106312719004,0.9479166666666666
16260,242196.16,384468.28,71136.06000000001,31952,31612.0,18.502452269924586,0.9893590385578368
16261,70945.92,97593.92,13324.0,8136,7688.0,13.65248982723514,0.9449360865290068
16262,281168.8,476419.1,97625.15,39160,38850.0,20.49144335313173,0.9920837589376915
16264,22975.04,28796.399999999998,2910.6799999999985,428,360.0,10.107791251684233,0.8411214953271028
16266,69.6,119.88,25.14,12,12.0,20.970970970970974,1.0
16274,1198.8,492.65999999999997,-353.07,120,34.0,-71.6660577274388,0.2833333333333333
16289,220024.86000000002,339069.76,59522.45,42394,42576.0,17.554632415465182,1.0042930603387272
16290,4529.52,7204.16,1337.3199999999997,1398,1504.0,18.563163505530135,1.0758226037195995
16309,8898.52,12442.14,1771.8099999999995,538,486.0,14.240395944749052,0.9033457249070632
16310,7719.04,13362.58,2821.77,448,542.0,21.116954959296784,1.2098214285714286
16311,714.96,959.76,122.39999999999998,24,24.0,12.753188297074267,1.0
16312,219.36,223.84,2.239999999999995,24,16.0,1.000714796283057,0.6666666666666666
16314,48752.64,81803.16,16525.260000000002,9216,8580.0,20.201248949307093,0.9309895833333334
16315,9771.300000000001,18787.24,4507.97,1034,1276.0,23.9948496958574,1.2340425531914894
16317,53833.159999999996,76970.56,11568.7,7102,7344.0,15.030032261685507,1.0340749084764855
16318,57895.28,92252.92,17178.82,7432,7508.0,18.621437673734338,1.0102260495156081
16320,89165.12,139266.1,25050.490000000005,15268,14790.0,17.987500188488085,0.9686926905947079
16321,438.88,1119.68,340.40000000000003,26,32.0,30.40154329808517,1.2307692307692308
16325,8386.56,15647.16,3630.3,1792,1804.0,23.20101539193055,1.0066964285714286
16326,52256.159999999996,83973.86,15858.850000000002,19794,19814.0,18.885460308719882,1.0010104071940993
16327,34196.22,54743.36,10273.57,13102,12864.0,18.766787424082114,0.981834834376431
16328,68348.5,105046.08,18348.79,24854,24792.0,17.46737241408723,0.9975054317212522
16329,23880.399999999998,40754.16,8436.880000000003,2630,2584.0,20.701886629487646,0.9825095057034221
16330,14.28,129.9,57.81,2,10.0,44.50346420323326,5.0
16349,1526.4,1518.3799999999999,-4.010000000000105,96,62.0,-0.26409726155508534,0.6458333333333334
16351,48061.18,66701.23999999999,9320.029999999995,3746,3476.0,13.972798706590755,0.9279231179925254
16352,39720.799999999996,55621.28,7950.240000000002,3460,3272.0,14.293522191506563,0.945664739884393
16357,217.92,335.76,58.92,24,24.0,17.548248749106506,1.0
16359,96.48,143.76,23.639999999999993,24,24.0,16.444073455759593,1.0
16360,368.64,1007.28,319.32,72,72.0,31.7012151536812,1.0
16369,210.72,653.42,221.34999999999997,24,58.0,33.87560833766949,2.4166666666666665
16370,478.72,29578.98,14550.13,88,3702.0,49.190776693449195,42.06818181818182
16374,378.72,103.92,-137.4,48,8.0,-132.21709006928407,0.16666666666666666
16377,547.2,949.42,201.10999999999996,48,58.0,21.18240610056666,1.2083333333333333
16378,3103.56,7112.76,2004.6000000000001,466,724.0,28.183152531506757,1.553648068669528
16380,79082.78,169487.78,45202.5,16862,15422.0,26.67006435508212,0.9146008777132013
16381,806.76,0.0,-403.38,18,0.0,-inf,0.0
16389,1710.88,1149.44,-280.72,136,56.0,-24.422327394209358,0.4117647058823529
16393,25984.16,50898.26,12457.050000000001,5576,5454.0,24.474412288357208,0.9781205164992827
16394,68628.0,117817.72,24594.86,7600,7028.0,20.875348801521536,0.9247368421052632
16398,1135.2,3119.22,992.0099999999999,44,78.0,31.803143093465675,1.7727272727272727
16399,1169.6,2149.5,489.95000000000005,40,50.0,22.793672947197024,1.25
16400,14619.400000000001,21714.68,3547.6399999999994,2182,2132.0,16.337519134520974,0.9770852428964253
16424,262.08,161.88,-50.099999999999994,36,12.0,-30.94885100074129,0.3333333333333333
16425,10.72,15.98,2.63,2,2.0,16.45807259073842,1.0
16426,2132.48,2924.34,395.93000000000006,392,366.0,13.5391233577491,0.9336734693877551
16427,31022.28,53010.24,10993.98,4658,4776.0,20.739351491334503,1.025332760841563
16428,16826.8,42119.840000000004,12646.520000000002,2714,4216.0,30.025090313733386,1.5534266764922624
16429,18339.6,50702.68,16181.54,3162,5132.0,31.91456546281183,1.623023402909551
16430,391.0,914.82,261.91,100,158.0,28.629675783214186,1.58
16431,21897.36,52079.52,15091.079999999998,3578,5248.0,28.976995179679072,1.4667411961989938
16440,5545.8,13995.880000000001,4225.040000000001,260,412.0,30.187740963769343,1.5846153846153845
16441,103024.00000000001,168052.84,32514.41999999999,9400,9116.0,19.347736104906048,0.9697872340425532
16443,2141.4,2692.7799999999997,275.6899999999998,166,122.0,10.238118227259555,0.7349397590361446
16445,2810.7599999999998,3050.4599999999996,119.84999999999991,236,154.0,3.928915638952811,0.652542372881356
16453,3209.5,1379.28,-915.11,262,72.0,-66.34693463256191,0.2748091603053435
16455,831.36,114.9,-358.23,96,10.0,-311.77545691906005,0.10416666666666667
16458,18810.0,28326.6,4758.299999999999,2200,2140.0,16.79799199339137,0.9727272727272728
16460,13104.960000000001,18912.52,2903.7799999999997,1606,1548.0,15.353744503640973,0.9638854296388543
16461,1981.64,2146.42,82.38999999999999,214,158.0,3.8384845463609167,0.7383177570093458
16466,3806.88,4111.58,152.3499999999999,336,242.0,3.705388196265181,0.7202380952380952
16468,6154.1,9468.32,1657.1099999999997,790,768.0,17.501626476502693,0.9721518987341772
16469,28011.92,43967.4,7977.740000000002,5848,5860.0,18.144670824292547,1.0020519835841313
16472,1068.0,1558.8,245.39999999999998,120,120.0,15.742879137798305,1.0
16477,43258.88,69196.86,12968.990000000002,9088,9114.0,18.742165468201883,1.0028609154929577
16478,476.4,359.7,-58.349999999999994,60,30.0,-16.221851542952457,0.5
16484,35894.24,54462.28,9284.02,3412,3372.0,17.046697273782886,0.9882766705744431
16494,18197.44,27049.199999999997,4425.879999999999,1558,1480.0,16.362332342546175,0.9499358151476252
16503,287.52,971.4399999999999,341.96,48,56.0,35.20135057234621,1.1666666666666667
16520,285.12,35.92,-124.6,96,8.0,-346.8819599109131,0.08333333333333333
16523,252.48,511.68,129.60000000000002,24,32.0,25.32833020637899,1.3333333333333333
16525,252.08,390.54,69.23,46,46.0,17.72673733804476,1.0
16526,10323.36,16525.84,3101.24,1712,1816.0,18.7660052378578,1.060747663551402
16527,445.8,1385.5800000000002,469.8900000000001,20,42.0,33.912874031091675,2.1
16529,1438.8,1043.42,-197.68999999999994,120,58.0,-18.946349504513996,0.48333333333333334
16530,1287.6,1199.28,-44.15999999999997,120,72.0,-3.6822093255953545,0.6
16531,28.18,461.78,216.79999999999998,2,22.0,46.94876348044523,11.0
16532,2398.56,2979.68,290.55999999999995,304,232.0,9.751382698813293,0.7631578947368421
16537,10656.72,18243.06,3793.170000000001,1558,1694.0,20.792399959217374,1.0872913992297817
16538,11197.2,18539.58,3671.1900000000005,1302,1242.0,19.80190489752195,0.9539170506912442
16539,10163.68,15821.48,2828.8999999999996,1112,1052.0,17.880122466419067,0.9460431654676259
16540,31512.56,47315.759999999995,7901.599999999997,2312,2224.0,16.699721192262363,0.9619377162629758
16541,7735.0,10688.76,1476.88,340,324.0,13.81713126686351,0.9529411764705882
16553,7437.0,11371.02,1967.0100000000002,1110,1098.0,17.29844816032335,0.9891891891891892
16555,13684.32,21572.739999999998,3944.209999999999,1224,1126.0,18.28330569042226,0.9199346405228758
16556,1620.48,2239.2,309.3599999999999,96,80.0,13.815648445873524,0.8333333333333334
16557,12033.98,17334.02,2650.0200000000004,602,598.0,15.287971284214514,0.9933554817275747
16559,6755.84,8090.34,667.25,754,566.0,8.247490216727602,0.7506631299734748
16560,9113.64,13570.56,2228.46,1038,944.0,16.421282541029996,0.9094412331406551
16568,19006.0,24629.04,2811.5200000000004,2150,1896.0,11.415467269532229,0.881860465116279
16583,1648.22,3558.22,954.9999999999999,122,178.0,26.839262327793108,1.459016393442623
16584,1301.0,779.8000000000001,-260.59999999999997,50,20.0,-33.41882533983072,0.4
16585,507.08,1139.62,316.27,28,38.0,27.752233200540534,1.3571428571428572
16587,1459.2,1732.98,136.89,128,102.0,7.899110203233735,0.796875
16592,9212.32,13994.279999999999,2390.9799999999996,824,772.0,17.085409181465568,0.9368932038834952
16609,1281.6,1686.56,202.48000000000002,144,144.0,12.005502324257662,1.0
16610,200355.19999999998,306610.24,53127.520000000004,29464,28976.0,17.32737954218359,0.9834374151506924
16611,342.72,359.68,8.47999999999999,48,32.0,2.3576512455515988,0.6666666666666666
16612,175.92,227.82,25.950000000000003,24,18.0,11.390571503818805,0.75
16646,5126.16,6584.22,729.0300000000002,212,178.0,11.072382150049668,0.839622641509434
16647,3837.48,21537.42,8849.97,452,1658.0,41.091133478383206,3.668141592920354
16649,522.1800000000001,1978.68,728.25,54,132.0,36.804839590029715,2.4444444444444446
16653,7681.6,20588.58,6453.490000000001,80,142.0,31.344998052318324,1.775
16655,26056.920000000002,49552.06,11747.569999999998,3604,4394.0,23.707531028982444,1.2192008879023308
16656,44737.159999999996,62777.96,9020.400000000001,5902,5604.0,14.368737053577405,0.9495086411385971
16657,7504.740000000001,12804.54,2649.9,1038,1146.0,20.695003490949304,1.1040462427745665
16661,3583.4,5519.08,967.8399999999999,92,92.0,17.536256042673777,1.0
16663,421.44,0.0,-210.72,48,0.0,-inf,0.0
16664,161.04,0.0,-80.52,8,0.0,-inf,0.0
16669,106122.59999999999,141824.82,17851.110000000008,12412,10918.0,12.586731997967638,0.8796326135997422
16670,68789.86,89205.6,10207.870000000003,8318,7440.0,11.443082048660624,0.8944457802356336
16678,381.06,6015.36,2817.1499999999996,6,64.0,46.83260852218321,10.666666666666666
16679,689.28,619.4399999999999,-34.920000000000016,96,56.0,-5.637349864393649,0.5833333333333334
16680,2029.9999999999998,3233.96,601.9800000000001,350,204.0,18.61433041843437,0.5828571428571429
16681,595.68,265.85999999999996,-164.91,48,14.0,-62.02888738433763,0.2916666666666667
16684,6970.960000000001,10737.36,1883.1999999999998,632,664.0,17.53876185580068,1.0506329113924051
16688,12.32,18.98,3.33,2,2.0,17.544783983140146,1.0
16690,991.92,3471.44,1239.76,24,56.0,35.713133454704675,2.3333333333333335
16692,18887.68,24210.16,2661.24,1736,1384.0,10.99224457830927,0.7972350230414746
16694,258.18,2488.34,1115.0800000000002,26,166.0,44.81220412001576,6.384615384615385
16695,69343.04,86666.68000000001,8661.820000000007,6752,5532.0,9.994406154706754,0.8193127962085308
16696,391.68,971.4599999999999,289.89,32,54.0,29.84065221419307,1.6875
16703,20465.02,32439.4,5987.1900000000005,3134,3060.0,18.45653742054415,0.9763880025526483
16708,780.84,1366.92,293.04,108,108.0,21.4379773505399,1.0
16724,259.7,15596.1,7668.2,10,390.0,49.16742006014324,39.0
16725,11130.52,16734.06,2801.7700000000004,2404,2394.0,16.742918335418903,0.9958402662229617
16726,2774.48,1639.84,-567.32,316,316.0,-34.596058152014834,1.0
16727,21179.1,31477.5,5149.200000000001,2270,2250.0,16.358351203240414,0.9911894273127754
16728,8005.92,17119.379999999997,4556.729999999999,624,862.0,26.617377498484167,1.3814102564102564
16749,78658.38,79108.38,225.0,10446,9362.0,0.2844199312386374,0.8962282213287383
16752,958.8,1081.06,61.129999999999995,120,94.0,5.654635265387675,0.7833333333333333
16753,5775.400000000001,10776.76,2500.68,862,924.0,23.204376825687866,1.0719257540603249
16756,1466.3,1519.2399999999998,26.469999999999914,110,76.0,1.7423185276848896,0.6909090909090909
16757,7361.76,11672.179999999998,2155.209999999999,626,582.0,18.46450277497434,0.9297124600638977
16758,70332.3,110353.12,20010.409999999996,8226,7888.0,18.133071362187128,0.9589107707269633
16760,543.84,33.98,-254.93,48,2.0,-750.2354326074162,0.041666666666666664
16761,69818.31999999999,108002.8,19092.240000000005,7898,7720.0,17.677541693363512,0.977462648771841
16762,903.6,1067.08,81.73999999999995,120,92.0,7.660156689282899,0.7666666666666667
16773,2576.4,5916.22,1669.91,114,178.0,28.225961847260585,1.5614035087719298
16774,1013.4,1997.22,491.91,60,78.0,24.629735332111636,1.3
16775,352.16,454.8,51.31999999999999,142,120.0,11.284080914687774,0.8450704225352113
16776,1857.36,677.9399999999999,-589.71,24,6.0,-86.98557394459688,0.25
16778,12971.28,21502.58,4265.650000000001,1176,1342.0,19.837852015897628,1.1411564625850341
16781,7388.66,18017.36,5314.35,166,264.0,29.495719683682847,1.5903614457831325
16782,17640.0,28788.260000000002,5574.130000000001,720,774.0,19.362510968012657,1.075
16786,1053.6,311.76,-370.91999999999996,120,24.0,-118.97613548883757,0.2
16791,947.1600000000001,399.90000000000003,-273.63,36,10.0,-68.42460615153789,0.2777777777777778
16792,4610.32,4698.12,43.90000000000009,286,188.0,0.934416319719379,0.6573426573426573
16793,476.64,179.94,-148.35,24,6.0,-82.44414804934979,0.25
16794,301309.48,509301.26,103995.89000000001,27542,27212.0,20.41932705998018,0.9880182993246678
16795,4928.04,10439.64,2755.7999999999997,26,36.0,26.397461981447634,1.3846153846153846
16796,241.29999999999998,7767.780000000001,3763.2400000000002,10,222.0,48.446789172710865,22.2
16805,40977.04,61347.22,10185.09,7688,7678.0,16.602366007783235,0.9986992715920916
16806,181959.6,294800.16,56420.279999999984,34332,33514.0,19.138483506928893,0.9761738319934755
16809,732.26,887.26,77.5,94,74.0,8.73475644117846,0.7872340425531915
16814,36838.8,53218.98,8190.09,4548,4302.0,15.389415580681929,0.945910290237467
16816,33675.44,46975.96,6650.259999999998,4072,3804.0,14.156730378687307,0.9341846758349706
16817,175.92,359.76,91.92,24,24.0,25.550366911274185,1.0
16819,116072.98,196650.7,40288.86000000001,14138,15930.0,20.487524326127495,1.1267506012165793
16820,156.72,0.0,-78.36,24,0.0,-inf,0.0
16822,243.88,67.92,-87.97999999999999,52,8.0,-129.53474676089516,0.15384615384615385
16824,2445.9,12353.82,4953.96,186,618.0,40.10063284069219,3.3225806451612905
16826,15345.68,25051.9,4853.110000000001,3272,3410.0,19.372223264502892,1.0421760391198045
16827,2188.8,0.0,-1094.4,36,0.0,-inf,0.0
16828,95848.88,142281.06,23216.089999999997,11068,10694.0,16.317062861353435,0.966208890495121
16829,41621.439999999995,59999.66,9189.110000000004,4372,4234.0,15.315270119864019,0.9684354986276303
16830,23584.6,24981.04,698.2200000000012,2444,1896.0,2.7949997277935634,0.7757774140752864
16837,69897.95999999999,115944.92,23023.480000000003,20438,20308.0,19.857256359312682,0.9936392993443586
16839,10732.92,14422.98,1845.0299999999997,1034,902.0,12.792293964215437,0.8723404255319149
16843,48724.16,81115.68000000001,16195.760000000002,14164,13912.0,19.96625066818154,0.9822084157017792
16846,396.96,191.84,-102.55999999999999,48,16.0,-53.461217681401166,0.3333333333333333
16851,1788.16,2668.16,439.9999999999999,704,704.0,16.490765171503956,1.0
16860,14833.98,19150.42,2158.2199999999993,1098,958.0,11.269831157750062,0.8724954462659381
16863,478.79999999999995,539.46,30.33000000000004,70,54.0,5.622288955622296,0.7714285714285715
16864,338.4,233.28,-52.55999999999999,72,32.0,-22.53086419753086,0.4444444444444444
16868,7767.040000000001,13606.599999999999,2919.779999999999,656,740.0,21.45855687680978,1.1280487804878048
16869,91.4,1174.32,541.4599999999999,20,168.0,46.10838612984535,8.4
16873,285.6,383.52,48.95999999999998,48,48.0,12.765957446808507,1.0
16877,75127.36,113079.14,18975.89,12196,11486.0,16.781070319424078,0.9417841915382092
16878,16923.24,27758.16,5417.459999999999,3242,3384.0,19.51663943143205,1.0438001233806293
16880,27.02,39.98,6.479999999999999,2,2.0,16.208104052026012,1.0
16887,231.6,195.86,-17.86999999999999,24,14.0,-9.123863984478705,0.5833333333333334
16888,666.72,251.82,-207.45000000000002,72,18.0,-82.38027162258757,0.25
16889,12012.18,18636.58,3312.2000000000007,1542,1542.0,17.772574152553744,1.0
16890,39920.8,34893.18,-2513.8100000000013,5560,3882.0,-7.204301814853221,0.6982014388489208
16891,23776.16,34407.52,5315.6799999999985,2896,2848.0,15.44918087673857,0.9834254143646409
16894,5792.5,5279.56,-256.4699999999998,70,44.0,-4.85779117956799,0.6285714285714286
16896,11855.72,15018.619999999999,1581.4499999999998,166,138.0,10.529928848322948,0.8313253012048193
16912,82.56,126.96,22.199999999999996,24,24.0,17.485822306238184,1.0
16916,123.6,171.8,24.10000000000001,24,20.0,14.027939464493603,0.8333333333333334
16918,25902.8,42364.78,8230.99,4466,4322.0,19.42885104088821,0.967756381549485
16931,55844.44,50792.94,-2525.75,508,306.0,-4.972639898379578,0.6023622047244095
16934,225.36,335.76,55.19999999999999,24,24.0,16.440314510364544,1.0
16939,695.36,938.12,121.38,212,188.0,12.938643243934678,0.8867924528301887
16940,256.5,199.8,-28.349999999999994,38,20.0,-14.189189189189186,0.5263157894736842
16941,308.32,274.5,-16.909999999999997,82,50.0,-6.160291438979963,0.6097560975609756
16947,418.88,3189.7200000000003,1385.42,56,228.0,43.43390642438835,4.071428571428571
16948,7289.86,12871.52,2790.8300000000004,1874,2048.0,21.682210026477062,1.0928495197438635
16950,192.96,23.96,-84.5,48,4.0,-352.67111853088477,0.08333333333333333
16955,1020.96,1666.56,322.79999999999995,144,144.0,19.369239631336406,1.0
16957,636.48,911.28,137.39999999999998,72,72.0,15.07769291545957,1.0
16961,7430.4,9766.52,1168.0600000000004,192,148.0,11.959838304739051,0.7708333333333334
16964,282.24,215.64,-33.30000000000001,72,36.0,-15.442404006677801,0.5
16967,301.92,417.78,57.92999999999998,24,22.0,13.866149648140166,0.9166666666666666
16968,12290.4,18685.34,3197.4700000000003,1138,1066.0,17.112185274659172,0.9367311072056239
16971,19852.96,40894.78,10520.91,2672,2722.0,25.72677979928001,1.0187125748502994
16987,336.96,488.88,75.96000000000001,72,72.0,15.537555228276881,1.0
16989,9505.62,14882.5,2688.4399999999996,1566,1550.0,18.06443809843776,0.9897828863346104
16990,14673.000000000002,26632.48,5979.739999999999,2190,2252.0,22.452809501781278,1.028310502283105
16991,1119.84,3639.48,1259.8200000000002,24,52.0,34.61538461538462,2.1666666666666665
16996,11749.08,14392.8,1321.8599999999997,852,720.0,9.184175421043854,0.8450704225352113
16998,213.32,639.96,213.32000000000002,2,4.0,33.333333333333336,2.0
17001,16383.48,24398.56,4007.540000000001,1756,1744.0,16.4253136250664,0.9931662870159453
17010,547.2,0.0,-273.6,48,0.0,-inf,0.0
17011,50581.6,74921.16,12169.780000000002,5498,5484.0,16.24344844634013,0.9974536194979993
17015,2502.6,5059.62,1278.51,430,438.0,25.26889371138544,1.0186046511627906
17016,44858.439999999995,64359.4,9750.480000000003,5918,5660.0,15.150048011634668,0.9564041906049341
17017,330.72,807.22,238.25,48,78.0,29.514878224028145,1.625
17018,164.16,65.94,-49.11,24,6.0,-74.47679708826206,0.25
17019,774.0,1348.7,287.35,120,130.0,21.30570178690591,1.0833333333333333
17020,8682.24,13941.74,2629.75,1216,1226.0,18.862423198252152,1.0082236842105263
17024,9243.2,13687.42,2222.1099999999997,1060,1058.0,16.234688494982983,0.9981132075471698
17026,1046.24,5474.74,2214.25,104,326.0,40.444843042774636,3.1346153846153846
17033,78.88,269.82,95.47,8,18.0,35.382847824475576,2.25
17039,1747.2,1164.94,-291.13,240,106.0,-24.990986660257178,0.44166666666666665
17040,2593.5,3701.82,554.1600000000001,650,618.0,14.969933708284037,0.9507692307692308
17041,33390.479999999996,62271.96,14440.740000000002,6348,6436.0,23.189795214411113,1.013862633900441
17047,959.76,1989.06,514.65,72,94.0,25.87403094929263,1.3055555555555556
17059,6418.26,9004.32,1293.0299999999997,1086,968.0,14.360107148568686,0.8913443830570903
17063,7376.72,8652.7,637.9900000000002,692,530.0,7.373305442231906,0.7658959537572254
17065,533.0,2084.52,775.76,130,348.0,37.21528217527296,2.6769230769230767
17069,195.26,3332.1,1568.42,26,290.0,47.070015905885185,11.153846153846153
17073,49097.52,74807.66,12855.070000000003,7178,6834.0,17.184162691360754,0.9520757871273335
17084,9470.44,10507.619999999999,518.5899999999992,596,438.0,4.935370711921437,0.7348993288590604
17085,5613.84,5458.6,-77.61999999999989,216,140.0,-1.4219763309273419,0.6481481481481481
17086,639.84,3599.1,1479.6299999999999,24,90.0,41.11111111111111,3.75
17089,3643.4399999999996,0.0,-1821.7199999999998,456,0.0,-inf,0.0
17093,662.4,1007.28,172.44,72,72.0,17.119370979270908,1.0
17094,13771.24,21078.82,3653.79,1918,1918.0,17.333939945404914,1.0
17100,31.14,3419.7200000000003,1694.2900000000002,6,428.0,49.54469956604635,71.33333333333333
17101,21785.399999999998,32124.8,5169.700000000001,1710,1720.0,16.09255154895906,1.0058479532163742
17118,290.3,1349.94,529.82,2,6.0,39.24767026682668,3.0
17119,28803.32,44974.2,8085.439999999999,2702,2780.0,17.977951803478437,1.0288675055514434
17129,683.2,1046.76,181.77999999999997,244,244.0,17.365967365967364,1.0
17131,2083.84,1411.28,-336.2800000000001,176,72.0,-23.82801428490449,0.4090909090909091
17132,4749.839999999999,6829.0,1039.5800000000004,324,300.0,15.223019475765126,0.9259259259259259
17134,26068.0,42705.94,8318.970000000001,2660,2606.0,19.47965552333001,0.9796992481203007
17138,1026.0,2498.66,736.3299999999999,120,134.0,29.468995381524493,1.1166666666666667
17142,1009.9200000000001,1139.24,64.65999999999997,128,76.0,5.675713633650501,0.59375
17143,567.28,329.78000000000003,-118.74999999999997,56,22.0,-36.00885438777365,0.39285714285714285
17144,563.36,509.66,-26.849999999999994,56,34.0,-5.268218027704743,0.6071428571428571
17145,19790.72,28437.76,4323.519999999999,1712,1624.0,15.203447810235401,0.9485981308411215
17146,12693.84,22423.86,4865.01,1398,1414.0,21.69568486424728,1.011444921316166
17147,15910.86,24769.64,4429.389999999999,1762,1636.0,17.882334987508898,0.9284903518728718
17148,1241.36,970.92,-135.21999999999997,236,108.0,-13.92699707493923,0.4576271186440678
17159,676.08,1622.84,473.37999999999994,72,116.0,29.169850385743505,1.6111111111111112
17161,46413.0,45009.98,-701.5099999999984,5730,5002.0,-1.5585654559277704,0.8729493891797556
17162,54700.56,83066.74,14183.090000000004,8938,8726.0,17.07433083325529,0.9762810472141419
17163,50097.94,78168.82,14035.440000000002,7066,6918.0,17.9552921484551,0.979054627795075
17167,34100.0,62989.8,14444.900000000001,5000,5756.0,22.93212551873478,1.1512
17168,55407.5,96096.92,20344.71,9250,9508.0,21.171032328611574,1.0278918918918918
17170,6883.12,9208.02,1162.4500000000003,194,298.0,12.624320972369741,1.5360824742268042
17172,8.2,323.46000000000004,157.63000000000002,2,54.0,48.7324553267792,27.0
17175,123052.8,209986.72,43466.96,23664,25128.0,20.699861400759055,1.061866125760649
17176,233184.78,396880.36,81847.79,44586,46964.0,20.62278667556137,1.053335127618535
17177,128140.40000000001,200118.34,35988.969999999994,23512,23566.0,17.983843959529146,1.0022966995576728
17182,219.36,671.52,226.07999999999998,24,48.0,33.66690493209435,2.0
17186,19257.12,30759.88,5751.380000000001,2064,2012.0,18.697667221068485,0.9748062015503876
17187,76989.4,78974.28,992.4400000000023,6980,7372.0,1.2566622956233375,1.056160458452722
17188,19243.2,28005.859999999997,4381.329999999998,1688,1614.0,15.644333007449152,0.9561611374407583
17194,893.16,5635.3,2371.07,108,470.0,42.07531098610545,4.351851851851852
17196,49.32,75.96,13.319999999999997,4,4.0,17.53554502369668,1.0
17200,28640.36,26487.1,-1076.630000000001,3262,2490.0,-4.0647333985223035,0.7633353770692827
17202,15838.56,27944.06,6052.750000000001,2588,2794.0,21.660238347613056,1.0795981452859351
17209,21993.820000000003,33803.08,5904.629999999999,1994,2092.0,17.46772779285201,1.0491474423269809
17216,10678.08,14502.019999999999,1911.9699999999993,908,798.0,13.184163309663063,0.8788546255506607
17218,146.88,215.76,34.44,24,24.0,15.96218020022247,1.0
17219,13183.800000000001,22986.14,4901.169999999999,2044,2186.0,21.322283776223408,1.0694716242661448
17234,317.76,0.0,-158.88,48,0.0,-inf,0.0
17235,24117.84,36271.32,6076.74,3268,3268.0,16.753567281256927,1.0
17263,218.4,923.16,352.38,30,84.0,38.171064604185624,2.8
17265,475.28000000000003,559.1999999999999,41.95999999999995,104,80.0,7.503576537911294,0.7692307692307693
17266,433.44,479.66,23.110000000000014,48,34.0,4.817996080557064,0.7083333333333334
17275,359.28000000000003,539.28,89.99999999999997,72,72.0,16.688918558077432,1.0
17281,5341.8,8839.32,1748.7599999999998,60,68.0,19.78387477769783,1.1333333333333333
17282,156.72,347.88,95.58,8,12.0,27.474991376336668,1.5
17289,2366.4,3267.82,450.71000000000004,232,218.0,13.792375345031244,0.9396551724137931
17292,8479.6,11794.92,1657.6599999999999,986,908.0,14.054016474889188,0.920892494929006
17293,3662.96,6157.26,1247.15,434,474.0,20.254951065896197,1.0921658986175116
17294,6972.16,10703.76,1865.8000000000002,832,824.0,17.431257800997034,0.9903846153846154
17296,28131.600000000002,42948.92,7408.659999999998,3940,3908.0,17.249933176433768,0.9918781725888325
17297,19968.48,37439.4,8735.460000000001,3396,3860.0,23.332264940143276,1.1366313309776208
17298,219.36,335.76,58.19999999999999,24,24.0,17.333809864188705,1.0
17308,27093.62,39221.84,6064.109999999999,1786,1816.0,15.461054351351184,1.0167973124300111
17315,4540.2,8158.98,1809.3899999999999,84,102.0,22.176669142466338,1.2142857142857142
17316,36425.22,58460.98,11017.880000000001,1742,1702.0,18.84655371839473,0.9770378874856487
17320,129.2,417.78,144.29,10,22.0,34.5373162908708,2.2
17322,147.2,475.66,164.23000000000002,16,34.0,34.526762813774546,2.125
17323,5524.0,8341.64,1408.8199999999997,200,236.0,16.889005039776347,1.18
17324,36873.36,63570.56,13348.599999999999,4644,4544.0,20.998084647987998,0.9784668389319552
17325,10924.62,15472.259999999998,2273.819999999999,798,774.0,14.69610774379437,0.9699248120300752
17326,11991.9,17443.02,2725.5600000000004,710,698.0,15.625505216413217,0.9830985915492958
17329,20520.0,25505.44,2492.7199999999993,2400,1856.0,9.773287581002325,0.7733333333333333
17330,36951.04,53592.76,8320.86,4124,3724.0,15.526089718088787,0.9030067895247332
17331,363.84,21.98,-170.92999999999998,48,2.0,-777.6615104640581,0.041666666666666664
17332,1107.0,945.14,-80.93,150,86.0,-8.562752608079228,0.5733333333333334
17339,226.8,958.94,366.07000000000005,42,106.0,38.174442613719314,2.5238095238095237
17340,4933.88,9322.88,2194.4999999999995,938,912.0,23.538863527150404,0.9722814498933902
17341,7210.4800000000005,17713.54,5251.530000000001,1868,1846.0,29.64698191327087,0.9882226980728052
17342,59.4,179.6,60.099999999999994,20,40.0,33.46325167037862,2.0
17345,224173.0,373099.68,74463.34,37300,36272.0,19.958028374615598,0.9724396782841823
17346,3777.12,4607.04,414.96000000000004,122,96.0,9.007084809335279,0.7868852459016393
17347,6811.2,15739.04,4463.92,352,496.0,28.362085616403544,1.4090909090909092
17348,324.96,257.76,-33.599999999999994,48,24.0,-13.035381750465547,0.5
17349,26441.0,35590.56,4574.779999999999,2740,2544.0,12.853914071596511,0.9284671532846716
17350,22472.100000000002,29770.72,3649.3099999999995,2378,2128.0,12.258050863398665,0.894869638351556
17351,15942.68,23382.3,3719.8099999999995,1426,1370.0,15.908657403249466,0.9607293127629734
17358,42.92,203.88,80.47999999999999,4,12.0,39.47420051010398,3.0
17360,175.92,263.76,43.92,24,24.0,16.65150136487716,1.0
17361,5284.56,7979.499999999999,1347.4699999999993,454,450.0,16.88664703302211,0.9911894273127754
17367,2687.72,4224.0599999999995,768.1699999999998,406,394.0,18.185584485068865,0.9704433497536946
17368,2551.6200000000003,2149.54,-201.0400000000002,86,46.0,-9.352698716934794,0.5348837209302325
17369,324.96,671.68,173.35999999999999,24,32.0,25.809909480705095,1.3333333333333333
17371,1060.8,935.28,-62.75999999999999,120,72.0,-6.710289966641005,0.6
17372,538.74,3336.66,1398.96,82,334.0,41.92695689701678,4.073170731707317
17375,644.4,2755.48,1055.54,18,52.0,38.30693744828487,2.888888888888889
17377,2147.56,13760.82,5806.63,212,918.0,42.19683129348397,4.330188679245283
17378,8352.699999999999,12921.6,2284.4500000000007,1010,1040.0,17.679312159484898,1.0297029702970297
17384,632.8399999999999,3898.96,1633.06,26,104.0,41.884502534009066,4.0
17385,35.6,987.62,476.01,2,38.0,48.19768736963609,19.0
17394,19739.86,30399.62,5329.879999999999,38,38.0,17.532719158989487,1.0
17405,172.72,5053.620000000001,2440.4500000000003,2,38.0,48.29112596514973,19.0
17407,12548.88,20799.739999999998,4125.429999999999,24,26.0,19.834046002498106,1.0833333333333333
17408,3648.6,7199.92,1775.66,6,8.0,24.662218469094103,1.3333333333333333
17409,1479.96,2959.92,739.98,6,8.0,25.0,1.3333333333333333
17410,4341.92,10199.66,2928.87,22,34.0,28.715368943670672,1.5454545454545454
17413,679.68,8319.36,3819.84,8,64.0,45.915070390029996,8.0
17431,1956.84,2615.62,329.39,276,238.0,12.593190142298957,0.8623188405797102
17432,60964.64,89562.5,14298.93,5896,5750.0,15.965309141660851,0.9752374491180461
17433,22746.8,26528.8,1891.0,2920,2320.0,7.128102288833269,0.7945205479452054
17437,852.48,539.6999999999999,-156.39000000000004,72,30.0,-28.977209560867163,0.4166666666666667
17444,10.44,0.0,-5.22,2,0.0,-inf,0.0
17457,29421.92,47967.26,9272.670000000002,5038,5074.0,19.331248022088403,1.0071456927352125
17458,18970.38,30106.0,5567.8099999999995,3146,3200.0,18.494021125357072,1.0171646535282899
17459,12710.58,21121.8,4205.61,2094,2220.0,19.91122915660597,1.0601719197707737
17462,386.4,575.52,94.56,48,48.0,16.430358632193496,1.0
17463,804.0,779.22,-12.389999999999986,120,78.0,-1.5900515900515881,0.65
17464,1136.16,1318.8999999999999,91.36999999999989,144,110.0,6.927742815983009,0.7638888888888888
17469,1271.04,1478.52,103.74000000000001,192,148.0,7.016475935394855,0.7708333333333334
17470,979.1999999999999,1378.62,199.70999999999998,144,138.0,14.486225355790571,0.9583333333333334
17471,16978.920000000002,24462.68,3741.879999999999,2378,2332.0,15.29627988429722,0.9806560134566863
17473,5766.12,12632.68,3433.28,1026,1332.0,27.177764338208522,1.2982456140350878
17485,24668.28,27658.32,1495.0200000000004,3276,2768.0,5.405317459628786,0.8449328449328449
17486,1102.5,1466.74,182.12,250,226.0,12.416651894677994,0.904
17487,7194.400000000001,9635.0,1220.2999999999997,1564,1500.0,12.665282823040993,0.959079283887468
17488,159.8,0.0,-79.9,20,0.0,-inf,0.0
17489,17015.64,27262.98,5123.67,1938,1902.0,18.793506799330082,0.9814241486068112
17490,474.12,779.4,152.64,54,60.0,19.584295612009235,1.1111111111111112
17493,720.6800000000001,859.38,69.34999999999997,86,62.0,8.069771230421928,0.7209302325581395
17500,5508.3,12725.08,3608.39,854,1292.0,28.356521137784597,1.5128805620608898
17503,4425.5199999999995,6175.88,875.1800000000003,428,412.0,14.170935963781684,0.9626168224299065
17504,164450.18,241729.3,38639.56,20582,17870.0,15.984640670369707,0.868234379554951
17507,10709.279999999999,17688.86,3489.790000000001,1072,1114.0,19.728744531869214,1.039179104477612
17519,190.68,287.88,48.599999999999994,12,12.0,16.88203418090871,1.0
17528,146.88,719.6,286.36,12,40.0,39.79433018343524,3.3333333333333335
17529,6267.5,12445.18,3088.84,218,282.0,24.819568700492884,1.2935779816513762
17535,15801.619999999999,27249.8,5724.09,2638,2620.0,21.00598903478191,0.9931766489764974
17595,33112.06,47408.619999999995,7148.279999999999,3002,2938.0,15.078017457584716,0.9786808794137242
17596,19990.8,32203.84,6106.52,2468,2616.0,18.962086508938068,1.059967585089141
17601,5627.52,15639.54,5006.01,24,46.0,32.00867800459604,1.9166666666666667
17611,18301.32,37329.16,9513.920000000002,3506,2884.0,25.486563319399636,0.8225898459783229
17612,14229.0,22230.08,4000.540000000001,2108,2192.0,17.996066590853477,1.0398481973434535
17615,2991.3599999999997,4189.759999999999,599.1999999999998,246,224.0,14.301535171465668,0.9105691056910569
17617,9285.32,14484.98,2599.83,898,902.0,17.94845419185943,1.0044543429844097
17621,290.88,210.96,-39.959999999999994,48,24.0,-18.941979522184297,0.5
17637,417.6,647.52,114.95999999999998,48,48.0,17.753891771682724,1.0
17671,106.56,162.96,28.200000000000003,24,24.0,17.304860088365242,1.0
17675,8.28,11.58,1.6500000000000004,2,2.0,14.248704663212438,1.0
17697,547.44,271.92,-137.76000000000002,24,8.0,-50.66195939982349,0.3333333333333333
17702,342.72,65.94,-138.39000000000001,48,6.0,-209.87261146496817,0.125
17706,293.76,455.52,80.88,48,48.0,17.755532139093784,1.0
17707,92501.64,163536.56,35517.46,20022,20104.0,21.718360713959008,1.004095494955549
17741,178.36,227.88,24.75999999999999,14,12.0,10.865367737405649,0.8571428571428571
17747,431.76,503.82,36.03,24,18.0,7.15136358223175,0.75
17748,60560.5,93437.66,16438.58,22022,22034.0,17.593098971014474,1.0005449096358188
17754,54852.7,78271.88,11709.590000000004,6814,6412.0,14.96014916212566,0.9410038156736131
17756,57624.0,92304.1,17340.050000000003,5880,5790.0,18.78578524680919,0.9846938775510204
17758,11739.0,13566.779999999999,913.8899999999994,700,522.0,6.736233653084958,0.7457142857142857
17759,22.06,31.98,4.960000000000001,2,2.0,15.50969355847405,1.0
17814,91297.68000000001,130453.56000000001,19577.940000000002,3862,3644.0,15.007593506838756,0.9435525634386328
17816,140.64,193.38,26.370000000000005,24,22.0,13.636363636363638,0.9166666666666666
17837,6779.76,10701.68,1960.96,984,1032.0,18.323851955954577,1.048780487804878
17838,2532.6000000000004,4231.9800000000005,849.69,378,402.0,20.07783590659691,1.0634920634920635
17841,1223.04,2326.32,551.6400000000001,168,168.0,23.712988754771487,1.0
17856,90.8,363.74,136.47,10,26.0,37.51855721119481,2.6
17861,2136.2400000000002,5426.82,1645.2899999999997,72,118.0,30.31775514942452,1.6388888888888888
17863,136.0,539.46,201.73000000000002,20,54.0,37.394802209617026,2.7
17864,31.56,47.96,8.200000000000001,4,4.0,17.097581317764806,1.0
17865,166756.38,280572.66,56908.139999999985,27382,27014.0,20.282852933710643,0.986560514206413
17866,19063.8,23662.84,2299.5200000000004,2142,1916.0,9.717852971156466,0.8944911297852475
17867,24529.96,45239.38,10354.71,7618,7662.0,22.888708908035433,1.0057757941716987
17869,162.0,167.86,2.930000000000007,20,14.0,1.7455022042178046,0.7
17875,86191.36,117996.32,15902.480000000003,15844,14768.0,13.477098268827369,0.9320878566018682
17876,99862.88,146680.42,23408.770000000004,18736,18358.0,15.959028478374963,0.9798249359521777
17880,6877.04,11305.98,2214.47,376,402.0,19.586714287483257,1.0691489361702127
17882,12337.92,22496.82,5079.45,756,918.0,22.57852443145298,1.2142857142857142
17885,985.92,243.9,-371.01,48,10.0,-152.11562115621155,0.20833333333333334
17887,61.44,90.96,14.759999999999998,24,24.0,16.226912928759894,1.0
17896,210.72,133.9,-38.41,24,10.0,-28.68558625840179,0.4166666666666667
17897,5140.8,5364.42,111.80999999999995,544,358.0,2.0842887022268943,0.6580882352941176
17906,45685.26,65279.9,9797.32,4314,4210.0,15.008172500264246,0.9758924432081595
17908,478.8,515.18,18.18999999999997,120,82.0,3.530804767265804,0.6833333333333333
17909,8075.96,4918.36,-1578.8000000000002,404,164.0,-32.10013093795494,0.40594059405940597
17910,27567.72,44121.32,8276.8,4196,4268.0,18.75918490199296,1.017159199237369
17911,140.42,838.6,349.09000000000003,34,140.0,41.62771285475793,4.117647058823529
17912,8587.04,13559.7,2486.33,1394,1430.0,18.33617262918796,1.0258249641319943
17914,4910.400000000001,7583.88,1336.7399999999998,792,812.0,17.62607003275368,1.0252525252525253
17915,10764.8,15802.960000000001,2519.080000000001,1856,1704.0,15.940557971418018,0.9181034482758621
17916,662.28,4079.76,1708.7400000000002,6,24.0,41.88334607918113,4.0
17921,10395.199999999999,16575.44,3090.12,1168,1256.0,18.64276302770847,1.0753424657534247
17927,603.84,295.92,-153.96,24,8.0,-52.02757502027575,0.3333333333333333
17928,33173.32,28451.7,-2360.8099999999995,4178,2830.0,-8.297606118439319,0.6773575873623744
17929,145.68,215.76,35.03999999999999,24,24.0,16.240266963292544,1.0
17931,459.84,671.52,105.84,48,48.0,15.761258041458184,1.0
17932,4073.04,4643.46,285.21000000000004,72,54.0,6.142187076016592,0.75
17933,128.26,1301.86,586.8,2,14.0,45.07397108752093,7.0
17935,144.72,215.28,35.28,72,72.0,16.387959866220736,1.0
17937,4528.08,9919.04,2695.4800000000005,662,896.0,27.17480723941027,1.353474320241692
17938,790.6,3209.2,1209.3,118,280.0,37.68228842079023,2.3728813559322033
17940,1389.6,2152.8,381.60000000000014,720,720.0,17.725752508361207,1.0
17941,120.60000000000001,179.4,29.4,60,60.0,16.387959866220733,1.0
17944,344.64,307.72,-18.45999999999998,48,28.0,-5.9989600935915695,0.5833333333333334
17945,8802.44,19773.24,5485.400000000001,1348,1476.0,27.741533506901245,1.0949554896142433
17948,526.08,815.52,144.71999999999997,48,48.0,17.74573278399058,1.0
17949,450.72,391.72,-29.5,48,28.0,-7.530889410803635,0.5833333333333334
17954,48347.2,72501.26,12077.029999999999,9020,9074.0,16.6576829147521,1.0059866962305988
17957,13051.92,19918.420000000002,3433.250000000001,1428,1358.0,17.236557919754684,0.9509803921568627
17958,291.36,431.52,70.07999999999998,48,48.0,16.240266963292544,1.0
17967,79654.4,125596.76,22971.18,8890,8724.0,18.289627853457368,0.9813273340832396
17978,12734.16,19927.06,3596.4500000000007,2328,2494.0,18.048071316089782,1.0713058419243986
17979,340.32,285.74,-27.289999999999992,48,26.0,-9.550640442360185,0.5416666666666666
17981,19926.079999999998,34586.119999999995,7330.019999999999,1706,1788.0,21.193530815251897,1.0480656506447832
17983,1331.6799999999998,2304.52,486.4200000000001,116,148.0,21.107215385416488,1.2758620689655173
17984,11595.359999999999,17028.64,2716.6400000000003,1176,1136.0,15.953358577079557,0.9659863945578231
17985,37197.52,52094.659999999996,7448.57,2264,2134.0,14.298144953820605,0.9425795053003534
17986,496.08000000000004,719.28,111.59999999999997,72,72.0,15.51551551551551,1.0
17988,3385.8,5683.26,1148.73,418,474.0,20.21251887121124,1.1339712918660287
17989,837.1999999999999,1654.62,408.71,104,138.0,24.701139838754518,1.3269230769230769
17990,15034.86,22948.86,3957.0,1818,1914.0,17.242686564822826,1.0528052805280528
18000,66.0,790.02,362.01,24,198.0,45.82289055973266,8.25
18001,14118.400000000001,19891.899999999998,2886.749999999998,1280,1210.0,14.512188378184076,0.9453125
18002,164.52,209.70000000000002,22.590000000000003,36,30.0,10.772532188841202,0.8333333333333334
18010,90301.12,143998.9,26848.89,23036,22310.0,18.645204928648763,0.9684841118249696
18011,343.0,374.5,15.75,70,50.0,4.205607476635514,0.7142857142857143
18012,454.02,913.7800000000001,229.88000000000005,94,122.0,25.157039987743225,1.297872340425532
18013,184251.34,307241.18,61494.92,39286,39482.0,20.0151945777581,1.0049890546250573
18014,17598.399999999998,29046.219999999998,5723.91,1294,1378.0,19.706213063179995,1.0649149922720247
18017,685.44,1073.02,193.78999999999996,96,98.0,18.06024118842146,1.0208333333333333
18027,122961.36,193471.12,35254.88,13542,12608.0,18.222295916827274,0.9310293900457834
18046,453.44,1455.44,501.0,26,56.0,34.42258011323036,2.1538461538461537
18066,190.08,286.08,47.999999999999986,192,192.0,16.77852348993288,1.0
18071,953.28,0.0,-476.64,72,0.0,-inf,0.0
18072,277.44,50.94,-113.25,48,6.0,-222.32037691401652,0.125
18073,7.88,23.16,7.640000000000001,2,4.0,32.987910189982735,2.0
18083,1330.56,1833.96,251.70000000000005,216,204.0,13.724399659752667,0.9444444444444444
18084,611.04,778.7,83.83000000000004,152,130.0,10.765378194426614,0.8552631578947368
18089,1102.08,1139.24,18.58000000000004,128,76.0,1.6309118359608195,0.59375
18093,178.64,669.9,245.63,4,10.0,36.66666666666667,2.5
18095,7390.56,14383.14,3496.2899999999995,712,886.0,24.308252579061314,1.2443820224719102
18096,53983.32,78513.4,12265.039999999997,2578,2460.0,15.621588162020746,0.9542280837858805
18097,5185.98,30440.46,12627.24,94,354.0,41.48176473023075,3.765957446808511
18098,4105.139999999999,15189.380000000001,5542.120000000001,26,62.0,36.48680854649762,2.3846153846153846
18099,5052.0,11063.76,3005.88,16,24.0,27.168702141044278,1.5
18102,15860.8,16936.74,537.9700000000012,460,326.0,3.176349167549369,0.7086956521739131
18105,778.1800000000001,655.18,-61.50000000000006,146,82.0,-9.386733416770973,0.5616438356164384
18106,147798.0,195960.32,24081.160000000003,20700,18192.0,12.288793976249886,0.878840579710145
18107,85780.8,157872.3,36045.74999999999,26640,26890.0,22.832219458385033,1.0093843843843844
18108,260.04,35.94,-112.05000000000001,66,6.0,-311.7696160267113,0.09090909090909091
18109,11030.8,11617.1,293.15000000000055,2530,1790.0,2.5234352807499336,0.7075098814229249
18110,2493.12,1959.5,-266.80999999999995,96,50.0,-13.616228629752486,0.5208333333333334
18125,12985.28,18621.58,2818.1500000000005,2108,2042.0,15.133785640101433,0.9686907020872866
18126,6069.18,7671.02,800.9200000000001,806,698.0,10.440854019413324,0.8660049627791563
18127,402.48,599.76,98.63999999999999,24,24.0,16.44657863145258,1.0
18130,645.5799999999999,6214.320000000001,2784.3700000000003,26,168.0,44.80570681908881,6.461538461538462
18131,1182.24,1392.86,105.30999999999995,144,114.0,7.560702439584737,0.7916666666666666
18134,15980.4,23167.44,3593.5199999999995,1656,1656.0,15.511079342387418,1.0
18137,232.56,119.88,-56.34,34,12.0,-46.996996996997005,0.35294117647058826
18142,97202.40000000001,223948.26,63372.93,2406,3774.0,28.298022945121343,1.56857855361596
18150,394.56,349.85999999999996,-22.350000000000023,24,14.0,-6.388269593551714,0.5833333333333334
18152,134477.16,262561.1,64041.96999999999,25566,26610.0,24.391263595406933,1.0408354846280217
18157,578.88,667.3199999999999,44.21999999999997,96,68.0,6.626506024096382,0.7083333333333334
18158,174.72,263.76,44.519999999999996,24,24.0,16.878980891719745,1.0
18159,344.64,53.94,-145.35,48,6.0,-269.46607341490545,0.125
18164,1262.4,1918.8,328.19999999999993,120,120.0,17.104440275171978,1.0
18166,783.36,863.46,40.05000000000001,72,54.0,4.638315613925371,0.75
18167,13442.24,18380.02,2468.8900000000003,1412,1198.0,13.432466341168292,0.8484419263456091
18173,1895.52,2044.1399999999999,74.30999999999995,264,186.0,3.6352695999295523,0.7045454545454546
18174,2556.1200000000003,3450.86,447.3699999999999,358,314.0,12.964014767333357,0.8770949720670391
18175,10535.74,15100.26,2282.26,1418,1374.0,15.11404439393759,0.9689703808180536
18193,836.56,5119.68,2141.5600000000004,8,32.0,41.829958122382656,4.0
18199,992.88,4919.18,1963.15,24,82.0,39.908074109912626,3.4166666666666665
18203,280.32,0.0,-140.16,24,0.0,-inf,0.0
18212,627.84,6757.4,3064.7799999999997,36,260.0,45.35442625862018,7.222222222222222
18232,2338.36,10914.539999999999,4288.089999999999,212,546.0,39.2878673769119,2.5754716981132075
18236,3308.16,4407.42,549.6300000000001,64,58.0,12.470561008481154,0.90625
18237,7701.84,5397.84,-1152.0,456,216.0,-21.34187008136588,0.47368421052631576
18239,1710.88,1871.76,80.43999999999994,34,24.0,4.297559516177285,0.7058823529411765
18240,8168.16,14798.34,3315.09,462,566.0,22.401769387647537,1.225108225108225
18246,630.0,827.82,98.91000000000003,20,18.0,11.948249619482498,0.9
18254,2258.4,575.92,-841.24,48,8.0,-146.06889845811918,0.16666666666666666
18261,132.24,191.76,29.75999999999999,24,24.0,15.519399249061323,1.0
18263,1232.8400000000001,1898.9999999999998,333.0799999999998,98,100.0,17.539757767245913,1.0204081632653061
18265,932.2,3161.58,1114.69,20,42.0,35.257371314342834,2.1
18267,1383.04,7037.799999999999,2827.3799999999997,64,220.0,40.17420216544943,3.4375
18268,1262.4,1626.6399999999999,182.1199999999999,96,136.0,11.196085181724284,1.4166666666666667
18269,2940.0,2811.62,-64.19000000000005,60,38.0,-2.2830254444057183,0.6333333333333333
18270,1641.6000000000001,2446.56,402.4799999999999,144,144.0,16.45085344320188,1.0
18271,3793.16,5587.56,897.2000000000003,46,44.0,16.057098268296006,0.9565217391304348
18272,158.88,311.76,76.44,24,24.0,24.51886066204773,1.0
18275,2364.48,3195.58,415.54999999999995,288,242.0,13.003899135681158,0.8402777777777778
18276,1561.12,9718.36,4078.6200000000003,44,164.0,41.96819216410999,3.727272727272727
18278,9305.8,14404.0,2549.1000000000004,578,600.0,17.697167453485147,1.0380622837370241
18284,357.76,2282.6,962.42,32,140.0,42.163322526942956,4.375
18299,3967.2000000000003,5752.799999999999,892.7999999999995,720,720.0,15.519399249061319,1.0
18300,342.71999999999997,391.44,24.360000000000014,72,56.0,6.22317596566524,0.7777777777777778
18304,570.36,4127.18,1778.41,98,482.0,43.0901971806415,4.918367346938775
18309,1892.16,2417.58,262.7099999999999,288,242.0,10.866651775742682,0.8402777777777778
18332,24005.52,39190.74,7592.609999999999,2772,2926.0,19.373479551547124,1.0555555555555556
18337,10159.2,16188.38,3014.5899999999992,996,962.0,18.62193746378575,0.9658634538152611
18338,901.44,1343.04,220.79999999999995,96,96.0,16.440314510364544,1.0
18344,473.46000000000004,2139.62,833.0799999999999,78,238.0,38.93588581149924,3.051282051282051
18346,4196.88,6378.84,1090.98,116,116.0,17.103109656301147,1.0
18347,185293.68,313061.96,63884.140000000014,21596,20404.0,20.406228850033393,0.9448045934432302
18354,119.04,179.76,30.359999999999992,24,24.0,16.889185580774363,1.0
18357,370.71999999999997,2637.36,1133.3200000000002,56,264.0,42.97175963842631,4.714285714285714
18359,1868.16,2086.56,109.19999999999993,192,144.0,5.233494363929143,0.75
18360,579.5999999999999,1127.06,273.73,72,94.0,24.287083207637572,1.3055555555555556
18363,1459.6000000000001,2000.6599999999999,270.52999999999986,356,334.0,13.522037727549902,0.9382022471910112
18364,1265.4,1558.44,146.51999999999998,190,156.0,9.4017094017094,0.8210526315789474
18368,36838.799999999996,52654.1,7907.6500000000015,6822,6590.0,15.018108751265336,0.9659923776018763
18369,23659.039999999997,34117.3,5229.130000000003,4414,4270.0,15.326916256561926,0.9673765292251926
18375,36720.060000000005,58045.66,10662.8,4654,4434.0,18.369676561520702,0.9527288354103997
18378,486.18,1055.1200000000001,284.47,74,88.0,26.960914398362274,1.1891891891891893
18380,28200.96,42544.96,7172.0,1152,1104.0,16.857460907237897,0.9583333333333334
18381,45272.16,67885.32,11306.580000000002,5364,5068.0,16.655412392546726,0.9448173005219985
18382,326.4,19.98,-153.20999999999998,48,2.0,-766.8168168168168,0.041666666666666664
18384,159.84,239.76,39.959999999999994,24,24.0,16.666666666666664,1.0
18385,1341.6,2518.92,588.6600000000001,120,108.0,23.369539326377975,0.9
18386,3017.84,4082.16,532.1599999999999,634,584.0,13.036235718345187,0.9211356466876972
18394,21.92,33.98,6.029999999999998,2,2.0,17.74573278399058,1.0
18396,1298.0,3118.44,910.22,100,156.0,29.188312104770336,1.56
18414,3794.8799999999997,4867.8,536.4600000000003,1416,1220.0,11.02058424750401,0.8615819209039548
18419,47.64,819.4399999999999,385.9,6,56.0,47.09313677633506,9.333333333333334
18423,36979.32,59277.62,11149.150000000001,3724,3838.0,18.808363088801475,1.030612244897959
18424,222.06,2051.64,914.79,6,36.0,44.58823185354156,6.0
18427,44147.04,61310.42,8581.689999999999,3754,3158.0,13.997115009161574,0.8412360149174214
18428,524.4,1291.24,383.42,46,76.0,29.693937610359033,1.6521739130434783
18430,6454.5,5947.0599999999995,-253.72000000000025,390,294.0,-4.26630973960243,0.7538461538461538
18431,348.36,2519.44,1085.54,12,56.0,43.08655891785476,4.666666666666667
18432,679.98,4079.76,1699.89,6,24.0,41.66642155420907,4.0
18433,880.74,11968.74,5544.0,14,126.0,46.32066533319297,9.0
18437,1568.4,2399.76,415.68000000000006,24,24.0,17.32173217321732,1.0
18438,2600.64,2351.58,-124.52999999999997,72,42.0,-5.295588497946061,0.5833333333333334
18448,1878.16,1799.7,-39.23000000000002,68,30.0,-2.1798077457354013,0.4411764705882353
18449,22097.34,36788.88,7345.769999999999,4878,4312.0,19.96736513859623,0.8839688396883969
18450,418.56,623.52,102.47999999999999,48,48.0,16.435719784449574,1.0
18452,119.16,989.34,435.09000000000003,12,66.0,43.977803384074235,5.5
18454,391.68,191.84,-99.92,48,16.0,-52.08507089241034,0.3333333333333333
18458,13.6,19.98,3.1900000000000004,2,2.0,15.965965965965967,1.0
18459,78.24,119.76,20.760000000000005,24,24.0,17.334669338677358,1.0
18466,4381.2,4956.66,287.73,180,134.0,5.804917020735738,0.7444444444444445
18467,762.0,1127.76,182.88,24,24.0,16.216216216216218,1.0
18474,95.28,143.88,24.299999999999997,12,12.0,16.889074228523768,1.0
18507,158989.72,220316.09999999998,30663.189999999988,3572,3390.0,13.917816264903015,0.9490481522956327
18515,388.8,167.86,-110.47,48,14.0,-65.81079470987727,0.2916666666666667
18529,5212.2,7249.16,1018.48,1022,884.0,14.0496278189473,0.8649706457925636
18533,9633.26,14690.2,2528.4700000000003,938,980.0,17.2119508243591,1.044776119402985
18534,22397.68,30956.94,4279.629999999999,1192,1106.0,13.824460686359826,0.9278523489932886
18535,22083.84,32132.519999999997,5024.339999999998,1152,1148.0,15.63630863685761,0.9965277777777778
18536,1071.84,1607.76,267.96000000000004,24,24.0,16.666666666666668,1.0
18538,470.4,193.94,-138.23,24,6.0,-71.27462101680932,0.25
18539,713.44,1159.42,222.99,56,58.0,19.232892308223075,1.0357142857142858
18540,4722.36,9822.48,2550.06,348,352.0,25.96146797957339,1.0114942528735633
18548,210.24,269.8,29.78,24,20.0,11.037805782060786,0.8333333333333334
18551,60363.600000000006,83614.24,11625.32,5918,5376.0,13.903516912908614,0.9084150050692802
18553,734.4000000000001,719.52,-7.440000000000055,72,48.0,-1.0340226817878662,0.6666666666666666
18556,231.6,0.0,-115.8,24,0.0,-inf,0.0
18561,1891.28,2668.2200000000003,388.47000000000014,188,178.0,14.559144298446158,0.9468085106382979
18562,24081.86,48997.64,12457.89,3014,3436.0,25.42548988073711,1.1400132714001328
18564,2047.1,2998.98,475.94000000000005,110,102.0,15.87006248791256,0.9272727272727272
18565,8734.6,15925.460000000001,3595.4300000000003,1468,1654.0,22.576616311239988,1.1267029972752043
18568,43255.420000000006,63777.22,10260.899999999998,6278,6278.0,16.08865986946436,1.0
18569,823.3199999999999,1563.66,370.1700000000001,36,34.0,23.673304938413725,0.9444444444444444
18571,819.0,5686.74,2433.87,126,526.0,42.799037761529455,4.174603174603175
18572,9080.26,3306.94,-2886.66,1106,1106.0,-87.29096989966555,1.0
18573,315.6,479.76,82.07999999999998,24,24.0,17.108554277138566,1.0
18575,32345.519999999997,48469.880000000005,8062.180000000004,1228,1212.0,16.63338139066984,0.9869706840390879
18578,25152.36,67132.54,20990.089999999997,478,746.0,31.266640588900703,1.5606694560669456
18579,183.84,275.76,45.959999999999994,24,24.0,16.666666666666664,1.0
18583,10576.02,16536.52,2980.25,338,348.0,18.022232005282852,1.029585798816568
18584,10274.24,12669.060000000001,1197.4100000000008,388,294.0,9.451451015308166,0.7577319587628866
18585,2704.94,6505.66,1900.36,278,434.0,29.21087176397168,1.5611510791366907
18586,2647.68,2779.36,65.84000000000015,96,64.0,2.368890679868752,0.6666666666666666
18587,1811.08,2507.36,348.1400000000001,76,64.0,13.884723374385812,0.8421052631578947
18589,6890.6,9955.019999999999,1532.2099999999991,524,498.0,15.391330203254231,0.950381679389313
18592,24127.2,46431.9,11152.35,4468,4810.0,24.01872419608071,1.076544315129812
18593,22815.82,33126.840000000004,5155.510000000002,3494,3316.0,15.56293929635305,0.9490555237550086
18594,356.64,197.82,-79.41,48,18.0,-40.14255383682136,0.375
18595,774.0,2299.54,762.77,24,46.0,33.17054715290884,1.9166666666666667
18597,3848.5200000000004,5926.4400000000005,1038.96,156,156.0,17.530929191892604,1.0
18599,583.68,863.52,139.92000000000002,48,48.0,16.203446359088385,1.0
18600,47122.56,67162.52,10019.980000000003,648,548.0,14.919005421476147,0.845679012345679
18601,5733.419999999999,9457.019999999999,1861.7999999999997,462,498.0,19.686962700723907,1.077922077922078
18609,6568.68,9498.1,1464.71,268,190.0,15.42108421684337,0.7089552238805971
18611,1047.48,2014.56,483.53999999999996,116,144.0,24.00226352156302,1.2413793103448276
18613,16514.1,22658.46,3072.1800000000003,1770,1554.0,13.558644320929139,0.8779661016949153
18614,1766.4,2686.08,459.8399999999999,192,192.0,17.119370979270908,1.0
18615,3329.28,5992.34,1331.53,306,366.0,22.220534882867128,1.196078431372549
18617,12687.32,20409.38,3861.0300000000007,1514,1462.0,18.917919113662446,0.9656538969616909
18618,17098.64,25937.88,4419.620000000001,1604,1612.0,17.039249159915926,1.0049875311720697
18621,518.4,159.9,-179.25,48,10.0,-112.10131332082551,0.20833333333333334
18622,193.44,299.76,53.16,24,24.0,17.734187349879903,1.0
18624,201.36,1021.8599999999999,410.24999999999994,4,14.0,40.14737831014033,3.5
18627,216.72,616.4599999999999,199.86999999999995,72,34.0,32.422217175485834,0.4722222222222222
18628,117.54,2725.06,1303.76,6,94.0,47.84335023815989,15.666666666666666
18629,4192.16,10087.019999999999,2947.4299999999994,304,498.0,29.220027322241847,1.638157894736842
18632,154.92000000000002,425.90000000000003,135.49,6,10.0,31.81263207325663,1.6666666666666667
18635,2593.92,4414.08,910.0799999999999,192,192.0,20.61765985210961,1.0
18636,17257.2,15008.36,-1124.42,1576,964.0,-7.491957815510822,0.6116751269035533
18637,10560.56,13873.06,1656.25,808,694.0,11.938606190703421,0.8589108910891089
18638,31147.1,47706.96,8279.93,1882,1904.0,17.355811395234575,1.0116896918172158
18640,1750.8799999999999,1872.66,60.8900000000001,496,354.0,3.251524569329195,0.7137096774193549
18641,110836.42,179350.69999999998,34257.13999999999,18442,18470.0,19.10064471451742,1.0015182735061272
18642,79782.92,133825.44,27021.260000000002,13732,13568.0,20.191422497844954,0.9880570929216429
18646,982.8,1428.42,222.81000000000006,360,358.0,15.598353425463102,0.9944444444444445
18651,1548.0,1839.1999999999998,145.5999999999999,120,80.0,7.916485428447147,0.6666666666666666
18653,10222.92,17245.579999999998,3511.329999999999,1556,1442.0,20.36075330606451,0.9267352185089974
18658,110.88,321.72,105.42000000000002,14,28.0,32.76762402088773,2.0
18660,1737.12,1858.76,60.82000000000005,168,124.0,3.272073855688742,0.7380952380952381
18662,236.16,747.66,255.75,16,34.0,34.206724981943665,2.125
18664,12469.86,16303.76,1916.9499999999998,1898,1624.0,11.75771723823216,0.8556375131717597
18666,547.2,67.96,-239.62000000000003,48,4.0,-352.58975868157745,0.08333333333333333
18668,35.12,597.54,281.21,4,46.0,47.06128460019413,11.5
18669,359.04,171.86,-93.59,48,14.0,-54.457116257418825,0.2916666666666667
18671,752.4399999999999,219.89999999999998,-266.27,52,10.0,-121.0868576625739,0.19230769230769232
18684,1453.92,2269.84,407.96000000000004,16,16.0,17.973072991928948,1.0
18686,943.1999999999999,151.92,-395.64,72,8.0,-260.42654028436016,0.1111111111111111
18721,225.36,335.76,55.19999999999999,24,24.0,16.440314510364544,1.0
18732,202.56,599.52,198.48,24,48.0,33.10648518815052,2.0
18733,44523.92,63107.78,9291.93,2408,2222.0,14.723905673753695,0.9227574750830565
18734,7863.12,11799.32,1968.1,1304,1268.0,16.67977476668147,0.9723926380368099
18736,1164.0,917.46,-123.26999999999998,100,54.0,-13.436008109345366,0.54
18738,46.56,71.76,12.600000000000001,24,24.0,17.558528428093645,1.0
18739,6859.0199999999995,17996.98,5568.98,294,502.0,30.943969488214133,1.7074829931972788
18740,1881.6,6268.06,2193.2300000000005,96,194.0,34.9905712453295,2.0208333333333335
18741,9819.6,19169.239999999998,4674.819999999999,1002,876.0,24.38709098534944,0.874251497005988
18742,51885.0,114386.7,31250.85,4612,5730.0,27.320352803254224,1.2424111014744146
18743,225977.6,309935.98,41979.18999999999,33232,29402.0,13.544471345340412,0.8847496389022629
18744,33488.44,38419.32,2465.4399999999987,4418,2268.0,6.417188018944632,0.5133544590312359
18747,15075.36,22497.48,3711.0599999999995,2204,2252.0,16.49544749011889,1.0217785843920144
18748,2710.4,7527.32,2408.46,484,908.0,31.996248332739942,1.8760330578512396
18753,1029.6,1556.88,263.6400000000001,312,312.0,16.933867735470947,1.0
18754,567.36,855.14,143.89,288,286.0,16.82648455223706,0.9930555555555556
18756,1725.9199999999998,2476.9,375.4900000000001,322,310.0,15.159675400702497,0.9627329192546584
18757,253.92,175.78,-39.06999999999999,48,22.0,-22.22664694504494,0.4583333333333333
18758,24798.52,40381.74,7791.609999999999,3746,3626.0,19.29488427195064,0.9679658302189001
18761,4074.24,3801.52,-136.3599999999999,384,248.0,-3.5869862581283254,0.6458333333333334
18762,1972.08,2879.28,453.60000000000014,72,72.0,15.753938484621157,1.0
18767,739.4399999999999,1259.16,259.86000000000007,72,84.0,20.637567902411135,1.1666666666666667
18768,26285.04,35582.42,4648.689999999999,3096,2758.0,13.064569526187366,0.8908268733850129
18769,315.52,550.62,117.55000000000001,32,38.0,21.348661508844575,1.1875
18770,611.52,189.89999999999998,-210.81,48,10.0,-111.01105845181675,0.20833333333333334
18771,1799.6799999999998,1475.18,-162.24999999999997,148,82.0,-10.998657790913649,0.5540540540540541
18773,197.04,819.4999999999999,311.22999999999996,24,50.0,37.97803538743136,2.0833333333333335
18774,7236.599999999999,7273.16,18.2800000000002,420,284.0,0.2513350455647917,0.6761904761904762
18775,476.4,1031.14,277.37000000000006,120,86.0,26.89935411292356,0.7166666666666667
18778,12803.08,20877.0,4036.96,1934,1900.0,19.336877903913397,0.9824198552223371
18779,1656.48,2433.86,388.69000000000005,816,814.0,15.970105100539886,0.9975490196078431
18781,2590.32,1236.4,-676.96,344,360.0,-54.75250727919767,1.0465116279069768
18783,1992.3999999999999,2886.6,447.1,340,340.0,15.488810365135455,1.0
18784,979.8,2939.4,979.8000000000001,30,60.0,33.333333333333336,2.0
18785,895.68,979.3,41.81,96,70.0,4.269376084958644,0.7291666666666666
18786,1206.02,1785.06,289.52,94,94.0,16.219062664560294,1.0
18787,24431.940000000002,39896.12,7732.09,3546,3588.0,19.380556304723363,1.011844331641286
18788,267.02,5546.3,2639.6400000000003,26,370.0,47.592809620828305,14.23076923076923
18797,5916.04,7668.86,876.4099999999999,734,614.0,11.428165333569785,0.8365122615803815
18800,5524.36,7937.38,1206.5100000000002,668,662.0,15.200355784906359,0.9910179640718563
18801,28460.04,44356.06,7948.009999999998,3986,3794.0,17.91865643612169,0.9518314099347717
18806,70290.6,94722.32,12215.86,1930,1768.0,12.896495778397318,0.9160621761658031
18807,15.88,23.98,4.05,2,2.0,16.889074228523768,1.0
18811,5252.8,6714.4,730.7999999999997,670,560.0,10.884070058381981,0.835820895522388
18812,64379.0,83233.36,9427.18,7574,6664.0,11.326203820199018,0.8798521256931608
18813,41864.340000000004,54242.76,6189.209999999999,5306,4524.0,11.4102047904642,0.8526196758386732
18817,9718.0,31850.1,11066.05,1130,2390.0,34.74416092885109,2.1150442477876106
18822,8744.48,18169.16,4712.34,656,884.0,25.935926592093416,1.3475609756097562
18827,249.12,383.52,67.19999999999999,48,48.0,17.521902377972467,1.0
18829,3623.04,2803.2400000000002,-409.89999999999986,144,76.0,-14.622365548436802,0.5277777777777778
18830,415.68,77.94,-168.87,48,6.0,-216.66666666666669,0.125
18831,389.24,423.58,17.169999999999987,74,42.0,4.053543604513902,0.5675675675675675
18833,192.96,95.84,-48.56,48,16.0,-50.6677796327212,0.3333333333333333
18835,24300.48,36209.8,5954.660000000002,2978,3020.0,16.444885086357843,1.0141034251175285
18836,14834.699999999999,24453.96,4809.63,1590,1604.0,19.66810283487828,1.0088050314465409
18837,14600.76,16055.64,727.4399999999996,1686,1236.0,4.530744336569577,0.7330960854092526
18838,5333.12,8808.880000000001,1737.8800000000006,832,812.0,19.72872828327779,0.9759615384615384
18839,1641.6,1662.72,10.56000000000006,192,128.0,0.6351039260970013,0.6666666666666666
18844,1417.92,2758.16,670.1199999999999,168,184.0,24.295907416538558,1.0952380952380953
18845,784.08,0.0,-392.04,24,0.0,-inf,0.0
18846,1214.64,791.28,-211.68000000000006,168,72.0,-26.751592356687908,0.42857142857142855
18851,444.38,4717.639999999999,2136.6299999999997,34,236.0,45.29022986069305,6.9411764705882355
18852,1724.54,2668.66,472.05999999999995,326,334.0,17.689027451979644,1.0245398773006136
18853,3016.44,4153.6,568.5800000000002,684,640.0,13.688848228043145,0.935672514619883
18854,523.6,597.48,36.94,70,52.0,6.182633728325634,0.7428571428571429
18855,695.52,679.4,-8.060000000000002,168,120.0,-1.1863408890197236,0.7142857142857143
18856,30160.48,44935.16,7387.340000000002,7694,7584.0,16.439999323469642,0.9857031453080323
18857,51431.880000000005,72468.64,10518.379999999997,12794,12236.0,14.514388568627751,0.9563858058464906
18859,290.1,629.58,169.74,30,42.0,26.960831030210613,1.4
18860,25854.28,40066.38,7106.049999999999,6698,6762.0,17.735692618100263,1.0095550910719617
18865,64087.2,99647.76000000001,17780.280000000006,2760,2624.0,17.84313064337824,0.9507246376811594
18866,2228.16,2494.08,132.96000000000004,264,192.0,5.331023864511164,0.7272727272727273
18868,119200.07999999999,179896.62,30348.270000000004,12776,12446.0,16.869838910814448,0.974170319348779
18874,48.6,83.88,17.639999999999997,12,12.0,21.03004291845493,1.0
18875,24081.399999999998,36833.9,6376.250000000002,4676,4610.0,17.310819652548336,0.985885372112917
18877,35741.0,53804.66,9031.830000000002,6940,6734.0,16.786334120501834,0.9703170028818444
18879,26553.42,38944.02,6195.299999999999,2658,2598.0,15.908219028235916,0.9774266365688488
18880,2139.2799999999997,5568.02,1714.3700000000003,242,398.0,30.789580497196496,1.6446280991735538
18881,17382.86,26353.66,4485.4,2662,2634.0,17.020026819804155,0.9894815927873779
18884,18875.84,32863.06,6993.609999999999,1952,1894.0,21.281067557312067,0.9702868852459017
18886,1830.6,1973.58,71.49000000000001,60,42.0,3.6223512601465364,0.7
18891,4985.12,14985.88,5000.379999999999,112,212.0,33.367276396180934,1.8928571428571428
18893,300279.98000000004,391702.2,45711.109999999986,43582,41060.0,11.669862972431604,0.9421320728741224
18900,4775.28,8748.42,1986.5700000000002,808,958.0,22.707757515071293,1.1856435643564356
18901,6859.1,11311.6,2226.25,1130,1240.0,19.68112380211464,1.0973451327433628
18909,12390.6,18703.08,3156.2400000000007,1284,1292.0,16.87550927440828,1.0062305295950156
18912,3865.2,863.82,-1500.6899999999998,120,18.0,-173.7271653816767,0.15
18920,285.6,161.84,-61.88000000000001,48,16.0,-38.235294117647065,0.3333333333333333
18928,1005.6,1117.14,55.77000000000004,120,86.0,4.992212256297333,0.7166666666666667
18937,640.8,1101.6,230.39999999999998,36,40.0,20.915032679738562,1.1111111111111112
18938,2401.2999999999997,3716.6,657.6500000000001,370,340.0,17.69493623204004,0.918918918918919
18943,2736.0,2684.42,-25.789999999999964,240,158.0,-0.9607289470351124,0.6583333333333333
18947,2295.0,2222.96,-36.01999999999998,90,104.0,-1.6203620398027845,1.1555555555555554
18948,1042.86,911.76,-65.54999999999995,42,24.0,-7.189391945248745,0.5714285714285714
18950,38339.840000000004,116431.28,39045.72,3112,6472.0,33.53542106554184,2.0796915167095116
18951,88811.06,160457.41999999998,35823.17999999999,7358,7058.0,22.32566122526462,0.9592280511008426
18952,9914.4,14812.02,2448.8100000000004,1080,1098.0,16.532586372419157,1.0166666666666666
18962,178.32,1033.06,427.37,24,94.0,41.3693299517937,3.9166666666666665
18963,142.22,463.42,160.60000000000002,26,58.0,34.65538820076821,2.230769230769231
18964,289.44,275.54,-6.949999999999989,72,46.0,-2.522319808376275,0.6388888888888888
18965,196.8,83.86,-56.470000000000006,48,14.0,-67.33842117815408,0.2916666666666667
18967,190.56,83.86,-53.35,48,14.0,-63.61793465299309,0.2916666666666667
18971,16453.28,24889.66,4218.1900000000005,1052,1034.0,16.947559749711328,0.9828897338403042
18972,808.26,12880.28,6036.01,114,1172.0,46.86241292891148,10.280701754385966
18974,17511.120000000003,26479.36,4484.119999999999,536,464.0,16.934397205974765,0.8656716417910447
18976,1545.6,2263.9,359.1500000000001,192,210.0,15.864216617341759,1.09375
18978,81.0,119.88,19.439999999999998,12,12.0,16.216216216216214,1.0
18979,2181.6,2554.58,186.49,202,142.0,7.3002215628400755,0.7029702970297029
18988,271948.4,415665.3,71858.44999999998,30556,30470.0,17.28757488296473,0.9971854954837021
19000,4049.28,7555.34,1753.03,608,666.0,23.20252960157981,1.0953947368421053
19001,50213.159999999996,68270.31999999999,9028.579999999998,2762,2368.0,13.224751253546197,0.8573497465604635
19003,1176.48,1880.8799999999999,352.19999999999993,114,112.0,18.72527752966696,0.9824561403508771
19019,361.44,131.88,-114.78,48,12.0,-87.03366696997271,0.25
19034,4323.08,11697.4,3687.16,148,260.0,31.521192743686633,1.7567567567567568
19035,24124.8,43082.8,9479.000000000002,3360,3520.0,22.001819751733873,1.0476190476190477
19036,28816.600000000002,79177.18000000001,25180.29,2980,5282.0,31.80245873874265,1.77248322147651
19037,15484.0,25194.18,4855.09,1580,1582.0,19.270680768336177,1.0012658227848101
19039,8514.0,14105.26,2795.63,1320,1274.0,19.819769362634933,0.9651515151515152
19040,311.52,575.52,132.0,48,48.0,22.93577981651376,1.0
19041,11968.96,20671.4,4351.220000000001,1808,1860.0,21.049469315092352,1.0287610619469028
19045,744.4,3368.8199999999997,1312.2099999999998,40,118.0,38.95162104238279,2.95
19054,537.9,779.94,121.02000000000004,6,6.0,15.516578198322954,1.0
19055,13054.5,22421.52,4683.51,1934,2048.0,20.888458944799464,1.0589451913133403
19056,164.64000000000001,1294.56,564.9599999999999,28,144.0,43.641082684464216,5.142857142857143
19058,259.44,1439.7,590.13,8,30.0,40.98978953948739,3.75
19059,213.12,1889.3,838.0899999999999,12,70.0,44.359815804795424,5.833333333333333
19061,1563.54,6730.68,2583.57,46,132.0,38.384977446558146,2.869565217391304
19062,1359.6,7444.54,3042.4700000000003,40,146.0,40.86847541956924,3.65
19070,2781.78,3296.7,257.4599999999998,426,330.0,7.809627809627805,0.7746478873239436
19071,1150.08,1564.26,207.09000000000003,192,174.0,13.23884776188102,0.90625
19072,175.92,87.92,-43.99999999999999,24,8.0,-50.04549590536851,0.3333333333333333
19074,15495.839999999998,25274.32,4889.240000000001,1224,1168.0,19.3446945357976,0.954248366013072
19077,3420.8199999999997,11199.44,3889.3100000000004,26,56.0,34.72771852878358,2.1538461538461537
19088,1682.88,687.76,-497.56000000000006,96,24.0,-72.34500407118763,0.25
19091,1495.68,2254.08,379.19999999999993,192,192.0,16.822827938671207,1.0
19105,190.56,35.94,-77.31,48,6.0,-215.1085141903172,0.125
19108,226.88,1284.94,529.03,32,106.0,41.17157221348857,3.3125
19109,321.6,247.76,-36.920000000000016,48,24.0,-14.901517597675177,0.5
19118,178.32,0.0,-89.16,24,0.0,-inf,0.0
19120,24299.1,38994.88,7347.889999999999,2842,2912.0,18.843217365972148,1.0246305418719213
19121,42035.2,112274.5,35119.65,5120,9350.0,31.2801660216701,1.826171875
19122,16702.399999999998,48361.54,15829.570000000002,2288,3446.0,32.73173269502998,1.506118881118881
19124,1246.44,2239.68,496.6199999999999,52,32.0,22.173703386198024,0.6153846153846154
19125,397.32000000000005,1733.66,668.1700000000001,12,34.0,38.54100573353484,2.8333333333333335
19126,29101.12,43616.68,7257.780000000001,3448,3332.0,16.639918489898818,0.9663573085846868
19127,24199.5,32789.64,4295.07,2210,2036.0,13.098862933536322,0.9212669683257918
19137,29.52,263.88,117.17999999999999,2,12.0,44.406548431105044,6.0
19148,4390.4,2580.1,-905.1499999999999,490,190.0,-35.081973566916005,0.3877551020408163
19150,79545.16,101780.22,11117.529999999999,5426,4978.0,10.923075230138036,0.9174345742720236
19157,291.78,2519.1,1113.6599999999999,18,90.0,44.20864594498035,5.0
19158,2928.3,5833.26,1452.48,454,474.0,24.899970171053578,1.0440528634361232
19160,15458.380000000001,23181.6,3861.6099999999988,1526,1440.0,16.65808227214687,0.9436435124508519
19164,9727.62,22878.88,6575.63,2438,3112.0,28.741048512864264,1.276456111566858
19169,756.0,9268.4,4256.2,140,1160.0,45.921626170644345,8.285714285714286
19174,16516.44,25270.9,4377.230000000001,2238,2110.0,17.32122718225311,0.9428060768543343
19175,27675.0,56139.0,14232.0,3750,4700.0,25.35136001710041,1.2533333333333334
19176,559.44,699.3,69.92999999999995,84,70.0,9.999999999999993,0.8333333333333334
19179,172.32,351.68,89.68,24,32.0,25.500454959053688,1.3333333333333333
19189,1112.16,5952.5599999999995,2420.2,112,344.0,40.65813700323894,3.0714285714285716
19190,32784.159999999996,47659.0,7437.420000000002,4624,4500.0,15.605488994733422,0.9731833910034602
19191,25871.86,49525.9,11827.02,3962,4010.0,23.88047466073307,1.012115093387178
19192,23923.58,22298.16,-812.710000000001,2474,1784.0,-3.644740193809718,0.7210994341147938
19199,82862.08,120613.23999999999,18875.579999999994,7168,7076.0,15.64967494447541,0.9871651785714286
19201,1515.36,1665.02,74.83000000000004,132,98.0,4.494240309425715,0.7424242424242424
19204,217.56,250.04,16.239999999999995,98,76.0,6.494960806270996,0.7755102040816326
19215,67230.62,93642.87999999999,13206.129999999997,3578,3312.0,14.102652545500522,0.9256567915036333
19216,8991.08,11390.08,1199.5,652,592.0,10.531093723661291,0.9079754601226994
19217,2760.24,4168.24,704.0,168,176.0,16.8896224785521,1.0476190476190477
19218,49123.3,67434.38,9155.54,610,562.0,13.57696178121605,0.921311475409836
19219,4278.04,6027.36,874.6599999999999,494,464.0,14.511494252873561,0.9392712550607287
19220,66169.26,96005.5,14918.120000000003,1494,1450.0,15.538818088547012,0.9705488621151271
19223,44399.200000000004,63357.62,9479.21,4826,4638.0,14.961436367085756,0.9610443431413178
19224,215484.36,331315.08,57915.360000000015,16914,16492.0,17.480447916828904,0.9750502542272673
19228,689.76,1055.52,182.88,48,48.0,17.32605729877217,1.0
19231,862.92,4296.820000000001,1716.9500000000003,36,118.0,39.958620561252275,3.2777777777777777
19233,936.72,2050.92,557.1,72,108.0,27.16341934351413,1.5
19236,442.32000000000005,919.28,238.47999999999996,38,72.0,25.942041597772164,1.894736842105263
19243,2171.6,1129.26,-521.17,488,174.0,-46.151462019375515,0.35655737704918034
19244,25274.58,37824.579999999994,6274.999999999996,2094,2142.0,16.589741379811745,1.0229226361031518
19245,629.8000000000001,499.5,-65.15000000000003,94,50.0,-13.04304304304305,0.5319148936170213
19246,1419.12,2097.9,339.3900000000001,216,210.0,16.177606177606183,0.9722222222222222
19247,1114.56,2806.44,845.94,96,156.0,30.142814384059523,1.625
19249,13853.68,23134.62,4640.469999999999,1256,1338.0,20.058552939274556,1.0652866242038217
19251,1150.56,2150.62,500.03,144,138.0,23.250504505677434,0.9583333333333334
19252,1958.4,2334.54,188.06999999999994,192,146.0,8.055976766300853,0.7604166666666666
19253,2011.2,2774.0,381.4,240,200.0,13.749098774333094,0.8333333333333334
19254,636.24,921.36,142.56,264,264.0,15.472779369627506,1.0
19255,54.72,104.7,24.990000000000002,24,30.0,23.86819484240688,1.25
19258,36842.4,57974.5,10566.05,5712,5750.0,18.22534045140536,1.0066526610644257
19259,718.08,1007.04,144.47999999999996,96,96.0,14.346997140133459,1.0
19260,68395.8,103964.84,17784.519999999997,10604,10516.0,17.106283239602924,0.991701244813278
19262,974.9599999999999,593.8,-190.57999999999998,56,20.0,-32.09498147524419,0.35714285714285715
19264,3164.04,6999.0,1917.48,66,100.0,27.396485212173165,1.5151515151515151
19265,1408.96,7487.04,3039.04,28,96.0,40.5906740180365,3.4285714285714284
19267,9727.42,6526.64,-1600.3899999999999,302,136.0,-24.52088670433791,0.4503311258278146
19269,59995.04,75333.62,7669.289999999997,3836,3238.0,10.180434711620121,0.8441084462982273
19270,193959.12,284486.16,45263.51999999999,11798,11384.0,15.910622857716522,0.9649093066621461
19271,20792.920000000002,22241.18,724.1299999999992,388,282.0,3.2558074706467877,0.7268041237113402
19275,685.44,1033.06,173.80999999999995,96,94.0,16.824773004472146,0.9791666666666666
19276,20121.28,76245.5,28062.11,2216,5450.0,36.804939307893584,2.4593862815884475
19282,29073.52,45995.92,8461.199999999999,2152,2248.0,18.395544648307936,1.0446096654275092
19283,27863.160000000003,42382.0,7259.419999999998,4044,4000.0,17.128545137086494,0.9891196834817013
19284,160.8,239.76,39.47999999999999,24,24.0,16.46646646646646,1.0
19285,496.08000000000004,719.28,111.59999999999997,72,72.0,15.51551551551551,1.0
19293,7813.12,11769.939999999999,1978.4099999999994,436,406.0,16.809006672931208,0.9311926605504587
19302,107839.02,144013.38,18087.18,14514,12062.0,12.559374691434922,0.8310596665288686
19304,51.6,219.78,84.09,8,22.0,38.26098826098826,2.75
19312,889.64,839.44,-25.099999999999966,92,56.0,-2.9900886305155776,0.6086956521739131
19315,6336.4,10000.66,1832.13,140,134.0,18.320090874002318,0.9571428571428572
19316,3116.88,4408.9,646.0099999999998,312,310.0,14.652407630021088,0.9935897435897436
19318,4342.0,7919.52,1788.7600000000002,40,48.0,22.58672242762188,1.2
19320,14035.2,20217.88,3091.34,1360,1212.0,15.290129331067352,0.8911764705882353
19321,556.8,863.04,153.12,96,96.0,17.741935483870968,1.0
19322,254.4,342.76,44.17999999999999,48,44.0,12.889485354183684,0.9166666666666666
19329,40324.32,40945.060000000005,310.3700000000026,1366,894.0,0.758015741093071,0.6544655929721815
19334,262.56,383.52,60.47999999999999,48,48.0,15.76971214017522,1.0
19336,21631.22,30938.460000000003,4653.620000000001,7982,7754.0,15.041537296943677,0.9714357303933852
19337,671.76,335.92,-167.92,24,8.0,-49.98809240295308,0.3333333333333333
19340,21067.32,30317.579999999998,4625.129999999999,2514,2042.0,15.255604174211793,0.8122513922036595
19343,285.6,0.0,-142.8,48,0.0,-inf,0.0
19344,615.5999999999999,389.7,-112.94999999999996,72,30.0,-28.983833718244796,0.4166666666666667
19345,1102.08,2038.8,468.36,96,120.0,22.972336668628607,1.25
19346,2117.76,3070.08,476.15999999999985,192,192.0,15.50969355847404,1.0
19347,144.54000000000002,407.66,131.56,22,34.0,32.27199136535348,1.5454545454545454
19349,2335.2,3022.56,343.68000000000006,168,144.0,11.370493885977453,0.8571428571428571
19353,459.84,223.84,-117.99999999999999,48,16.0,-52.71622587562545,0.3333333333333333
19356,17958.5,29989.96,6015.73,1466,1604.0,20.05914646101562,1.0941336971350615
19357,109728.64,169093.42,29682.390000000007,27992,27658.0,17.5538409478027,0.988068019434124
19360,9376.66,16378.42,3500.88,1262,1558.0,21.374955581796044,1.2345483359746434
19361,228.48,335.76,53.64,24,24.0,15.975696926375985,1.0
19364,9071.279999999999,9496.32,212.52000000000044,774,668.0,2.237919530934093,0.8630490956072352
19368,718.08,837.66,59.789999999999964,48,34.0,7.137740849509343,0.7083333333333334
19369,4798.08,5799.54,500.73,336,246.0,8.63396062446332,0.7321428571428571
19370,1599.64,2291.14,345.7499999999999,406,386.0,15.090740853898055,0.9507389162561576
19372,310.88,431.46,60.28999999999999,58,54.0,13.973485375237566,0.9310344827586207
19374,1151.04,1151.28,0.12000000000000455,96,72.0,0.010423181154888867,0.75
19375,744.5999999999999,671.58,-36.509999999999934,60,42.0,-5.436433485213963,0.7
19376,54119.03999999999,72075.14,8978.050000000003,4544,4486.0,12.456514132334675,0.9872359154929577
19377,440.64,319.8,-60.41999999999999,36,20.0,-18.89305816135084,0.5555555555555556
19379,185.76,287.76,51.0,24,24.0,17.723102585487908,1.0
19380,450.72,27.98,-211.37,48,2.0,-755.4324517512508,0.041666666666666664
19381,15137.28,23685.04,4273.88,2304,2296.0,18.04463914774896,0.9965277777777778
19382,16388.2,26285.28,4948.539999999999,2446,2472.0,18.82627843416543,1.0106295993458707
19391,95.88,1259.64,581.8800000000001,4,36.0,46.19415070972659,9.0
19392,695.1,3793.7599999999998,1549.33,70,224.0,40.83890388427312,3.2
19394,26548.199999999997,41002.5,7227.1500000000015,1372,1350.0,17.626120358514726,0.9839650145772595
19395,322.08,1279.68,478.80000000000007,12,32.0,37.41560390097525,2.6666666666666665
19396,36.8,321.54,142.37,8,46.0,44.27753934191702,5.75
19397,16944.48,19850.96,1453.2399999999998,1476,1104.0,7.320754260751117,0.7479674796747967
19398,175.04,607.24,216.10000000000002,32,76.0,35.587247216915884,2.375
19403,676.08,223.84,-226.12,72,16.0,-101.01858470335954,0.2222222222222222
19406,11050.52,14593.640000000001,1771.5600000000004,538,436.0,12.139260664234559,0.8104089219330854
19414,2041.2,2613.82,286.31000000000006,252,218.0,10.95369994873404,0.8650793650793651
19417,66.22,2899.42,1416.6000000000001,2,58.0,48.85804747156328,29.0
19418,13914.72,15166.42,625.8500000000004,216,158.0,4.126550629614638,0.7314814814814815
19419,20310.16,28454.2,4072.0200000000004,3068,2780.0,14.310787159716318,0.9061277705345502
19430,3553.46,4953.639999999999,700.0899999999997,254,236.0,14.132839689601987,0.9291338582677166
19435,110.34,319.96,104.80999999999999,2,4.0,32.757219652456556,2.0
19443,601.86,4083.1,1740.62,42,190.0,42.62986456368935,4.523809523809524
19444,689.76,1007.28,158.76,72,72.0,15.761258041458184,1.0
19451,22366.8,35736.48,6684.840000000002,3270,3152.0,18.705927388483705,0.963914373088685
19452,30069.8,39702.14,4816.17,5020,3986.0,12.130756679614752,0.7940239043824702
19453,89011.6,130192.86,20590.629999999997,9224,9114.0,15.815483276118211,0.988074588031223
19454,2397.6,2292.52,-52.539999999999964,240,148.0,-2.2918011620400245,0.6166666666666667
19458,13911.300000000001,21605.62,3847.159999999999,2610,2638.0,17.806292992286263,1.010727969348659
19459,1118.4,1699.96,290.78,4,4.0,17.105108355490717,1.0
19464,12054.88,17852.46,2898.79,2554,2554.0,16.237482117310446,1.0
19465,10940.960000000001,15699.54,2379.29,2318,2304.0,15.15515741225539,0.993960310612597
19484,417.59999999999997,217.78,-99.90999999999998,72,22.0,-45.87657268803379,0.3055555555555556
19485,6564.88,12579.26,3007.19,56,74.0,23.905937233191775,1.3214285714285714
19486,19262.88,37590.1,9163.609999999999,1638,1990.0,24.377721793770167,1.2148962148962148
19488,2560.6,3754.54,596.97,620,546.0,15.899950459976456,0.8806451612903226
19489,12355.84,14433.16,1038.6599999999999,1576,1524.0,7.196345083128018,0.9670050761421319
19494,37967.24,95006.62,28519.69,3748,6338.0,30.018634490943896,1.691035218783351
19497,2570.4,3560.7599999999998,495.17999999999984,360,324.0,13.906581740976643,0.9
19502,1428.0,3611.1400000000003,1091.5700000000002,50,86.0,30.227850484888428,1.72
19507,128083.32,225491.08,48703.87999999999,25668,25692.0,21.599027331812856,1.0009350163627864
19511,189.36,47.96,-70.7,24,4.0,-147.4145120934112,0.16666666666666666
19513,9702.0,15049.26,2673.63,1650,1674.0,17.76585692585549,1.0145454545454546
19518,743.04,597.7199999999999,-72.66000000000003,72,28.0,-12.156193535434658,0.3888888888888889
19522,1474.08,2443.48,484.70000000000005,48,52.0,19.83646274984858,1.0833333333333333
19526,18.78,2881.94,1431.58,2,206.0,49.674177810780236,103.0
19531,22905.72,36066.54,6580.41,1524,1546.0,18.24519346740774,1.0144356955380578
19544,1199.52,849.66,-174.93,72,34.0,-20.58823529411765,0.4722222222222222
19545,57184.899999999994,82680.52,12747.810000000005,10810,10348.0,15.418154119011351,0.9572617946345976
19547,810.0,1298.7,244.35000000000002,120,130.0,18.814968814968815,1.0833333333333333
19549,28907.08,43135.840000000004,7114.380000000001,3338,3216.0,16.492967332964888,0.96345116836429
19552,3018.6,12953.52,4967.46,234,648.0,38.34834083708521,2.769230769230769
19553,417.59999999999997,467.48,24.940000000000026,72,52.0,5.334987593052114,0.7222222222222222
19554,30904.18,45187.12,7141.470000000001,5842,5088.0,15.804215891608052,0.8709346114344403
19556,46630.740000000005,71572.84,12471.049999999996,4966,5116.0,17.42427714199967,1.0302053966975433
19557,33559.86,50951.58,8695.86,3574,3642.0,17.066909406931053,1.0190263010632346
19558,1734.66,5099.88,1682.6100000000001,6,12.0,32.993129250100004,2.0
19559,1161.2,2249.9,544.35,8,10.0,24.194408640384015,1.25
19566,1187.76,5931.24,2371.74,84,276.0,39.987253930038236,3.2857142857142856
19568,1141.16,1596.3,227.56999999999994,188,170.0,14.256092213243122,0.9042553191489362
19571,10294.199999999999,13918.06,1811.9300000000003,228,194.0,13.018552873029721,0.8508771929824561
19572,1691.38,2719.66,514.1399999999999,38,34.0,18.904568953472122,0.8947368421052632
19574,6232.32,917.66,-2657.33,384,34.0,-289.5767495586601,0.08854166666666667
19576,1190.8799999999999,1199.0,4.060000000000059,144,100.0,0.33861551292744446,0.6944444444444444
19577,9204.300000000001,14260.44,2528.0699999999997,974,956.0,17.727854119508233,0.9815195071868583
19581,34842.240000000005,59751.53999999999,12454.649999999994,2208,2246.0,20.84406527430087,1.0172101449275361
19583,6190.240000000001,7149.780000000001,479.77,28,22.0,6.710276400113009,0.7857142857142857
19584,241.56,1559.74,659.09,6,26.0,42.25640170797697,4.333333333333333
19586,57.52,251.94,97.21,2,6.0,38.58458363102326,3.0
19588,3239.4,8908.9,2834.75,60,110.0,31.819304291214408,1.8333333333333333
19590,407.88,1325.74,458.93,12,26.0,34.6168932068128,2.1666666666666665
19591,341.64,1117.74,388.05,12,26.0,34.71737613398465,2.1666666666666665
19592,67.52,207.96,70.22,2,4.0,33.76610886708982,2.0
19594,909.6,2203.24,646.8199999999999,48,76.0,29.357673244857573,1.5833333333333333
19595,1107.26,1923.7399999999998,408.2399999999999,22,26.0,21.221162943017244,1.1818181818181819
19597,506.7,1749.8600000000001,621.58,6,14.0,35.521698878767445,2.3333333333333335
19598,512.98,1379.54,433.28,26,46.0,31.407570639488526,1.7692307692307692
19603,292.4,773.82,240.71000000000004,10,18.0,31.10671732444238,1.8
19604,343.92,1289.7,472.89,12,30.0,36.666666666666664,2.5
19606,673.42,1799.6,563.0899999999999,22,40.0,31.289731051344738,1.8181818181818181
19608,397.08,63.98,-166.54999999999998,18,2.0,-260.31572366364486,0.1111111111111111
19609,2071.08,5711.32,1820.12,36,68.0,31.86863982406869,1.8888888888888888
19610,2758.4,6999.4400000000005,2120.5200000000004,32,56.0,30.295566502463057,1.75
19611,74639.04000000001,124809.98,25085.469999999994,1218,1202.0,20.098929588803713,0.986863711001642
19612,42.38,639.8,298.71,2,20.0,46.688027508596434,10.0
19617,695.12,3275.74,1290.31,8,26.0,39.38987831757099,3.25
19618,3961.96,9460.86,2749.4500000000003,74,114.0,29.06131155095837,1.5405405405405406
19621,2474.28,5887.08,1706.3999999999999,58,92.0,28.985507246376805,1.5862068965517242
19630,1643.6000000000001,2239.36,297.88,70,64.0,13.302014861388967,0.9142857142857143
19632,614.24,1117.74,251.75,22,26.0,22.523127024173778,1.1818181818181819
19635,11580.02,24280.539999999997,6350.259999999998,886,1146.0,26.153701688677433,1.2934537246049662
19636,176978.5,237521.9,30271.699999999997,22150,19810.0,12.74480374230755,0.8943566591422122
19637,3750.8799999999997,4197.9,223.51,272,210.0,5.324328831082208,0.7720588235294118
19645,110617.8,191485.6,40433.9,21030,19912.0,21.115895921155428,0.9468378506894912
19646,9572.019999999999,15546.4,2987.1900000000005,1598,1560.0,19.214673493541916,0.9762202753441802
19647,313.44,39.96,-136.74,48,4.0,-342.19219219219224,0.08333333333333333
19648,1594.8799999999999,9433.4,3919.2599999999998,178,660.0,41.54663217927788,3.707865168539326
19652,874.08,1164.94,145.43,144,106.0,12.483904750459251,0.7361111111111112
19653,1128.96,1824.34,347.68999999999994,192,166.0,19.05839920190315,0.8645833333333334
19654,2154.96,129.9,-1012.53,292,10.0,-779.4688221709007,0.03424657534246575
19655,177.12,263.76,43.31999999999999,24,24.0,16.424021838034577,1.0
19656,449.16,9097.88,4324.36,76,1012.0,47.53151283595739,13.31578947368421
19657,1041.1200000000001,1350.96,154.91999999999996,144,104.0,11.467400959317816,0.7222222222222222
19658,700.5600000000001,1888.74,594.0899999999999,72,126.0,31.45430286857905,1.75
19660,12339.68,19494.059999999998,3577.1899999999987,932,994.0,18.350153841734347,1.0665236051502145
19661,684.5,2998.5,1157.0,50,150.0,38.58595964648991,3.0
19662,116133.38,168151.28,26008.949999999997,28534,28072.0,15.467589660929132,0.9838087895142636
19663,1120.38,1826.74,353.17999999999995,142,126.0,19.333895354566057,0.8873239436619719
19668,26133.06,40290.4,7078.67,4002,3968.0,17.569123165816176,0.991504247876062
19669,3236.04,4991.88,877.9200000000001,534,620.0,17.586961225029448,1.1610486891385767
19671,50760.020000000004,80706.98,14973.479999999996,8618,8722.0,18.552893442425916,1.0120677651427246
19672,2913.68,3499.3,292.8100000000002,88,70.0,8.367673534706945,0.7954545454545454
19673,99.24,143.88,22.32,12,12.0,15.512927439532945,1.0
19680,953.6,2519.86,783.1300000000001,8,14.0,31.07831387458034,1.75
19684,910.32,7479.32,3284.5,12,68.0,43.91442002748913,5.666666666666667
19687,6889.08,5543.64,-672.7199999999998,68,36.0,-12.134987120375778,0.5294117647058824
19693,472.64,441.66,-15.48999999999998,56,34.0,-3.5072227505320788,0.6071428571428571
19694,294.06,4199.44,1952.6899999999998,6,56.0,46.498818890137734,9.333333333333334
19695,95.2,839.76,372.28,4,24.0,44.331713822997045,6.0
19699,802.4,2973.18,1085.3899999999999,118,282.0,36.50603058005233,2.389830508474576
19700,611.98,1726.56,557.29,74,144.0,32.2774766008711,1.945945945945946
19703,70.32,107.76,18.720000000000006,24,24.0,17.371937639198222,1.0
19705,498.56,243.82,-127.37,64,18.0,-52.23935690263309,0.28125
19706,1215.3600000000001,587.58,-313.89000000000004,144,42.0,-53.4208107832125,0.2916666666666667
19709,354.24,285.74,-34.25,48,26.0,-11.986421222090012,0.5416666666666666
19710,560.88,575.52,7.319999999999993,72,48.0,1.2718932443703075,0.6666666666666666
19713,456.96,59.96,-198.5,48,4.0,-331.054036024016,0.08333333333333333
19715,542.16,417.62,-62.26999999999998,72,38.0,-14.910684354197592,0.5277777777777778
19720,182.16,212.24,15.040000000000006,72,56.0,7.086317376554846,0.7777777777777778
19721,182.16,60.64,-60.76,72,16.0,-100.19788918205805,0.2222222222222222
19722,545.4,839.88,147.24,12,12.0,17.53107586798114,1.0
19725,236.16,288.04,25.940000000000012,96,76.0,9.005693653659218,0.7916666666666666
19732,531.36,791.28,129.95999999999998,72,72.0,16.424021838034577,1.0
19735,99374.1,62319.36,-18527.370000000003,2370,2064.0,-29.72971802021074,0.8708860759493671
19736,564.48,383.68,-90.4,72,32.0,-23.561301084236867,0.4444444444444444
19737,190.56,47.96,-71.3,24,4.0,-148.66555462885736,0.16666666666666666
19739,767.04,575.52,-95.75999999999999,96,48.0,-16.638865721434527,0.5
19740,23345.4,49579.399999999994,13116.999999999996,2132,2060.0,26.45655251979652,0.9662288930581614
19746,81.24,692.34,305.55,12,66.0,44.1329404627784,5.5
19747,186.96,2416.06,1114.55,24,214.0,46.13089078913603,8.916666666666666
19748,867615.2,1403911.18,268147.99,94306,92138.0,19.10006799717914,0.977011006722796
19750,400.32,603.84,101.76000000000002,96,96.0,16.85214626391097,1.0
19754,139.2,329.7,95.25,24,30.0,28.889899909008186,1.25
19755,15202.980000000001,28412.3,6604.659999999999,2314,2770.0,23.245777356989752,1.1970613656006914
19757,324.0,327.76,1.8799999999999955,48,24.0,0.5735904320234304,0.5
19760,442.8,273.3,-84.75,60,70.0,-31.009879253567508,1.1666666666666667
19762,393.6,311.58,-41.01000000000002,96,42.0,-13.161948777200083,0.4375
19763,3431.4,4181.52,375.0600000000002,1290,1048.0,8.969465648854966,0.8124031007751938
19767,2664.2400000000002,850.74,-906.7500000000001,408,126.0,-106.58368009027437,0.3088235294117647
19768,4411.68,5145.46,366.8899999999999,606,454.0,7.130363466045793,0.7491749174917491
19769,78.9,5037.48,2479.29,6,252.0,49.21687033993187,42.0
19782,38699.76,56787.74,9043.989999999998,2354,2226.0,15.925955144543519,0.945624468988955
19783,1381.56,2799.92,709.1800000000001,6,8.0,25.32858081659476,1.3333333333333333
19785,311.64,1199.7,444.03000000000003,12,30.0,37.01175293823456,2.5
19786,805.28,6149.179999999999,2671.95,16,82.0,43.45213508142549,5.125
19787,920.1600000000001,1229.26,154.54999999999995,284,274.0,12.57260465645998,0.9647887323943662
19789,1548.0,4237.88,1344.94,120,212.0,31.73615109441513,1.7666666666666666
19790,144.72,215.76,35.519999999999996,24,24.0,16.46273637374861,1.0
19796,559.72,2699.1,1069.69,28,90.0,39.63135860101515,3.2142857142857144
19797,558.72,1155.32,298.29999999999995,48,68.0,25.819686320673057,1.4166666666666667
19798,731.64,1720.0,494.18,268,400.0,28.731395348837207,1.492537313432836
19799,21115.38,35053.54,6969.08,642,646.0,19.881244519098498,1.0062305295950156
19806,5550.72,6629.26,539.27,708,474.0,8.134693766725094,0.6694915254237288
19807,1565.24,2022.1599999999999,228.45999999999992,218,184.0,11.297820152707992,0.8440366972477065
19809,1441.18,5674.84,2116.83,46,116.0,37.30202084992704,2.5217391304347827
19814,39142.2,62422.18,11639.990000000002,4398,4382.0,18.64720200415942,0.9963619827194179
19817,185.64000000000001,285.74,50.05,26,26.0,17.51592356687898,1.0
19818,446.64,917.66,235.51,24,34.0,25.664189351175814,1.4166666666666667
19821,54180.0,100816.68,23318.339999999997,5250,5932.0,23.129446436839615,1.129904761904762
19822,871.2,11022.96,5075.879999999999,12,104.0,46.048248383374336,8.666666666666666
19824,218.16,4031.04,1906.44,8,96.0,47.29399857108836,12.0
19825,719.04,2099.72,690.3399999999999,14,28.0,32.87771702893719,2.0
19827,5366.4,10010.22,2321.91,480,578.0,23.195394307018226,1.2041666666666666
19831,108783.36,157162.68,24189.659999999996,15904,15732.0,15.391478434956692,0.989185110663984
19832,37.2,1060.82,511.80999999999995,6,118.0,48.24663939216832,19.666666666666668
19833,3917.76,3482.8199999999997,-217.47000000000025,96,118.0,-6.244078074663642,1.2291666666666667
19834,993.0,3649.5,1328.25,20,50.0,36.3953966296753,2.5
19835,99.36000000000001,164.5,32.56999999999999,46,50.0,19.799392097264434,1.0869565217391304
19836,271.08,835.62,282.27,18,38.0,33.77970847993107,2.111111111111111
19841,688.98,1067.94,189.48000000000002,6,6.0,17.742569807292547,1.0
19842,411.74,989.78,289.02,14,22.0,29.200428378023396,1.5714285714285714
19845,9585.76,10052.4,233.3199999999997,724,760.0,2.3210377621264544,1.0497237569060773
19847,21112.199999999997,15910.38,-2600.909999999999,1902,1162.0,-16.347252548336364,0.6109358569926393
19848,406881.54,670758.42,131938.44000000003,76338,70990.0,19.670038581103466,0.9299431475804972
19849,2683.2000000000003,3384.1800000000003,350.49,780,562.0,10.356718614258106,0.7205128205128205
19850,6897.48,9282.68,1192.6000000000004,916,860.0,12.847582810136732,0.9388646288209607
19855,38511.659999999996,44109.76,2799.050000000003,1978,1424.0,6.345647765936616,0.7199191102123357
19860,351.59999999999997,270.44,-40.579999999999984,120,56.0,-15.005176749001622,0.4666666666666667
19861,162.72,19.96,-71.38,48,4.0,-357.6152304609218,0.08333333333333333
19862,164.16,79.84,-42.16,48,16.0,-52.80561122244488,0.3333333333333333
19863,154.56,19.96,-67.3,48,4.0,-337.17434869739475,0.08333333333333333
19865,1092.84,9836.82,4371.99,84,518.0,44.445156056530465,6.166666666666667
19866,1836.8,6660.08,2411.64,160,392.0,36.21037585134113,2.45
19867,148.8,260.42,55.81,48,58.0,21.430765686199216,1.2083333333333333
19870,122570.90000000001,197625.12,37527.10999999999,20810,20360.0,18.989038438028523,0.9783757808745795
19871,378.71999999999997,399.5,10.390000000000015,72,50.0,2.6007509386733454,0.6944444444444444
19881,851.0400000000001,5879.46,2514.21,144,654.0,42.762600646998195,4.541666666666667
19887,1741.5,30093.98,14176.24,54,602.0,47.10656416997685,11.148148148148149
19895,19749.9,34745.14,7497.619999999999,3062,3286.0,21.578902833604925,1.0731548007838014
19896,67934.44,102243.48,17154.519999999997,10262,14852.0,16.778106535497418,1.4472812317287078
19906,115.68,181.73999999999998,33.02999999999999,24,26.0,18.17431495543083,1.0833333333333333
19908,16535.079999999998,26289.48,4877.200000000001,1726,1852.0,18.55190745499721,1.0730011587485515
19909,383.52,119.9,-131.81,48,10.0,-109.93327773144286,0.20833333333333334
19914,773.5600000000001,1286.16,256.3,166,184.0,19.92753623188406,1.108433734939759
19925,197.04,287.76,45.36,24,24.0,15.763135946622187,1.0
19926,52422.84,81653.94,14615.550000000003,8028,7806.0,17.899381217856728,0.9723467862481315
19934,86617.6,129916.94,21649.67,12928,12906.0,16.66423947485216,0.9982982673267327
19935,7311.4,11585.5,2137.05,1390,1450.0,18.445902205342886,1.0431654676258992
19936,1762.02,2226.04,232.01,234,196.0,10.42254406928896,0.8376068376068376
19940,96920.64,165882.32,34480.840000000004,14752,14768.0,20.786326113596676,1.0010845986984815
19942,886.14,1231.44,172.65000000000003,162,156.0,14.020171506528945,0.9629629629629629
19943,115.92,191.76,37.919999999999995,24,24.0,19.774718397997496,1.0
19944,2230.4,3076.92,423.26,328,308.0,13.755963755963755,0.9390243902439024
19945,50.96,37.98,-6.490000000000002,4,2.0,-17.087941021590318,0.5
19946,1731.94,2616.2400000000002,442.1500000000001,178,176.0,16.900207931994007,0.9887640449438202
19947,80590.24,126400.3,22905.03,9242,8970.0,18.121025029212745,0.9705691408785977
19948,210777.12,331547.36,60385.119999999995,20952,20080.0,18.2131204422801,0.9583810614738449
19949,3697.2,5098.54,700.6700000000001,180,146.0,13.742561596064757,0.8111111111111111
19951,857.0,3563.4599999999996,1353.2299999999998,20,54.0,37.975170199749684,2.7
19954,3082.1,5399.88,1158.89,10,12.0,21.461402845989173,1.2
19955,128.36,5889.38,2880.51,2,62.0,48.91024182511572,31.0
19960,1232.8,1259.1,13.149999999999977,134,90.0,1.0443967913589054,0.6716417910447762
19961,16452.899999999998,27716.039999999997,5631.57,362,396.0,20.318811778305992,1.0939226519337018
19962,72845.68,112115.28,19634.800000000003,7388,7072.0,17.51304550102359,0.9572279371954521
19963,21068.0,17636.64,-1715.6800000000003,2290,1536.0,-9.727930036560254,0.6707423580786026
19966,503.34,4499.64,1998.15,6,36.0,44.406885884204065,6.0
19967,510.78,10835.14,5162.179999999999,6,86.0,47.642946930081195,14.333333333333334
19968,514.26,6047.5199999999995,2766.6299999999997,6,48.0,45.748174458290336,8.0
19969,818.1,11087.119999999999,5134.509999999999,10,88.0,46.3105838125681,8.8
19970,2631.5,14399.64,5884.07,10,36.0,40.862618787691915,3.6
19971,1677.8,3249.74,785.9699999999999,20,26.0,24.185627157864936,1.3
19972,14617.02,27059.18,6221.08,66,82.0,22.99064494932958,1.2424242424242424
19977,6094.32,8875.12,1390.4000000000005,804,788.0,15.666267047656826,0.9800995024875622
19980,190.56,0.0,-95.28,24,0.0,-inf,0.0
19988,272.08,2699.46,1213.69,8,54.0,44.960473576196726,6.75
19989,57239.32,74889.3,8824.990000000002,10882,10670.0,11.78404658609441,0.980518287079581
19990,3789.0,10383.34,3297.17,900,866.0,31.754425839855,0.9622222222222222
19995,3104.64,6116.599999999999,1505.9799999999998,252,340.0,24.62119478141451,1.3492063492063493
19996,75081.94,72305.06,-1388.4400000000023,11498,11894.0,-1.9202528840996775,1.0344407723082276
20000,344.64,2775.64,1215.5,48,236.0,43.79170209393149,4.916666666666667
20001,47.94,5458.4400000000005,2705.2500000000005,2,156.0,49.560863543429996,78.0
20002,5935.44,9644.18,1854.3700000000003,168,182.0,19.22786592535602,1.0833333333333333
20008,283.8,1583.28,649.74,20,72.0,41.03759284523269,3.6
20016,282.24,107.88,-87.18,48,12.0,-80.81201334816464,0.25
20018,370.79999999999995,239.7,-65.54999999999998,72,30.0,-27.346683354192734,0.4166666666666667
20019,130.56,19.98,-55.29,24,2.0,-276.7267267267267,0.08333333333333333
20023,4966.38,11978.439999999999,3506.0299999999993,102,156.0,29.269504209229247,1.5294117647058822
20024,7856.04,18264.940000000002,5204.450000000001,68,106.0,28.49420802915312,1.5588235294117647
20030,13068.42,25068.8,6000.19,2518,2420.0,23.934891179474086,0.9610802223987291
20038,666.4,1189.66,261.63000000000005,28,34.0,21.99199771363247,1.2142857142857142
20050,26.2,135.66,54.73,10,34.0,40.34350582338198,3.4
20055,910.32,3959.82,1524.75,6,18.0,38.50553813052108,3.0
20056,1112.56,2939.86,913.6500000000001,8,14.0,31.078010517507636,1.75
20057,2657.6,5759.68,1551.0400000000002,22,32.0,26.92927384854714,1.4545454545454546
20058,2622.48,4619.860000000001,998.6900000000003,12,14.0,21.617321737022337,1.1666666666666667
20060,959.94,1439.94,240.0,6,6.0,16.6673611400475,1.0
20061,5178.04,7559.860000000001,1190.9100000000003,14,14.0,15.753069501287065,1.0
20062,4378.32,6479.88,1050.7800000000002,12,12.0,16.216041037796998,1.0
20063,20397.300000000003,35199.84,7401.269999999997,14,16.0,21.026430801958185,1.1428571428571428
20064,10093.76,16919.64,3412.9399999999996,32,36.0,20.17146936932464,1.125
20066,64.92,199.98,67.53,2,2.0,33.768376837683775,1.0
20067,2122.38,3119.94,498.78,6,6.0,15.986845900882706,1.0
20075,147.64,1979.64,916.0,4,36.0,46.271039178840596,9.0
20082,402.24,155.88,-123.18,48,12.0,-79.02232486528099,0.25
20088,752.4000000000001,1151.28,199.43999999999994,72,72.0,17.323327079424637,1.0
20091,2997.44,5479.38,1240.97,544,462.0,22.648000321204222,0.8492647058823529
20092,361.44,595.5,117.03,48,50.0,19.652392947103277,1.0416666666666667
20093,703.68,1151.52,223.92000000000002,48,48.0,19.44560233430596,1.0
20095,205.2,359.76,77.28,24,24.0,21.480987324883255,1.0
20096,4786.32,7986.16,1599.92,814,784.0,20.033658228735714,0.9631449631449631
20097,313.44,279.72,-16.859999999999985,48,28.0,-6.027456027456021,0.5833333333333334
20098,3516.2400000000002,6235.9400000000005,1359.8500000000001,598,606.0,21.806656253908795,1.0133779264214047
20102,19403.2,27301.14,3948.9699999999993,2896,2886.0,14.464487563522987,0.9965469613259669
20105,237.48,353.88,58.2,12,12.0,16.446252967107494,1.0
20108,3725.76,17338.98,6806.61,32,102.0,39.25611541163321,3.1875
20114,1111.2,1283.08,85.93999999999994,120,92.0,6.697945568475851,0.7666666666666667
20118,938.4000000000001,1956.68,509.14,92,132.0,26.020606333176605,1.434782608695652
20119,1162.72,1319.22,78.25,104,78.0,5.931535301162808,0.75
20124,438.72,55.96,-191.38000000000002,48,4.0,-341.99428162973555,0.08333333333333333
20130,631.52,3119.48,1243.98,16,52.0,39.87780014617821,3.25
20132,2881.84,16894.68,7006.42,34,132.0,41.47116133599453,3.8823529411764706
20133,289.44,431.52,71.03999999999999,48,48.0,16.46273637374861,1.0
20134,145.68,17.98,-63.85,24,2.0,-355.1167964404894,0.08333333333333333
20144,1272.96,1558.8,142.91999999999996,144,120.0,9.168591224018472,0.8333333333333334
20146,1406.3999999999999,509.7,-448.3499999999999,120,30.0,-87.96350794585048,0.25
20149,1438.5600000000002,79.92,-679.32,216,8.0,-850.0,0.037037037037037035
20152,29263.2,45081.64,7909.219999999999,3288,3236.0,17.544215339104788,0.9841849148418491
20160,22409.14,33306.68,5448.77,2182,2132.0,16.35939096901883,0.9770852428964253
20161,2092.8,3139.2,523.1999999999998,480,480.0,16.666666666666664,1.0
20162,9049.74,19285.28,5117.7699999999995,1218,1072.0,26.537182763226667,0.8801313628899836
20165,73.5,113.94,20.22,6,6.0,17.746182201158504,1.0
20167,36015.56,47728.72,5856.580000000002,4102,3528.0,12.270557433763155,0.8600682593856656
20170,3290.8,2335.68,-477.5600000000002,380,232.0,-20.446294012878486,0.6105263157894737
20174,854.1,2472.6,809.25,78,140.0,32.72870662460568,1.794871794871795
20176,430.08,623.76,96.84,24,24.0,15.525202000769529,1.0
20177,3812.7999999999997,7312.1,1749.6500000000003,160,190.0,23.928146496902396,1.1875
20178,97.97999999999999,1749.3,825.66,6,70.0,47.19945120905505,11.666666666666666
20180,19512.3,28791.68,4639.6900000000005,2022,2032.0,16.114690077133396,1.0049455984174085
20181,3345.88,4515.54,584.8299999999999,718,646.0,12.951496388028893,0.8997214484679665
20182,15899.400000000001,17428.88,764.7399999999998,2420,1712.0,4.387774773823675,0.7074380165289256
20184,105.84,1331.7,612.9300000000001,28,230.0,46.02613201171435,8.214285714285714
20189,64.04,685.7199999999999,310.84,4,28.0,45.33045557953684,7.0
20192,661.8000000000001,1379.12,358.6599999999999,60,88.0,26.00643888856662,1.4666666666666666
20200,2553.6000000000004,3023.52,234.9599999999998,60,48.0,7.771074773773609,0.8
20204,39976.92,56417.26,8220.170000000002,5274,4674.0,14.570310575167959,0.8862343572241184
20205,2344.16,1580.82,-381.66999999999996,322,118.0,-24.1437987879708,0.36645962732919257
20213,709.92,1019.32,154.70000000000005,72,68.0,15.176784523015346,0.9444444444444444
20216,578.16,21718.260000000002,10570.050000000001,88,2174.0,48.668954142735195,24.704545454545453
20217,595.2,683.24,44.01999999999998,96,76.0,6.442831215970959,0.7916666666666666
20218,1850.24,2639.9,394.83000000000004,236,210.0,14.956248342740256,0.8898305084745762
20222,19.98,29.98,5.0,2,2.0,16.67778519012675,1.0
20224,701.1,1799.6999999999998,549.3,18,30.0,30.52175362560427,1.6666666666666667
20234,603.84,887.76,141.95999999999998,24,24.0,15.990808326574749,1.0
20250,68.96,499.90000000000003,215.47000000000003,2,10.0,43.10262052410482,5.0
20251,32209.22,35367.4,1579.0900000000001,2074,1660.0,4.464817883135317,0.8003857280617165
20252,1480.0,13551.720000000001,6035.860000000001,50,228.0,44.53943853621533,4.56
20253,22257.76,25584.48,1663.3600000000006,1336,952.0,6.501441498908715,0.7125748502994012
20255,38503.5,62911.52,12204.009999999998,3990,4448.0,19.398688825194494,1.1147869674185464
20257,62.7,279.82,108.56,6,18.0,38.79636909441784,3.0
20265,1176.24,1799.76,311.76,24,24.0,17.322309641285504,1.0
20274,68.96,199.96,65.5,2,4.0,32.75655131026205,2.0
20316,1241.2,2879.68,819.2399999999999,20,32.0,28.44899433270363,1.6
20317,1092.24,299.85999999999996,-396.19000000000005,72,14.0,-132.124991662776,0.19444444444444445
20319,1028.16,287.85999999999996,-370.1500000000001,72,14.0,-128.58681303411385,0.19444444444444445
20324,8325.58,13732.68,2703.55,1042,1032.0,19.686980254400453,0.9904030710172744
20333,43.08,131.88,44.4,6,12.0,33.66696997270246,2.0
20334,359.04,263.76,-47.640000000000015,48,24.0,-18.061874431301188,0.5
20339,14481.0,24296.879999999997,4907.939999999999,300,312.0,20.199877515137743,1.04
20343,7549.04,10764.58,1607.77,788,742.0,14.935742964425922,0.9416243654822335
20345,985.1999999999999,851.3199999999999,-66.94,120,68.0,-7.863083211953202,0.5666666666666667
20353,815.04,129.9,-342.57,96,10.0,-263.71824480369514,0.10416666666666667
20357,314109.18,487513.68,86702.25,60522,55852.0,17.78457786046127,0.9228379762730908
20363,375.84000000000003,271.65999999999997,-52.09000000000003,72,34.0,-19.174703673709796,0.4722222222222222
20364,252.48,175.78,-38.349999999999994,48,22.0,-21.817044032313117,0.4583333333333333
20375,4137.599999999999,8399.58,2130.9900000000002,30,42.0,25.370197081282637,1.4
20376,47.96,791.56,371.79999999999995,4,44.0,46.97053918843802,11.0
20377,449.6,5674.68,2612.54,16,132.0,46.03854314252081,8.25
20382,874.8000000000001,1614.92,370.06,108,108.0,22.91506700022292,1.0
20383,4515.0,8681.84,2083.42,500,616.0,23.99744754568156,1.232
20384,373.92,575.76,100.91999999999999,24,24.0,17.528136723634844,1.0
20387,349.44,527.52,89.03999999999999,48,48.0,16.878980891719745,1.0
20388,324.0,259.74,-32.129999999999995,48,26.0,-12.370062370062367,0.5416666666666666
20395,15017.859999999999,23076.9,4029.5200000000013,2314,2310.0,17.461270794604133,0.9982713915298185
20398,48408.84,73513.12,12552.14,8028,7888.0,17.07469360571283,0.9825610363726955
20400,26204.879999999997,39684.06,6739.59,2886,2794.0,16.98311614285434,0.9681219681219682
20401,440.64,743.28,151.32,72,72.0,20.35841136583791,1.0
20402,11693.2,13508.1,907.4499999999998,1886,1390.0,6.717821159156356,0.7370095440084835
20403,358.08,658.5,150.21,48,50.0,22.81093394077449,1.0416666666666667
20404,15535.800000000001,22973.32,3718.7599999999993,1918,2068.0,16.187299005977366,1.078206465067779
20405,24002.4,34341.98,5169.790000000001,2190,2202.0,15.053849545075737,1.0054794520547945
20406,20671.9,29717.48,4522.789999999999,1510,1452.0,15.219291810745727,0.9615894039735099
20407,447.84,5408.26,2480.21,48,374.0,45.85966651011601,7.791666666666667
20409,8006.32,17833.26,4913.469999999999,812,1274.0,27.55228152340066,1.5689655172413792
20410,14491.84,19890.5,2699.33,716,542.0,13.570950956486765,0.7569832402234636
20413,383.76,383.84,0.03999999999999204,24,16.0,0.01042100875364528,0.6666666666666666
20416,1654.08,2199.12,272.52,96,88.0,12.392229619120375,0.9166666666666666
20419,72766.32,118772.06,23002.869999999995,5676,6094.0,19.367240073128304,1.073643410852713
20420,17.32,545.58,264.13,2,42.0,48.412698412698404,21.0
20422,939.12,25470.899999999998,12265.89,52,910.0,48.156484458735264,17.5
20424,363.84000000000003,8131.139999999999,3883.6499999999996,6,86.0,47.76267534441665,14.333333333333334
20425,456.96,2949.54,1246.29,56,246.0,42.25370735775748,4.392857142857143
20426,1202.9199999999998,4560.96,1679.02,122,304.0,36.81286395846489,2.4918032786885247
20427,4172.400000000001,12402.699999999999,4115.15,366,730.0,33.17946898659163,1.994535519125683
20428,426.24,2915.46,1244.6100000000001,12,54.0,42.69000432178799,4.5
20429,4337.28,4494.7,78.71000000000004,576,730.0,1.7511736044674846,1.2673611111111112
20431,25584.0,14254.16,-5664.92,4800,1784.0,-39.742222621325986,0.37166666666666665
20439,336.96,2485.96,1074.5,72,364.0,43.22273890167179,5.055555555555555
20442,27.02,719.64,346.31,2,36.0,48.12267244733478,18.0
20443,146.52,219.78,36.629999999999995,22,22.0,16.666666666666664,1.0
20445,770.54,919.08,74.27000000000004,118,92.0,8.080906993950476,0.7796610169491526
20446,73740.2,106393.5,16326.650000000001,11006,10650.0,15.345533326753985,0.9676540069053243
20447,45527.159999999996,66952.98,10712.91,6972,6702.0,16.00064702123789,0.9612736660929432
20448,186.24,175.46,-5.390000000000001,96,54.0,-3.071925225122535,0.5625
20449,148.32,170.48000000000002,11.080000000000013,72,52.0,6.4992961051149765,0.7222222222222222
20450,573.12,865.4200000000001,146.15000000000003,288,258.0,16.887753922950708,0.8958333333333334
20454,948.3599999999999,839.92,-54.21999999999997,14,8.0,-6.455376702543096,0.5714285714285714
20456,271.68,50.94,-110.37,48,6.0,-216.66666666666669,0.125
20457,416.15999999999997,288.66,-63.74999999999997,72,34.0,-22.084805653710234,0.4722222222222222
20459,32255.440000000002,45518.88,6631.7199999999975,6692,6512.0,14.569163388905872,0.9731022115959355
20465,1447.2,3739.32,1146.06,40,68.0,30.648888033118315,1.7
20466,244.86,839.86,297.5,6,14.0,35.42257042840473,2.3333333333333335
20467,671.0,1599.68,464.34000000000003,20,32.0,29.02705541108222,1.6
20471,367.20000000000005,430.46,31.629999999999967,72,54.0,7.347953352227841,0.75
20472,695.52,1150.56,227.51999999999998,144,144.0,19.774718397997496,1.0
20473,393.84000000000003,575.28,90.71999999999997,72,72.0,15.769712140175216,1.0
20475,18427.5,26713.260000000002,4142.880000000001,2730,2674.0,15.508702419697187,0.9794871794871794
20477,861.96,1958.04,548.04,132,196.0,27.989213703499416,1.4848484848484849
20483,50474.579999999994,73237.29999999999,11381.359999999997,4238,4070.0,15.540387207065251,0.9603586597451628
20491,1048.32,1055.12,3.3999999999999773,144,88.0,0.3222382288270507,0.6111111111111112
20492,1771.2,2853.62,541.2099999999999,240,238.0,18.965734750947917,0.9916666666666667
20498,587.1,910.1,161.5,190,190.0,17.745302713987474,1.0
20503,105.36,25.98,-39.69,12,2.0,-152.77136258660505,0.16666666666666666
20504,2174.88,2341.44,83.27999999999997,552,576.0,3.5567855678556777,1.0434782608695652
20506,119.16,2029.3,955.0699999999999,6,70.0,47.064012220962894,11.666666666666666
20507,866.88,5118.4,2125.7599999999998,42,160.0,41.53172866520787,3.8095238095238093
20508,465.12,2392.74,963.81,36,126.0,40.2805988114045,3.5
20509,20090.72,31069.06,5489.17,2704,2494.0,17.66764105512043,0.9223372781065089
20512,10663.6,14582.26,1959.33,424,374.0,13.436394632930698,0.8820754716981132
20513,3688.7200000000003,13277.42,4794.35,196,458.0,36.10904829402098,2.336734693877551
20514,454.79999999999995,1855.36,700.28,24,64.0,37.743618489134185,2.6666666666666665
20515,407.68,4101.84,1847.0800000000002,32,216.0,45.03052288728961,6.75
20516,2972.6400000000003,12798.72,4913.039999999999,44,128.0,38.386963696369634,2.909090909090909
20517,1642.3200000000002,11588.78,4973.2300000000005,72,322.0,42.91418078520776,4.472222222222222
20519,402.56,2506.68,1052.06,32,132.0,41.97025547736448,4.125
20520,242.62,2235.14,996.26,14,86.0,44.57259947922726,6.142857142857143
20521,1050.94,3759.2,1354.1299999999999,34,80.0,36.0217599489253,2.3529411764705883
20523,39275.4,47542.8,4133.700000000001,5862,4520.0,8.694691940735506,0.7710678949164108
20527,165.36,239.76,37.19999999999999,24,24.0,15.51551551551551,1.0
20528,412.8,165.88,-123.46000000000001,48,12.0,-74.42729684108996,0.25
20532,93077.28,125120.66,16021.690000000002,10674,9734.0,12.804991597710563,0.9119355443132846
20533,301797.89999999997,442333.5,70267.80000000002,35298,34050.0,15.885706147058729,0.964643889172191
20534,4363.92,3451.68,-456.1200000000001,792,432.0,-13.214434710054238,0.5454545454545454
20537,556.8,863.04,153.12,96,96.0,17.741935483870968,1.0
20549,104.72,901.1800000000001,398.23,14,82.0,44.18983998757185,5.857142857142857
20550,3655.68,3824.52,84.42000000000007,512,348.0,2.2073358225345943,0.6796875
20551,3654.96,237.85999999999999,-1708.55,314,14.0,-718.3006810729,0.044585987261146494
20552,19677.32,32908.54,6615.610000000001,2054,2146.0,20.10301885164155,1.044790652385589
20553,3247.0199999999995,1655.94,-795.5399999999997,18,6.0,-48.04159570998948,0.3333333333333333
20554,3901.12,5400.96,749.9200000000001,334,304.0,13.884938973812064,0.9101796407185628
20555,1674.84,2464.16,394.65999999999997,204,184.0,16.016005454191287,0.9019607843137255
20557,40360.32,60509.08,10074.380000000001,5148,5092.0,16.649368987266044,0.9891219891219891
20567,654.36,1007.16,176.39999999999998,84,84.0,17.51459549624687,1.0
20568,979.1999999999999,501.73999999999995,-238.73,72,26.0,-47.58042013792004,0.3611111111111111
20576,223.32,971.64,374.15999999999997,12,36.0,38.50808941583303,3.0
20592,158.88,575.64,208.38,16,36.0,36.19970815092766,2.25
20594,857.76,1295.52,218.88,48,48.0,16.895146350500184,1.0
20595,282.24,431.76,74.75999999999999,24,24.0,17.315175097276263,1.0
20596,595.68,239.88,-177.89999999999998,48,12.0,-74.16208104052025,0.25
20598,9030.4,11992.5,1481.0500000000002,830,750.0,12.349801959558059,0.9036144578313253
20600,317.52,1355.82,519.15,42,118.0,38.29048103730584,2.8095238095238093
20601,310.08,0.0,-155.04,24,0.0,-inf,0.0
20602,1421.58,3839.36,1208.89,38,64.0,31.48675820970162,1.6842105263157894
20605,115.8,335.76,109.97999999999999,12,24.0,32.75553967119371,2.0
20608,115.92,179.76,31.919999999999995,24,24.0,17.75700934579439,1.0
20610,587.52,467.74,-59.889999999999986,48,26.0,-12.804121948090815,0.5416666666666666
20614,571.2,838.8,133.79999999999995,120,120.0,15.951359084406292,1.0
20625,958.72,1343.4399999999998,192.3599999999999,56,56.0,14.318466027511455,1.0
20626,410.4,972.3,280.95,152,170.0,28.895402653502007,1.118421052631579
20627,283.68,101.88,-90.9,48,12.0,-89.22261484098941,0.25
20628,557.28,27.98,-264.65,72,2.0,-945.8541815582558,0.027777777777777776
20629,940.8,995.18,27.189999999999998,120,82.0,2.73216905484435,0.6833333333333333
20632,1399.68,2069.2799999999997,334.79999999999984,432,432.0,16.179540709812105,1.0
20637,347.04,783.4399999999999,218.19999999999996,48,56.0,27.851526600633104,1.1666666666666667
20639,428.12,1565.04,568.46,44,96.0,36.32239431580024,2.1818181818181817
20646,463.2,111.92,-175.64,48,8.0,-156.93352394567546,0.16666666666666666
20648,456.96,27.98,-214.48999999999998,48,2.0,-766.5832737669764,0.041666666666666664
20650,11093.94,16531.02,2718.54,198,198.0,16.445083243502214,1.0
20653,168.96,293.71999999999997,62.37999999999998,24,28.0,21.237913659267324,1.1666666666666667
20654,1359.28,799.8000000000001,-279.73999999999995,52,20.0,-34.976244061015244,0.38461538461538464
20659,700.92,799.5999999999999,49.339999999999975,54,40.0,6.170585292646321,0.7407407407407407
20660,19099.44,25940.0,3420.2800000000007,2588,2200.0,13.185350809560529,0.8500772797527048
20661,575.04,2519.58,972.27,16,42.0,38.58857428619056,2.625
20662,12663.82,15384.6,1360.3900000000003,1838,1540.0,8.842543842543844,0.8378672470076169
20664,1294.04,1979.78,342.87,22,22.0,17.318590954550505,1.0
20666,496.48,1619.82,561.67,8,18.0,34.674840414367026,2.25
20668,372.84,1195.74,411.45000000000005,12,26.0,34.40965427266797,2.1666666666666665
20669,311.64,2079.74,884.05,6,26.0,42.507717310817696,4.333333333333333
20670,367.32,1439.84,536.26,6,16.0,37.24441604622736,2.6666666666666665
20674,22812.52,31987.199999999997,4587.339999999998,1324,1280.0,14.341173969587832,0.9667673716012085
20682,119.16,3246.88,1563.8600000000001,6,112.0,48.16500763810181,18.666666666666668
20684,348.36,1079.88,365.76000000000005,6,12.0,33.87043004778309,2.0
20685,81.36,1297.78,608.21,2,22.0,46.865416326341915,11.0
20689,185.76,607.62,210.93,18,38.0,34.71413054211514,2.111111111111111
20693,4024.96,38580.7,17277.87,304,1930.0,44.78371310007335,6.348684210526316
20699,35602.96,54791.26,9594.150000000001,4484,4474.0,17.510365704311237,0.9977698483496877
20700,23712.78,23333.52,-189.6299999999992,2626,1848.0,-0.8126934984520089,0.7037319116527038
20702,444.06,1519.6000000000001,537.7700000000001,18,40.0,35.38891813635168,2.2222222222222223
20703,1932.48,1439.28,-246.60000000000002,144,72.0,-17.1335667833917,0.5
20706,92379.56,90887.46,-746.0499999999956,8666,8854.0,-0.8208503131234998,1.0216939764597277
20715,1815.6,2575.44,379.9200000000001,60,56.0,14.751654086292055,0.9333333333333333
20722,122.39999999999999,659.78,268.69,6,22.0,40.72418078753524,3.6666666666666665
20723,1556.3600000000001,1023.36,-266.50000000000006,146,64.0,-26.041666666666675,0.4383561643835616
20724,15296.3,14881.84,-207.22999999999956,1510,1016.0,-1.3925025400084907,0.6728476821192053
20725,44133.36,52057.3,3961.970000000001,4476,3470.0,7.61078657556193,0.7752457551385166
20728,5096.400000000001,6733.88,818.7399999999998,822,612.0,12.15851782330543,0.7445255474452555
20729,62559.56,97480.16,17460.300000000003,10444,9584.0,17.911644790078313,0.9176560704710839
20730,3916.7999999999997,4901.54,492.3700000000001,640,446.0,10.045210280850512,0.696875
20731,60892.3,97790.56,18449.129999999997,10234,9544.0,18.865962113316456,0.9325776822356849
20739,887.76,1663.26,387.75,72,74.0,23.312651058764114,1.0277777777777777
20743,3038.4,4450.2,705.8999999999999,180,180.0,15.862208440070107,1.0
20744,239.39999999999998,1341.28,550.94,28,72.0,41.07568889419063,2.5714285714285716
20745,13164.52,21031.66,3933.5699999999997,1658,1634.0,18.70308858169065,0.985524728588661
20748,1930.8799999999999,32993.4,15531.26,56,660.0,47.07383901022629,11.785714285714286
20758,222.24,107.92,-57.160000000000004,24,8.0,-52.96515937731653,0.3333333333333333
20759,130.56,67.92,-31.32,24,8.0,-46.113074204947,0.3333333333333333
20761,3797.04,2071.44,-862.8,156,56.0,-41.65218398795041,0.358974358974359
20762,22009.5,33482.159999999996,5736.329999999998,2010,1784.0,17.13249682816162,0.8875621890547264
20763,13579.2,13230.68,-174.26000000000022,1476,932.0,-1.3170902780507139,0.6314363143631436
20765,934.56,719.76,-107.39999999999998,48,24.0,-14.921640546848947,0.5
20767,683.8000000000001,2758.62,1037.4099999999999,52,138.0,37.60612190153047,2.6538461538461537
20770,1175.06,6532.96,2678.95,82,304.0,41.0066799735495,3.707317073170732
20771,1891.0800000000002,6550.4400000000005,2329.6800000000003,68,156.0,35.56524447212707,2.2941176470588234
20772,727.72,7564.06,3418.17,28,194.0,45.18962038905032,6.928571428571429
20776,93.32,399.90000000000003,153.29000000000002,4,10.0,38.33208302075519,2.5
20781,9613.24,16095.72,3241.24,988,1028.0,20.13727872999779,1.040485829959514
20784,142.8,651.24,254.22,24,76.0,39.03629998157361,3.1666666666666665
20787,125.28,191.76,33.239999999999995,24,24.0,17.334167709637043,1.0
20788,10456.199999999999,16072.539999999999,2808.17,942,946.0,17.471849502318864,1.0042462845010616
20789,1868.16,3022.3199999999997,577.0799999999998,192,168.0,19.093941078376872,0.875
20791,23803.2,38351.04,7273.92,4408,4296.0,18.966682520213272,0.9745916515426497
20792,574.4,705.32,65.46000000000004,80,68.0,9.280893778710377,0.85
20793,1010.48,917.1600000000001,-46.65999999999997,136,84.0,-5.087443848401583,0.6176470588235294
20795,163.2,239.76,38.28,24,24.0,15.965965965965967,1.0
20800,20440.0,31231.46,5395.73,3500,3454.0,17.27658585285478,0.9868571428571429
20801,9777.039999999999,11032.16,627.5600000000004,476,384.0,5.688459920813335,0.8067226890756303
20814,464.16,389.74,-37.21000000000001,48,26.0,-9.547390568071023,0.5416666666666666
20855,35105.2,51076.68,7985.740000000002,4082,3932.0,15.634806334319304,0.9632533072023518
20861,185.76,0.0,-92.88,24,0.0,-inf,0.0
20862,148393.8,224128.42,37867.31000000001,17356,16014.0,16.89536293523151,0.9226780364139202
20863,300542.32,353223.98,26340.829999999987,33998,29658.0,7.4572598383609146,0.8723454320842402
20864,54104.4,75489.82,10692.710000000003,6328,6018.0,14.164439655572107,0.9510113780025284
20880,751.92,1973.58,610.8299999999999,24,42.0,30.950354178700636,1.75
20883,1959.04,6839.24,2440.1,32,76.0,35.67794082383423,2.375
20884,461.52,455.52,-3.0,72,48.0,-0.6585879873551107,0.6666666666666666
20885,804.0,1798.5,497.25,120,150.0,27.64804003336113,1.25
20887,158.88,263.78,52.44999999999999,24,22.0,19.88399423762226,0.9166666666666666
20889,628.8,2811.26,1091.23,24,74.0,38.816402609506056,3.0833333333333335
20891,1037.52,1566.76,264.62,524,524.0,16.88963210702341,1.0
20903,1468.56,6152.759999999999,2342.0999999999995,116,324.0,38.06584362139917,2.793103448275862
20905,10840.900000000001,15696.54,2427.8199999999997,1822,1746.0,15.467230357773113,0.9582875960482986
20912,17388.0,30059.98,6335.99,1104,1202.0,21.07782506841322,1.088768115942029
20913,5788.64,1899.6200000000001,-1944.5100000000002,176,38.0,-102.36310419978733,0.2159090909090909
20918,1572.0,1619.04,23.519999999999982,120,96.0,1.4527127186480866,0.8
20921,20720.32,34574.84,6927.259999999998,1774,1716.0,20.03555186372518,0.9673055242390078
20931,551.04,67.96,-241.54,48,4.0,-355.41494997057094,0.08333333333333333
20932,10416.86,16996.38,3289.76,1402,1362.0,19.355651026865722,0.9714693295292439
20935,914.48,1665.32,375.41999999999996,56,68.0,22.54341507938414,1.2142857142857142
20941,94.5,441.66,173.58,14,34.0,39.30172530906127,2.4285714285714284
20944,11321.380000000001,14335.14,1506.8799999999992,838,686.0,10.511791304444875,0.8186157517899761
20947,3325.92,5624.82,1149.4499999999998,312,318.0,20.435320596925767,1.0192307692307692
20948,23178.56,29515.3,3168.369999999999,452,370.0,10.73466981531612,0.8185840707964602
20950,1811.52,1701.08,-55.22000000000003,144,92.0,-3.2461730194935,0.6388888888888888
20952,1183.68,1399.44,107.88,72,56.0,7.708797804836219,0.7777777777777778
20953,186.72,377.58,95.42999999999999,48,42.0,25.274114095026217,0.875
20954,710.6,3677.7,1483.55,68,230.0,40.339070614786415,3.3823529411764706
20955,1044.6999999999998,1546.9,251.10000000000014,310,310.0,16.232464929859727,1.0
20959,6306.5599999999995,9898.02,1795.7300000000005,208,198.0,18.142315331753224,0.9519230769230769
20960,225.68,699.72,237.02,14,28.0,33.873549419767905,2.0
20963,3134.5600000000004,3873.72,369.5799999999997,286,228.0,9.540699895707478,0.7972027972027972
20967,529.44,351.78000000000003,-88.83000000000001,48,22.0,-25.251577690602083,0.4583333333333333
20968,26865.6,45655.6,9395.0,4632,4440.0,20.57797948115894,0.9585492227979274
20969,715.04,831.36,58.160000000000025,82,64.0,6.995765973826022,0.7804878048780488
20973,143.92,215.92,36.0,8,8.0,16.67284179325676,1.0
20975,21048.72,16457.0,-2295.8600000000006,2814,2800.0,-13.950659293917486,0.9950248756218906
20980,1238.4,1319.34,40.469999999999914,96,66.0,3.0674428123152424,0.6875
20985,1713.8000000000002,2182.18,234.18999999999983,220,182.0,10.731928621836872,0.8272727272727273
20986,229.92,335.76,52.92,24,24.0,15.761258041458184,1.0
20987,247.51999999999998,181.86,-32.829999999999984,28,14.0,-18.052347959969197,0.5
20988,210.72,129.9,-40.41,24,10.0,-31.108545034642027,0.4166666666666667
20990,456.96,559.6,51.32000000000002,48,40.0,9.170836311651183,0.8333333333333334
20991,1272.32,1376.94,52.31000000000006,142,106.0,3.7990035876654074,0.7464788732394366
20992,30726.2,44304.58,6789.1900000000005,4586,4142.0,15.32390105041059,0.9031836022677715
20995,205.44,203.98,-0.730000000000004,96,62.0,-0.3578782233552329,0.6458333333333334
20997,50.88,78.96,14.039999999999996,24,24.0,17.781155015197562,1.0
21000,4916.36,11953.18,3518.4100000000003,178,282.0,29.434928613138933,1.5842696629213484
21001,13815.36,23015.06,4599.85,1872,1894.0,19.986261169860082,1.0117521367521367
21002,3359.16,5095.92,868.3800000000001,434,408.0,17.04069137663072,0.9400921658986175
21003,61492.8,53209.6,-4141.600000000002,6684,6640.0,-7.783557854221799,0.9934171154997008
21004,85084.86,130252.98,22584.059999999998,16394,16302.0,17.33861290543986,0.9943881908015128
21006,1365.76,8333.14,3483.6899999999996,22,86.0,41.80524988179726,3.909090909090909
21007,198.6,1649.78,725.59,4,22.0,43.98101565057159,5.5
21008,1945.9,4099.24,1076.6699999999998,58,76.0,26.265112557449672,1.3103448275862069
21009,837.12,259.9,-288.61,48,10.0,-111.0465563678338,0.20833333333333334
21010,3398.4,4679.28,640.4399999999998,80,72.0,13.686721034005227,0.9
21013,1352.64,1511.6399999999999,79.49999999999989,48,36.0,5.259188695721197,0.75
21015,2590.08,3359.04,384.48,114,96.0,11.44612746499,0.8421052631578947
21016,1390.26,3219.08,914.41,58,92.0,28.40594207040521,1.5862068965517242
21017,1827.84,4130.04,1151.1,192,196.0,27.871400761251703,1.0208333333333333
21019,269634.04,458433.75999999995,94399.85999999999,25294,25024.0,20.591821160815034,0.9893255317466593
21025,531.96,813.78,140.90999999999997,22,22.0,17.315490673154905,1.0
21027,4123.6,9659.16,2767.7799999999997,52,84.0,28.6544585657552,1.6153846153846154
21031,269.88,671.58,200.85000000000002,26,42.0,29.90708478513357,1.6153846153846154
21032,90478.08,145808.18,27665.049999999996,5984,5982.0,18.97359256524565,0.9996657754010695
21033,128050.18000000001,183184.56,27567.189999999995,4762,4544.0,15.048861104887875,0.9542209155816883
21034,5876.8,7126.7,624.9499999999998,160,130.0,8.769135785145998,0.8125
21039,407.52,883.4399999999999,237.95999999999998,48,60.0,26.93561532192339,1.25
21041,10393.24,12144.380000000001,875.5700000000006,1012,762.0,7.209672292863041,0.7529644268774703
21043,258.4,0.0,-129.2,20,0.0,-inf,0.0
21045,2458.4,3877.58,709.5899999999999,140,142.0,18.299815864534065,1.0142857142857142
21046,467.04,719.5999999999999,126.27999999999994,48,40.0,17.548638132295714,0.8333333333333334
21055,112797.92,177133.12,32167.6,4696,4488.0,18.160127253446447,0.9557069846678024
21057,562.56,611.28,24.360000000000014,96,72.0,3.9850804868472736,0.75
21058,12182.78,16234.300000000001,2025.7600000000002,398,370.0,12.478271314439182,0.9296482412060302
21060,2051.4,5215.12,1581.86,52,88.0,30.33218794581908,1.6923076923076923
21076,15575.62,24910.18,4667.28,2566,2582.0,18.736436268224477,1.0062353858144972
21078,1181.1799999999998,2108.18,463.5,182,182.0,21.985788689770324,1.0
21080,2704.52,4166.5,730.99,182,150.0,17.544461778471142,0.8241758241758241
21081,8067.0,8343.86,138.4300000000003,300,214.0,1.6590642700141216,0.7133333333333334
21083,676.32,335.92,-170.20000000000002,24,8.0,-50.66682543462729,0.3333333333333333
21084,636.48,545.58,-45.44999999999999,72,42.0,-8.33058396568789,0.5833333333333334
21089,179.04,275.76,48.36,24,24.0,17.53698868581375,1.0
21098,20992.5,31857.94,5432.719999999999,2250,2206.0,17.05295445970455,0.9804444444444445
21100,106595.28,149441.18,21422.949999999997,11352,10682.0,14.335372619514914,0.9409795630725863
21101,134444.16,193320.53999999998,29438.189999999988,10984,10746.0,15.227657650863168,0.9783321194464676
21102,825.24,1150.56,162.65999999999997,156,144.0,14.137463496036712,0.9230769230769231
21103,441.84000000000003,2757.7,1157.9299999999998,56,230.0,41.98897632084708,4.107142857142857
21105,5919.2,10986.44,2533.6200000000003,302,356.0,23.061337430505244,1.1788079470198676
21109,967.56,1274.84,153.64,132,116.0,12.051708449687803,0.8787878787878788
21111,940.8,467.66,-236.56999999999996,96,34.0,-50.58589573621861,0.3541666666666667
21112,680.0,559.4399999999999,-60.28000000000003,100,56.0,-10.775060775060782,0.56
21113,783.6,499.5,-142.05,120,50.0,-28.43843843843844,0.4166666666666667
21114,816.0,699.3,-58.35000000000002,120,70.0,-8.344058344058348,0.5833333333333334
21115,2877.7599999999998,4426.5,774.3700000000001,544,550.0,17.493956850785047,1.0110294117647058
21117,4374.9400000000005,6364.1,994.5799999999999,794,790.0,15.627975676057885,0.9949622166246851
21119,161.28,236.88,37.8,72,72.0,15.957446808510637,1.0
21123,687.14,1222.98,267.92,86,102.0,21.907144842924662,1.186046511627907
21127,229.32,0.0,-114.66,36,0.0,-inf,0.0
21129,62655.2,97089.0,17216.9,5420,5300.0,17.73311085704869,0.977859778597786
21131,146.88,0.0,-73.44,24,0.0,-inf,0.0
21144,20008.98,30192.1,5091.5599999999995,1602,1590.0,16.863881611414904,0.9925093632958801
21145,38108.68,58846.92,10369.119999999999,4892,4908.0,17.62049738541966,1.0032706459525755
21149,110.4,55.92,-27.240000000000002,24,8.0,-48.712446351931334,0.3333333333333333
21151,28303.56,48865.12,10280.78,4308,4288.0,21.039097008254558,0.9953574744661096
21155,2540.16,1149.54,-695.31,168,46.0,-60.48593350383631,0.27380952380952384
21156,965.0,923.34,-20.829999999999984,100,66.0,-2.2559403903220896,0.66
21157,10450.08,17482.8,3516.3599999999997,1416,1320.0,20.113254169812613,0.9322033898305084
21158,789.1200000000001,951.4399999999999,81.15999999999991,72,56.0,8.53022786513074,0.7777777777777778
21159,26.2,265.86,119.83000000000001,2,14.0,45.072594598660956,7.0
21160,1543.36,6201.179999999999,2328.91,106,282.0,37.55591677712952,2.660377358490566
21166,13505.24,20065.12,3279.9399999999996,694,688.0,16.346475874552453,0.9913544668587896
21168,961.04,1086.72,62.84000000000003,164,128.0,5.782538280329803,0.7804878048780488
21169,804.96,1816.8600000000001,505.95000000000005,144,214.0,27.847495128958755,1.4861111111111112
21171,1647.0,0.0,-823.5,6,0.0,-inf,0.0
21172,2206.72,3199.84,496.5600000000002,16,16.0,15.518275913795696,1.0
21178,18890.76,24913.14,3011.1900000000005,2092,1486.0,12.086754218858003,0.7103250478011472
21179,885.72,5015.12,2064.7,22,88.0,41.16950342165292,4.0
21180,1296.6,1103.4,-96.59999999999991,60,60.0,-8.754758020663395,1.0
21181,75843.12,107416.06,15786.470000000001,3846,3594.0,14.69656399611008,0.9344773790951638
21194,16817.98,12779.7,-2019.1399999999994,74,30.0,-15.799588409743572,0.40540540540540543
21195,6999.4400000000005,4899.780000000001,-1049.83,58,22.0,-21.42606402736449,0.3793103448275862
21196,3015.42,11055.779999999999,4020.1799999999994,174,422.0,36.36269896832245,2.425287356321839
21201,62700.00000000001,99769.95999999999,18534.979999999992,5500,5404.0,18.577716178296548,0.9825454545454545
21208,242726.4,369411.64,63342.62000000001,23520,22636.0,17.146893368059544,0.9624149659863945
21213,203.76,287.76,42.0,24,24.0,14.595496246872393,1.0
21216,446.94,5105.54,2329.3,6,46.0,45.62298992858738,7.666666666666667
21217,156.84,1679.72,761.44,4,28.0,45.33136475126807,7.0
21218,18591.04,30521.64,5965.299999999999,1066,1036.0,19.544493677272907,0.9718574108818011
21223,2160.0,3120.24,480.1199999999999,192,176.0,15.387277901699866,0.9166666666666666
21226,126.72,95.76,-15.479999999999997,48,24.0,-16.16541353383458,0.5
21227,250.56,223.72,-13.420000000000002,48,28.0,-5.998569640622207,0.5833333333333334
21228,287.76,63.96,-111.89999999999999,24,4.0,-174.953095684803,0.16666666666666666
21229,207.84,168.74,-19.549999999999997,48,26.0,-11.585871755363279,0.5416666666666666
21230,3883.5200000000004,3913.56,15.019999999999754,328,244.0,0.3837937836649944,0.7439024390243902
21231,73710.56,116077.24,21183.340000000004,23932,23276.0,18.24934845108309,0.972589002172823
21232,42156.159999999996,63726.340000000004,10785.090000000004,6368,5966.0,16.92406938794854,0.9368718592964824
21233,66489.9,102187.12,17848.61,8830,8488.0,17.466594615838083,0.9612684031710079
21250,233.52,359.76,63.11999999999999,24,24.0,17.545030020013343,1.0
21251,29557.839999999997,42367.799999999996,6404.98,2522,2420.0,15.117565698478563,0.9595559080095163
21252,1207.5,2302.08,547.29,150,192.0,23.773717681401166,1.28
21254,23219.280000000002,92006.15999999999,34393.439999999995,1626,4184.0,37.38167096637877,2.5731857318573184
21259,607.6800000000001,2240.8199999999997,816.5699999999998,48,118.0,36.440677966101696,2.4583333333333335
21260,842.88,1299.0,228.06,96,100.0,17.55658198614319,1.0416666666666667
21267,1385.8,14838.72,6726.46,130,928.0,45.33045977011494,7.138461538461539
21270,12966.54,23060.2,5046.83,2194,2380.0,21.88545632735189,1.0847766636280767
21271,21399.2,32597.44,5599.119999999999,2326,2256.0,17.176563558365316,0.9699054170249355
21272,446.40000000000003,539.4,46.49999999999997,72,60.0,8.62068965517241,0.8333333333333334
21273,514.08,1416.74,451.33,72,126.0,31.85693917020766,1.75
21275,354.24,87.92,-133.16,48,8.0,-151.45586897179254,0.16666666666666666
21277,5874.54,58872.06,26498.76,426,2994.0,45.010757225074165,7.028169014084507
21280,94.18,3065.58,1485.7,2,42.0,48.46391221237091,21.0
21281,35130.7,48247.94,6558.620000000003,1090,1006.0,13.593575186836999,0.9229357798165138
21282,591.26,431.64,-79.81,74,36.0,-18.48994532480771,0.4864864864864865
21284,1007.16,4713.38,1853.1100000000001,84,262.0,39.315947366857756,3.119047619047619
21286,2877.2999999999997,4135.12,628.9100000000001,90,88.0,15.208990307415506,0.9777777777777777
21287,3641.48,12454.4,4406.46,236,560.0,35.38074897225077,2.3728813559322033
21293,444.48,279.6,-82.44,96,40.0,-29.484978540772527,0.4166666666666667
21300,68.0,799.2,365.6,10,80.0,45.74574574574575,8.0
21307,1488.96,1676.86,93.94999999999993,144,114.0,5.602733680808174,0.7916666666666666
21308,127290.24,158319.08,15514.419999999991,17248,14092.0,9.799463210625019,0.8170222634508348
21309,1488.8799999999999,1668.78,89.95000000000005,148,122.0,5.390165270437089,0.8243243243243243
21311,14117.84,32311.920000000002,9097.04,526,808.0,28.153820633376164,1.5361216730038023
21313,2210.88,3915.6,852.3599999999999,564,640.0,21.768311369904993,1.1347517730496455
21317,86171.87999999999,127700.72,20764.420000000006,9236,9128.0,16.260221555524517,0.9883066262451278
21318,591.0,1092.1599999999999,250.57999999999993,150,184.0,22.943524758277174,1.2266666666666666
21319,64364.399999999994,93089.76,14362.68,7528,7424.0,15.42885060612467,0.9861849096705633
21320,737.36,2659.58,961.1099999999999,104,242.0,36.137660833665464,2.326923076923077
21321,13341.460000000001,21654.44,4156.489999999999,3278,3356.0,19.19463167830708,1.0237949969493594
21323,3769.92,5432.22,831.1500000000001,612,578.0,15.300374432552438,0.9444444444444444
21324,595.2,197.78,-198.71000000000004,96,22.0,-100.47021943573668,0.22916666666666666
21325,4243.08,3106.94,-568.0699999999999,228,106.0,-18.28390635158709,0.4649122807017544
21326,48592.619999999995,71149.37999999999,11278.379999999997,2994,2662.0,15.851691188313938,0.8891115564462257
21328,278.4,305.68,13.640000000000015,48,32.0,4.462182674692493,0.6666666666666666
21329,103916.56,151128.91999999998,23606.179999999993,9878,9532.0,15.61989591403154,0.9649726665316866
21333,636.48,545.58,-45.44999999999999,72,42.0,-8.33058396568789,0.5833333333333334
21334,415.68,271.8,-71.94,48,20.0,-26.46799116997792,0.4166666666666667
21338,19106.559999999998,29305.34,5099.390000000001,1472,1466.0,17.400890076689098,0.9959239130434783
21339,129.02,1199.8799999999999,535.43,2,12.0,44.62362902956962,6.0
21340,133.32,799.92,333.29999999999995,2,8.0,41.666666666666664,4.0
21341,53574.299999999996,77160.74,11793.220000000005,6266,5926.0,15.283964358040118,0.94573890839451
21342,5533.5199999999995,15574.26,5020.370000000001,526,974.0,32.23504680158159,1.8517110266159695
21343,486.24,0.0,-243.12,48,0.0,-inf,0.0
21350,216.72,335.76,59.519999999999996,24,24.0,17.726947819871334,1.0
21352,15680.760000000002,16501.94,410.5899999999983,298,206.0,2.4881316984548385,0.6912751677852349
21353,24180.12,43133.44,9476.660000000002,5268,5256.0,21.970563905869785,0.9977220956719818
21355,168.96,1617.5,724.27,24,150.0,44.77712519319938,6.25
21359,543.84,509.7,-17.07000000000002,48,30.0,-3.349028840494413,0.625
21363,644.16,4797.599999999999,2076.72,48,240.0,43.28664332166083,5.0
21364,9843.68,13309.3,1732.8099999999995,952,870.0,13.019542725763186,0.9138655462184874
21366,2900.8,4640.2,869.6999999999998,370,380.0,18.742726606611782,1.027027027027027
21367,7344.0,9956.68,1306.3400000000001,360,332.0,13.120236866103962,0.9222222222222223
21368,2316.48,3499.0,591.26,96,100.0,16.897970848813948,1.0416666666666667
21369,22287.600000000002,33829.4,5770.9,1510,1460.0,17.0588304847263,0.9668874172185431
21371,850.8,311.76,-269.52,120,24.0,-86.45111624326405,0.2
21374,4801.68,6651.12,924.7199999999998,936,888.0,13.903222314437267,0.9487179487179487
21375,4275.52,5407.78,566.1299999999997,862,722.0,10.46880605350069,0.8375870069605569
21376,788.8,983.34,97.27000000000004,80,66.0,9.891797343746827,0.825
21377,209.28,233.82,12.269999999999996,24,18.0,5.247626379266101,0.75
21379,729.36,317.78000000000003,-205.79,72,22.0,-64.75863805148215,0.3055555555555556
21380,3268.2000000000003,5262.299999999999,997.0499999999995,260,270.0,18.947038367253853,1.0384615384615385
21381,11991.84,18242.96,3125.5599999999995,1328,1304.0,17.132965264408845,0.9819277108433735
21382,8280.96,12031.4,1875.2200000000003,912,860.0,15.586049836261784,0.9429824561403509
21383,1592.72,2378.3,392.7900000000001,172,170.0,16.515578354286678,0.9883720930232558
21384,4280.0,6641.46,1180.73,250,254.0,17.778169257964365,1.016
21385,1151.04,3532.2,1190.58,96,180.0,33.706471887209105,1.875
21386,1868.52,11250.64,4691.0599999999995,138,536.0,41.69593907546593,3.8840579710144927
21392,396.96,575.52,89.28,48,48.0,15.512927439532945,1.0
21394,576.24,0.0,-288.12,24,0.0,-inf,0.0
21397,367.32,0.0,-183.66,12,0.0,-inf,0.0
21406,266.4,407.76,70.68,24,24.0,17.333725721012364,1.0
21407,1974.24,4113.06,1069.4100000000003,216,294.0,26.000350104301912,1.3611111111111112
21408,1630.6399999999999,5001.219999999999,1685.2899999999997,136,278.0,33.69757779101899,2.0441176470588234
21409,14691.6,20036.66,2672.5299999999997,360,334.0,13.33820107742508,0.9277777777777778
21410,13519.199999999999,20547.18,3513.9900000000007,1032,1082.0,17.102054880523752,1.0484496124031009
21411,4439.44,5308.68,434.62000000000035,422,332.0,8.186969265429454,0.7867298578199052
21412,1407.14,8789.0,3690.93,266,1100.0,41.99487996359085,4.135338345864661
21413,289.52,899.4,304.94,28,60.0,33.90482543918168,2.142857142857143
21416,1458.0,2012.6399999999999,277.31999999999994,360,336.0,13.778917243024086,0.9333333333333333
21418,402.56000000000006,539.6999999999999,68.56999999999994,34,30.0,12.70520659625717,0.8823529411764706
21419,5119.92,7286.879999999999,1083.4799999999996,936,912.0,14.868915091232457,0.9743589743589743
21420,4631.04,6328.08,848.52,864,792.0,13.408806462623735,0.9166666666666666
21422,44667.96,41912.72,-1377.619999999999,2966,2328.0,-3.2868780647020737,0.784895482130816
21424,324.0,1466.8,571.4,40,120.0,38.95554949550041,3.0
21426,734.28,2766.8399999999997,1016.2799999999999,58,116.0,36.73071084703127,2.0
21427,816.0,1846.32,515.16,120,168.0,27.901988821006107,1.4
21428,10092.6,11013.82,460.6099999999997,1068,818.0,4.182109386207507,0.7659176029962547
21431,2765.52,8463.08,2848.7799999999997,46,92.0,33.66126752907925,2.0
21432,607.68,467.88,-69.89999999999998,24,12.0,-14.939728135419333,0.5
21435,397.28,1671.5600000000002,637.1400000000001,16,44.0,38.11648998540286,2.75
21438,2427.52,8359.24,2965.8599999999997,32,76.0,35.480019714710906,2.375
21440,3503.34,5219.94,858.2999999999997,6,6.0,16.442717732387724,1.0
21442,9595.28,13535.58,1970.1499999999996,1108,1042.0,14.555342290467049,0.9404332129963899
21443,1231.08,1895.88,332.4000000000001,12,12.0,17.532755237673275,1.0
21444,3260.1800000000003,4759.860000000001,749.8400000000001,14,14.0,15.75340451189741,1.0
21445,110.96,5331.38,2610.21,2,62.0,48.959368868848216,31.0
21446,272.0,849.66,288.83,16,34.0,33.99359743897559,2.125
21447,359.94,6509.299999999999,3074.68,6,70.0,47.235186579202065,11.666666666666666
21449,434.76,2159.6,862.42,12,40.0,39.934247082793114,3.3333333333333335
21450,959.82,1439.7,239.94,6,6.0,16.665972077516148,1.0
21453,3610.8,6467.58,1428.3899999999999,34,42.0,22.085385878489326,1.2352941176470589
21455,1348.6,3279.84,965.6200000000001,10,16.0,29.44107029611201,1.6
21458,821.34,3127.54,1153.1,18,46.0,36.86923268767146,2.5555555555555554
21459,4227.3,7955.4800000000005,1864.0900000000001,42,52.0,23.431521416683847,1.2380952380952381
21461,719.82,4639.2,1959.6899999999998,18,80.0,42.241981376099325,4.444444444444445
21463,2095.06,7839.4400000000005,2872.1900000000005,22,56.0,36.63769350872001,2.5454545454545454
21465,3102.0,4559.94,728.9699999999998,6,6.0,15.986394557823127,1.0
21466,4172.139999999999,6299.860000000001,1063.8600000000006,14,14.0,16.887041934265213,1.0
21467,4595.360000000001,8805.26,2104.95,56,74.0,23.905597336137717,1.3214285714285714
21468,1416.48,4739.4,1661.4599999999998,26,60.0,35.056336245094315,2.3076923076923075
21469,107604.0,190467.08000000002,41431.54000000001,5490,5892.0,21.75259892680667,1.073224043715847
21470,3830.0,5859.8,1014.9000000000001,20,20.0,17.319703744155092,1.0
21471,363.84,2161.54,898.85,12,46.0,41.58377823218631,3.8333333333333335
21472,479.94,3247.7200000000003,1383.89,6,28.0,42.611124111684504,4.666666666666667
21473,155.24,471.92,158.34,4,8.0,33.55229699949144,2.0
21475,441.36,2719.66,1139.1499999999999,8,34.0,41.88575042468543,4.25
21476,2781.38,4199.860000000001,709.2400000000002,14,14.0,16.88722957431915,1.0
21477,1780.6,3379.7400000000002,799.5700000000002,20,26.0,23.657736985685293,1.3
21481,340.1,799.84,229.87,10,16.0,28.739497899579913,1.6
21483,217.74,1483.72,632.99,6,28.0,42.662362170759984,4.666666666666667
21485,325.08,2159.4,917.1600000000001,14,60.0,42.472909141428175,4.285714285714286
21486,1522.56,413.82,-554.37,96,18.0,-133.9640423372481,0.1875
21487,1011.84,185.88,-412.98,96,12.0,-222.1755971594577,0.125
21488,2229.12,1822.96,-203.07999999999993,192,104.0,-11.140123754772453,0.5416666666666666
21489,1375.92,1607.1399999999999,115.6099999999999,108,86.0,7.193523899598038,0.7962962962962963
21491,734.4000000000001,539.64,-97.38000000000005,72,36.0,-18.045363575717154,0.5
21499,220.8,335.52,57.359999999999985,48,48.0,17.095851216022886,1.0
21502,543.84,3486.08,1471.12,48,192.0,42.199834771433814,4.0
21503,80.52,2564.8799999999997,1242.1799999999998,6,112.0,48.4303359221484,18.666666666666668
21504,1142.3999999999999,1438.56,148.08000000000004,168,144.0,10.29362696029363,0.8571428571428571
21505,64022.46,47783.76,-8119.3499999999985,6862,6824.0,-16.9918608330529,0.9944622559020694
21510,20629.84,32129.1,5749.629999999999,2758,2890.0,17.89539700769707,1.0478607686729513
21517,4807.0,7291.4400000000005,1242.2200000000003,950,936.0,17.036689597665212,0.9852631578947368
21519,65.78,2099.58,1016.9,2,42.0,48.433496223054135,21.0
21520,386.88,1149.54,381.33,24,46.0,33.17239939454043,1.9166666666666667
21523,13603.96,2575.54,-5514.209999999999,362,46.0,-214.09917920125486,0.1270718232044199
21526,22257.72,32321.5,5031.889999999999,3342,3250.0,15.56824404807945,0.9724715739078397
21528,9895.76,11789.439999999999,946.8399999999992,862,656.0,8.03125508930025,0.7610208816705336
21529,489.52,4078.86,1794.67,58,314.0,43.99930372702177,5.413793103448276
21533,3621.78,4883.48,630.8499999999997,706,652.0,12.91804205197932,0.9235127478753541
21534,36856.44,53216.98,8180.27,5534,5102.0,15.371541188545459,0.9219371160101193
21536,313.44,59.94,-126.75,48,6.0,-211.46146146146148,0.125
21537,252.48,31.98,-110.25,24,2.0,-344.7467166979362,0.08333333333333333
21538,1142.3999999999999,1133.28,-4.559999999999945,120,72.0,-0.40237187632358684,0.6
21552,37306.8,61499.85999999999,12096.529999999995,2892,3014.0,19.669199246957632,1.0421853388658369
21561,9777.88,12364.5,1293.3100000000004,658,550.0,10.459864935905214,0.8358662613981763
21562,3289.5,4198.599999999999,454.5499999999997,170,140.0,10.826227790215782,0.8235294117647058
21564,748.8,582.62,-83.08999999999997,72,38.0,-14.261439703408735,0.5277777777777778
21573,25037.6,37823.24,6392.82,5260,5076.0,16.901830726294204,0.9650190114068441
21576,58406.63999999999,90331.54,15962.45,4904,4646.0,17.670959667022174,0.947389885807504
21581,10069.26,14557.22,2243.9799999999996,514,478.0,15.414893777795482,0.9299610894941635
21583,8080.5599999999995,11687.46,1803.4499999999998,522,454.0,15.430641046044222,0.8697318007662835
21584,724.66,173.94,-275.36,38,6.0,-158.3074623433368,0.15789473684210525
21586,432.74,1221.74,394.5,14,26.0,32.290012604973235,1.8571428571428572
21587,430.32,623.92,96.79999999999998,8,8.0,15.5148095909732,1.0
21590,91.42,0.0,-45.71,14,0.0,-inf,0.0
21592,1273.0,2181.98,454.49,190,202.0,20.829246830860047,1.063157894736842
21593,132.24,319.6,93.68,24,40.0,29.311639549436798,1.6666666666666667
21595,1444.32,2788.0,671.84,408,400.0,24.09756097560976,0.9803921568627451
21596,26178.88,87860.3,30840.71,1798,3970.0,35.10198576603995,2.208008898776418
21601,595.2,724.5,64.64999999999998,60,50.0,8.923395445134572,0.8333333333333334
21609,222754.16,313976.78,45611.31000000001,23252,21954.0,14.52696915994871,0.9441768450025805
21614,1648.32,2134.22,242.94999999999993,202,178.0,11.383549962047022,0.8811881188118812
21615,5680.94,7619.1,969.0800000000004,1186,1090.0,12.719087556273054,0.9190556492411467
21616,589.5,923.36,166.93,450,464.0,18.07853924796396,1.031111111111111
21617,344.88,5312.4,2483.7599999999998,72,760.0,46.75400948723741,10.555555555555555
21619,828.0,1060.96,116.48000000000002,360,304.0,10.978736238877998,0.8444444444444444
21622,1913.9999999999998,3280.8,683.4000000000002,330,320.0,20.830285296269206,0.9696969696969697
21625,511.68,639.6,63.96000000000001,48,40.0,10.0,0.8333333333333334
21627,33069.4,46294.1,6612.3499999999985,3220,2990.0,14.283353602294891,0.9285714285714286
21628,893.76,1217.14,161.69000000000005,114,86.0,13.28442085544802,0.7543859649122807
21631,1616.5800000000002,477.73999999999995,-569.4200000000001,126,26.0,-119.19035458617661,0.20634920634920634
21632,9948.24,10195.66,123.71000000000004,1348,1034.0,1.2133594097880867,0.7670623145400594
21633,680.64,791.28,55.31999999999999,96,72.0,6.991204124962086,0.75
21634,1459.2,2159.52,350.15999999999997,48,48.0,16.21471438097355,1.0
21635,1348.8,1805.5800000000002,228.3900000000001,48,42.0,12.649121058053373,0.875
21643,392.0,1177.3799999999999,392.68999999999994,32,62.0,33.352868232856004,1.9375
21645,978.64,3304.8599999999997,1163.11,52,114.0,35.19392652033672,2.1923076923076925
21653,551.04,271.84,-139.6,48,16.0,-51.353737492642736,0.3333333333333333
21654,252.48,447.72,97.62000000000002,24,28.0,21.803805950147417,1.1666666666666667
21672,18649.18,28783.999999999996,5067.409999999998,1646,1600.0,17.604954141189545,0.9720534629404617
21673,516.0,1374.74,429.37,80,126.0,31.232814932278103,1.575
21684,15365.0,16164.76,399.8800000000001,1750,1324.0,2.4737762886674477,0.7565714285714286
21685,6310.08,19206.48,6448.2,672,1352.0,33.57304409761706,2.011904761904762
21686,217.92,595.58,188.83000000000004,24,42.0,31.705228516739993,1.75
21690,432.9,4075.2,1821.1499999999999,78,480.0,44.688604240282686,6.153846153846154
21691,10.34,89.88,39.769999999999996,2,12.0,44.24788607031597,6.0
21693,3568.1800000000003,25822.620000000003,11127.220000000001,154,738.0,43.09097992380324,4.792207792207792
21696,1108.48,597.54,-255.47000000000003,128,46.0,-42.753623188405804,0.359375
21698,751.6800000000001,974.78,111.54999999999995,144,122.0,11.44360778842405,0.8472222222222222
21699,301.14,1906.64,802.75,126,536.0,42.10286157848361,4.253968253968254
21700,4827.6,7760.76,1466.58,1192,1124.0,18.89737603018261,0.9429530201342282
21710,317.2,827.8199999999999,255.30999999999997,10,18.0,30.84124568142833,1.8
21711,1299.48,4648.139999999999,1674.3299999999997,78,186.0,36.02150537634408,2.3846153846153846
21712,551.68,1599.68,524.0,16,32.0,32.75655131026205,2.0
21716,216.48,379.52,81.52,48,48.0,21.479763912310286,1.0
21729,14639.04,21521.16,3441.0599999999995,1794,1684.0,15.98919389103561,0.9386845039018952
21730,2073.6,13337.7,5632.05,54,230.0,42.22654580624845,4.2592592592592595
21731,3032.04,11966.24,4467.1,66,176.0,37.33085747904104,2.6666666666666665
21732,259.7,2319.42,1029.8600000000001,10,58.0,44.401617645790765,5.8
21733,1720.8799999999999,4234.74,1256.9299999999998,196,326.0,29.68139720502321,1.663265306122449
21734,7310.46,10514.74,1602.1399999999999,534,526.0,15.237086223720226,0.9850187265917603
21735,89485.76,83347.26,-3069.25,5096,3274.0,-3.6824845831764597,0.6424646781789639
21737,2174.3999999999996,7019.74,2422.67,18,26.0,34.51224689233505,1.4444444444444444
21743,141.12,215.76,37.31999999999999,24,24.0,17.29699666295884,1.0
21750,17058.96,25834.14,4387.59,2494,2586.0,16.983689025452367,1.036888532477947
21752,37687.759999999995,62923.56,12617.900000000001,4972,4844.0,20.0527433603566,0.9742558326629123
21757,694.8,363.74,-165.52999999999997,72,26.0,-45.50778028261944,0.3611111111111111
21761,794.1600000000001,747.56,-23.300000000000068,72,44.0,-3.1168066777248744,0.6111111111111112
21767,1288.32,1239.3799999999999,-24.470000000000027,96,62.0,-1.974374283916154,0.6458333333333334
21769,1219.92,704.88,-257.52000000000004,204,72.0,-36.53387810691182,0.35294117647058826
21771,3381.12,4548.7,583.79,144,130.0,12.83421636951217,0.9027777777777778
21775,1191.8799999999999,945.14,-123.36999999999995,166,86.0,-13.053092663520744,0.5180722891566265
21777,525.6,515.68,-4.960000000000036,48,32.0,-0.9618367980142796,0.6666666666666666
21781,91.0,0.0,-45.5,14,0.0,-inf,0.0
21783,7099.200000000001,10252.4,1576.5999999999995,816,760.0,15.37786274433303,0.9313725490196079
21784,20160.48,30864.24,5351.880000000001,2328,2376.0,17.340067340067343,1.0206185567010309
21785,940.32,455.84,-242.24000000000004,48,16.0,-53.141453141453155,0.3333333333333333
21787,140.16,143.84,1.8400000000000034,24,16.0,1.2791991101223605,0.6666666666666666
21788,165.36,71.92,-46.720000000000006,24,8.0,-64.96106785317019,0.3333333333333333
21789,9993.7,13333.32,1669.8099999999995,730,668.0,12.523587523587521,0.915068493150685
21791,76266.0,111088.8,17411.4,11150,11120.0,15.67340722016981,0.9973094170403587
21795,13115.52,19073.78,2979.129999999999,4048,3982.0,15.618980611079708,0.9836956521739131
21799,22068.800000000003,38399.76,8165.48,20,24.0,21.26440373585668,1.2
21812,336.0,510.3,87.15,70,70.0,17.078189300411523,1.0
21813,23803.78,35321.46,5758.84,7462,7374.0,16.304082560573658,0.9882069150361833
21814,3559.92,6589.94,1515.0099999999998,168,206.0,22.989738905058314,1.2261904761904763
21824,41110.26,55777.68,7333.709999999999,2434,2232.0,13.14810870584793,0.9170090386195563
21830,774.0,2279.54,752.77,24,46.0,33.02289058318784,1.9166666666666667
21831,1207.44,3670.98,1231.77,52,102.0,33.554255266985926,1.9615384615384615
21832,6813.400000000001,8922.42,1054.5099999999998,652,558.0,11.818654580259613,0.8558282208588958
21833,439.0,675.48,118.24000000000001,50,52.0,17.5045893290697,1.04
21834,78079.44,111801.58,16861.07,7422,7042.0,15.081244826772572,0.9488008623012665
21836,19989.9,28313.78,4161.939999999999,1330,1222.0,14.699344276885668,0.9187969924812031
21837,1067.3,2296.7799999999997,614.7399999999999,130,122.0,26.765297503461365,0.9384615384615385
21841,144.72,359.76,107.52,24,24.0,29.886591060707136,1.0
21849,17322.16,25630.66,4154.25,1478,1534.0,16.208127297541306,1.0378890392422193
21854,575.26,2167.72,796.2299999999999,14,28.0,36.73121989924898,2.0
21856,100.32,0.0,-50.16,24,0.0,-inf,0.0
21857,1379.0,1829.5800000000002,225.29000000000008,50,42.0,12.313755069469499,0.84
21858,1246.56,2231.48,492.46000000000004,48,52.0,22.06876153942675,1.0833333333333333
21859,57901.799999999996,87785.62,14941.91,6820,6638.0,17.02090843580076,0.9733137829912023
21860,1315.2000000000003,1305.34,-4.9300000000001205,120,66.0,-0.3776793785527235,0.55
21861,7096.639999999999,13964.64,3434.0,1072,1336.0,24.590680461508498,1.2462686567164178
21864,77703.45999999999,130295.73999999999,26296.14,5102,5026.0,20.181887757803903,0.9851038808310466
21883,25631.2,38948.28,6658.539999999999,5572,5572.0,17.09585121602289,1.0
21884,226.56,349.0,61.22,96,100.0,17.54154727793696,1.0416666666666667
21924,529.1999999999999,1120.7,295.75000000000006,168,130.0,26.389756402248597,0.7738095238095238
21951,67417.04,102727.44,17655.200000000004,8152,8056.0,17.186449891090447,0.9882237487733072
21957,25430.32,37243.22,5906.450000000001,5276,5078.0,15.85912818494212,0.9624715693707354
21958,959.76,439.78,-259.99,72,22.0,-59.11819546136705,0.3055555555555556
21959,5542.24,8384.02,1420.8900000000003,1474,1318.0,16.94759793034845,0.8941655359565808
21960,1905.48,2912.8599999999997,503.68999999999994,474,434.0,17.291939880392466,0.9156118143459916
21965,42941.64,69232.42,13145.39,9156,8152.0,18.98733281315314,0.8903451288772389
21975,1018.8,1454.8799999999999,218.03999999999996,120,112.0,14.986803035301879,0.9333333333333333
21977,1356.0,4883.259999999999,1763.6299999999997,30,74.0,36.11583245618705,2.466666666666667
21979,1815.8400000000001,7781.419999999999,2982.7899999999995,156,458.0,38.33220671805403,2.9358974358974357
21980,178.36,1979.6999999999998,900.6699999999998,4,30.0,45.49527706218113,7.5
21981,10439.939999999999,15756.06,2658.0600000000004,402,394.0,16.87008046427851,0.9800995024875622
21983,1728.6399999999999,10686.06,4478.71,148,594.0,41.91170553038258,4.013513513513513
21985,238821.6,392261.08,76719.74,36240,35748.0,19.558335993976257,0.9864238410596027
21992,1672.6799999999998,4321.78,1324.55,318,622.0,30.648251414926257,1.9559748427672956
21997,804.48,517.26,-143.61,96,74.0,-27.763600510381632,0.7708333333333334
22000,6743.599999999999,10110.8,1683.6,920,920.0,16.65150136487716,1.0
22004,265.88,955.1999999999999,344.65999999999997,68,160.0,36.08249581239531,2.3529411764705883
22007,13629.599999999999,18740.28,2555.34,1262,1172.0,13.635548668429715,0.9286846275752774
22008,7480.5599999999995,10236.12,1377.7800000000007,852,788.0,13.459982884139698,0.9248826291079812
22010,7032.259999999999,8702.32,835.0300000000002,1174,968.0,9.595487180430048,0.8245315161839863
22011,357.0,395.56,19.28,60,44.0,4.874102538173728,0.7333333333333333
22012,571.2,1889.46,659.13,24,54.0,34.88457019465879,2.25
22014,23414.94,43660.64,10122.85,2358,2736.0,23.185299161899596,1.1603053435114503
22016,3001.44,5893.72,1446.14,676,868.0,24.536964769279844,1.2840236686390532
22017,558.72,380.48,-89.12,48,32.0,-23.423044575273337,0.6666666666666666
22019,183391.04,335239.14,75924.05,18848,19606.0,22.647728424550902,1.040216468590832
22022,3111.2200000000003,7817.76,2353.27,142,224.0,30.101589202022062,1.5774647887323943
22027,41443.079999999994,62038.72,10297.820000000003,8652,8970.0,16.599020740595556,1.036754507628294
22028,2448.7200000000003,8798.24,3174.7599999999998,72,176.0,36.084034988815944,2.4444444444444446
22030,31453.12,36751.92,2649.3999999999996,3464,2408.0,7.2088750737376435,0.6951501154734411
22032,313.44,1018.98,352.77,48,102.0,34.61991403167873,2.125
22038,2803.7400000000002,2404.96,-199.3900000000001,166,104.0,-8.290782383074982,0.6265060240963856
22039,48181.6,56984.78,4401.59,4580,3522.0,7.7241502029138305,0.768995633187773
22043,914.4,1356.82,221.20999999999998,360,358.0,16.30356274229448,0.9944444444444445
22045,190.56,47.96,-71.3,24,4.0,-148.66555462885736,0.16666666666666666
22046,191.76,287.76,48.0,24,24.0,16.680567139282736,1.0
22047,13849.66,22058.7,4104.52,2134,2130.0,18.607261533997928,0.9981255857544518
22048,2659.56,3849.3,594.8700000000001,74,70.0,15.453978645468009,0.9459459459459459
22050,2730.2400000000002,879.84,-925.2,72,16.0,-105.15548281505728,0.2222222222222222
22052,3874.14,3899.88,12.870000000000118,18,12.0,0.33001015415859253,0.6666666666666666
22053,1291.38,1949.94,329.28,6,6.0,16.886673436105724,1.0
22054,5908.84,9099.720000000001,1595.4400000000005,28,28.0,17.532847164528143,1.0
22055,2345.22,2302.7999999999997,-21.210000000000036,202,120.0,-0.921052631578949,0.594059405940594
22057,557.12,2699.0,1070.94,32,100.0,39.67914042237866,3.125
22065,4248.64,5233.62,492.4899999999998,284,238.0,9.410121483791329,0.8380281690140845
22067,1747.2,1935.12,93.95999999999992,120,88.0,4.855512836413242,0.7333333333333333
22073,312.92,5059.780000000001,2373.4300000000003,2,22.0,46.907770693587466,11.0
22075,40.8,1859.3799999999999,909.29,2,62.0,48.90286009314933,31.0
22077,7356.84,14297.44,3470.3,1212,1456.0,24.272177396792713,1.2013201320132014
22079,89046.0,156141.58000000002,33547.79000000001,19400,17330.0,21.485494126548485,0.893298969072165
22080,528.96,39.96,-244.50000000000003,96,4.0,-611.8618618618619,0.041666666666666664
22081,277.44,0.0,-138.72,48,0.0,-inf,0.0
22086,2854.98,3609.42,377.22,306,258.0,10.450986585102315,0.8431372549019608
22087,23084.46,28657.2,2786.370000000001,1674,1880.0,9.723106235082286,1.1230585424133812
22091,215.28,316.44,50.58,36,36.0,15.984072810011376,1.0
22092,972.0,1117.1399999999999,72.56999999999994,120,86.0,6.4960524195714004,0.7166666666666667
22093,804.96,0.0,-402.48,48,0.0,-inf,0.0
22094,546.0,0.0,-273.0,24,0.0,-inf,0.0
22097,37.32,359.76,161.22,4,24.0,44.81320880587058,6.0
22098,356.62,377.84,10.609999999999985,22,16.0,2.80806690662714,0.7272727272727273
22103,233.52,0.0,-116.76,24,0.0,-inf,0.0
22105,319.92,1599.6000000000001,639.84,12,40.0,40.0,3.3333333333333335
22107,2159.46,10090.26,3965.4,54,174.0,39.29928465668873,3.2222222222222223
22108,108.96,1874.66,882.85,12,134.0,47.093873022308046,11.166666666666666
22119,544.32,928.14,191.90999999999997,168,186.0,20.676837546059858,1.1071428571428572
22120,155.52,59.88,-47.82000000000001,48,12.0,-79.85971943887776,0.25
22138,257.28,127.84,-64.71999999999998,48,16.0,-50.62578222778472,0.3333333333333333
22143,317809.2,525352.98,103771.88999999998,30210,31022.0,19.752793636004498,1.0268785170473353
22149,239.52,58.32,-90.60000000000001,48,8.0,-155.34979423868313,0.16666666666666666
22161,6.7,19.98,6.640000000000001,2,2.0,33.233233233233236,1.0
22167,159.84,239.76,39.959999999999994,24,24.0,16.666666666666664,1.0
22168,1173.94,5055.4,1940.7299999999998,158,460.0,38.38924714167029,2.911392405063291
22169,1118.16,799.68,-159.24000000000007,72,32.0,-19.912965186074437,0.4444444444444444
22170,19082.2,30547.3,5732.549999999999,1460,1470.0,18.76614299790816,1.0068493150684932
22171,5213.04,3599.2000000000003,-806.9199999999998,168,80.0,-22.419426539230937,0.47619047619047616
22173,1008.1,1535.68,263.79,34,32.0,17.177406751406544,0.9411764705882353
22174,3586.78,3642.2,27.70999999999981,262,180.0,0.7608039097248863,0.6870229007633588
22178,249.98,379.98,65.00000000000001,2,2.0,17.106163482288544,1.0
22183,496.08000000000004,719.28,111.59999999999997,72,72.0,15.51551551551551,1.0
22192,28211.460000000003,43838.44,7813.49,3902,3756.0,17.823376014292478,0.9625832906201948
22194,58987.280000000006,90689.4,15851.059999999994,7886,7860.0,17.478404311860036,0.996703018006594
22195,127.92,215.76,43.919999999999995,24,24.0,20.355951056729698,1.0
22201,591.12,983.26,196.07,72,74.0,19.940809145088785,1.0277777777777777
22206,215.04,285.78000000000003,35.37000000000002,24,22.0,12.376653369724968,0.9166666666666666
22207,772.56,735.54,-18.50999999999999,72,46.0,-2.5165184762215502,0.6388888888888888
22209,1693.44,1906.9399999999998,106.74999999999989,144,106.0,5.5979737170545425,0.7361111111111112
22220,303.84,398.58,47.370000000000005,48,42.0,11.88469065181394,0.875
22222,14603.68,25329.98,5363.15,2006,2002.0,21.17313160136723,0.9980059820538385
22223,438.72,83.94,-177.39000000000001,48,6.0,-211.32952108649036,0.125
22225,32.2,559.6,263.7,4,40.0,47.122944960686205,10.0
22226,19.98,143.92,61.96999999999999,2,8.0,43.058643690939405,4.0
22227,1323.96,6275.48,2475.7599999999998,204,452.0,39.45132483889678,2.215686274509804
22228,2009.1,6394.4400000000005,2192.67,74,156.0,34.29025841199542,2.108108108108108
22230,2544.64,16053.960000000001,6754.660000000001,284,1004.0,42.07472797988783,3.535211267605634
22234,1494.48,2180.88,343.20000000000005,312,312.0,15.736766809728184,1.0
22238,223.92,139.9,-42.00999999999999,24,10.0,-30.028591851322368,0.4166666666666667
22263,779.04,1899.6200000000001,560.2900000000001,24,38.0,29.49484633768859,1.5833333333333333
22264,13508.88,22795.440000000002,4643.280000000002,408,456.0,20.369337025299803,1.1176470588235294
22270,16374.12,24985.86,4305.87,606,614.0,17.233227113255257,1.0132013201320131
22274,39886.8,30734.76,-4576.020000000002,3092,2744.0,-14.88874486086764,0.88745148771022
22275,51090.46,79454.04,14181.789999999997,3422,3396.0,17.849048330330337,0.9924021040327294
22276,1183.1999999999998,239.84,-471.6799999999999,120,16.0,-196.6644429619746,0.13333333333333333
22279,1148.1,1466.74,159.32000000000005,258,226.0,10.862184163519101,0.875968992248062
22282,268.32,203.76,-32.28,48,24.0,-15.84216725559482,0.5
22289,45313.84,65700.82,10193.490000000005,5126,4918.0,15.515011836990777,0.9594225516972298
22291,16028.400000000001,28696.399999999998,6333.999999999998,1406,1560.0,22.07245508147363,1.1095305832147937
22292,1271.04,599.6999999999999,-335.67,96,30.0,-55.97298649324664,0.3125
22294,13784.0,15843.66,1029.83,800,634.0,6.499950137783819,0.7925
22297,28363.5,41258.7,6447.5999999999985,4202,4130.0,15.627249525554607,0.98286530223703
22298,14911.0,21158.06,3123.5300000000007,1850,1694.0,14.762837424603203,0.9156756756756756
22318,21163.36,24554.38,1695.5100000000002,758,562.0,6.90512242622294,0.741424802110818
22324,473.52,519.74,23.110000000000014,24,26.0,4.446453996228886,1.0833333333333333
22326,23109.239999999998,26437.0,1663.880000000001,1722,1300.0,6.293754964632904,0.7549361207897793
22327,2936.34,2776.02,-80.16000000000008,198,198.0,-2.8875872652214354,1.0
22336,12807.720000000001,23243.82,5218.049999999999,354,418.0,22.449192946770363,1.1807909604519775
22337,2466.0,7545.96,2539.98,100,204.0,33.66013071895425,2.04
22338,2872.8,9148.48,3137.8399999999997,168,352.0,34.29903109587604,2.0952380952380953
22339,12294.32,19901.56,3803.620000000001,1354,1244.0,19.1121701012383,0.9187592319054653
22340,1256.64,3454.52,1098.94,176,348.0,31.81165545430335,1.9772727272727273
22344,39400.56,56382.38,8490.91,3944,3562.0,15.059509726265546,0.9031440162271805
22345,7177.72,10595.76,1709.02,484,424.0,16.12928190143982,0.8760330578512396
22347,1827.8400000000001,963.2,-432.32000000000005,168,80.0,-44.88372093023256,0.47619047619047616
22349,231.36,63.900000000000006,-83.73,48,10.0,-131.03286384976525,0.20833333333333334
22352,408.96,2309.34,950.19,18,66.0,41.14552209722258,3.6666666666666665
22353,13363.380000000001,22149.24,4392.93,438,476.0,19.83332159478158,1.08675799086758
22355,495.36,831.48,168.06,48,52.0,20.212151825660268,1.0833333333333333
22358,529.44,575.64,23.099999999999966,48,36.0,4.0129247446320555,0.75
22361,311.04,2095.8,892.3800000000001,96,420.0,42.5794446034927,4.375
22362,35862.0,53646.3,8892.150000000001,5560,5370.0,16.575514061547583,0.9658273381294964
22363,854.4,1116.08,130.83999999999997,240,192.0,11.72317396602394,0.8
22364,384.48,481.16,48.34,108,84.0,10.046554160778118,0.7777777777777778
22367,1191.6,1528.98,168.69000000000005,120,102.0,11.032845426362677,0.85
22384,277.44,101.94,-87.75,24,6.0,-86.08004708652149,0.25
22385,532.8,373.78,-79.50999999999999,48,22.0,-21.27187115415485,0.4583333333333333
22387,71509.23999999999,96379.08,12434.920000000006,10802,9660.0,12.90209452092716,0.8942788372523607
22389,16668.02,22574.760000000002,2953.370000000001,4946,4524.0,13.082619704484125,0.914678528103518
22390,378.72,71.94,-153.39000000000001,48,6.0,-213.2193494578816,0.125
22392,373.92,153.86,-110.03,48,14.0,-71.51306382425581,0.2916666666666667
22395,8638.56,1079.8799999999999,-3779.3399999999997,144,12.0,-349.9777753083676,0.08333333333333333
22396,696.72,539.9399999999999,-78.39000000000004,12,6.0,-14.518279808867662,0.5
22397,2206.0,3698.06,746.03,200,194.0,20.173550456185136,0.97
22398,1224.3600000000001,6268.74,2522.1899999999996,36,126.0,40.23440117152729,3.5
22399,1578.0,1835.1399999999999,128.56999999999994,120,86.0,7.006004991444792,0.7166666666666667
22402,618.56,869.6999999999999,125.57,32,30.0,14.438312061630448,0.9375
22404,434.52,539.6999999999999,52.589999999999975,36,30.0,9.744302390216783,0.8333333333333334
22406,350.96,447.44,48.24000000000001,164,136.0,10.781333810119795,0.8292682926829268
22407,328.5,315.84,-6.3300000000000125,146,96.0,-2.004179331306995,0.6575342465753424
22408,407.34000000000003,493.5,43.079999999999984,186,150.0,8.729483282674769,0.8064516129032258
22412,59.04,90.96,15.959999999999997,24,24.0,17.546174142480208,1.0
22413,119.52,1190.06,535.27,48,314.0,44.97840445019579,6.541666666666667
22416,20649.2,32923.66,6137.230000000001,1976,2034.0,18.64078902527848,1.0293522267206479
22417,40461.6,37221.42,-1620.0900000000001,2760,2538.0,-4.352574404737918,0.9195652173913044
22418,2069.2799999999997,2098.5,14.610000000000127,216,150.0,0.6962115796997916,0.6944444444444444
22419,177.54,260.94,41.7,6,6.0,15.980685214991952,1.0
22420,2694.18,3348.66,327.24,166,134.0,9.772267115801544,0.8072289156626506
22421,34060.32,33794.4,-132.95999999999913,3906,2760.0,-0.39343796605354475,0.706605222734255
22433,2999.4,3343.56,172.07999999999993,60,44.0,5.146610199906684,0.7333333333333333
22438,68.48,2799.44,1365.48,2,56.0,48.77689823679022,28.0
22439,318.5,1898.9999999999998,790.2499999999999,26,100.0,41.61400737230121,3.8461538461538463
22440,356.64,2155.02,899.19,24,98.0,41.725366817941364,4.083333333333333
22441,41728.88,56182.52,7226.82,4148,3748.0,12.863111159841175,0.9035679845708775
22447,19786.24,60267.78,20240.769999999997,4192,8622.0,33.5847280254889,2.0567748091603053
22448,29686.78,25000.34,-2343.2199999999993,2122,1366.0,-9.372752530565581,0.6437323279924599
22449,639.36,775.26,67.94999999999999,96,74.0,8.764801485953098,0.7708333333333334
22450,562.8000000000001,855.1800000000001,146.19,84,82.0,17.09464674103697,0.9761904761904762
22451,426.24,539.48,56.620000000000005,64,52.0,10.495291762437905,0.8125
22456,2016.26,3796.2,889.9699999999999,146,180.0,23.443706864759495,1.2328767123287672
22457,1067.76,949.6199999999999,-59.07000000000005,72,38.0,-6.220382889998111,0.5277777777777778
22458,165.72,0.0,-82.86,12,0.0,-inf,0.0
22459,201.12,19.98,-90.57000000000001,24,2.0,-453.3033033033034,0.08333333333333333
22460,459.84,195.86,-131.98999999999998,48,14.0,-67.38997242928622,0.2916666666666667
22470,335.92,467.64,65.85999999999999,38,36.0,14.08348302112736,0.9473684210526315
22471,551.04,543.68,-3.680000000000007,48,32.0,-0.6768687463213668,0.6666666666666666
22472,390.78000000000003,459.79999999999995,34.50999999999996,26,20.0,7.505437146585464,0.7692307692307693
22473,860.9,1559.88,349.49000000000007,10,12.0,22.404928584250072,1.2
22474,366.24,363.71999999999997,-1.2600000000000193,42,28.0,-0.34642032332564043,0.6666666666666666
22475,1018.04,3836.8,1409.38,124,320.0,36.7332151793161,2.5806451612903225
22477,1086.72,1494.1200000000001,203.70000000000005,128,188.0,13.633443096940006,1.46875
22478,229.92,335.76,52.92,24,24.0,15.761258041458184,1.0
22490,508.32,191.88,-158.22,48,12.0,-82.45778611632271,0.25
22500,547.6,479.76,-33.920000000000016,40,24.0,-7.070201767550445,0.6
22504,373.68,207.73999999999998,-82.97000000000001,72,26.0,-39.939347260999334,0.3611111111111111
22508,20721.36,25371.54,2325.09,1002,846.0,9.164165833055463,0.844311377245509
22509,3138.2,42852.18,19856.99,260,2382.0,46.33834264674516,9.161538461538461
22515,58562.6,83796.24,12616.820000000003,6670,6376.0,15.056546689923083,0.9559220389805098
22516,999.6000000000001,988.9,-5.35000000000008,168,110.0,-0.5410051572454323,0.6547619047619048
22517,3593.28,5501.88,954.3,608,612.0,17.344980261292502,1.006578947368421
22524,10012.24,14941.0,2464.38,532,500.0,16.494076701693327,0.9398496240601504
22531,18948.16,38147.54,9599.69,3076,4246.0,25.16463709062236,1.3803641092327699
22533,46.04,699.8000000000001,326.88000000000005,2,20.0,46.71048871106031,10.0
22534,90.88,419.88,164.5,4,12.0,39.17786034104982,3.0
22539,177.6,359.92,91.16000000000001,6,8.0,25.327850633474107,1.3333333333333333
22543,46.96,279.92,116.48,2,8.0,41.61188911117462,4.0
22547,135.42,209.94,37.260000000000005,6,6.0,17.747927979422695,1.0
22549,233.29999999999998,979.72,373.21000000000004,10,28.0,38.09353692891847,2.8
22554,47.28,209.94,81.33,2,6.0,38.739639897113456,3.0
22556,190.56,311.76,60.599999999999994,24,24.0,19.438029253271747,1.0
22560,520.8,98.94,-210.92999999999998,48,6.0,-213.18981200727714,0.125
22562,317.76,453.56,67.9,48,44.0,14.970455948496342,0.9166666666666666
22565,4273.2,6623.64,1175.2200000000003,36,36.0,17.74281210935377,1.0
22566,6050.68,23950.88,8950.1,662,1712.0,37.368564328325306,2.5861027190332324
22567,295.32000000000005,1158.96,431.82,92,104.0,37.2592669289708,1.1304347826086956
22568,14586.0,12534.199999999999,-1025.9000000000005,858,580.0,-8.184806369772309,0.675990675990676
22569,76484.72,115181.49999999999,19348.389999999992,6526,6250.0,16.798175054153656,0.9577076310144039
22572,3622.7999999999997,1619.64,-1001.5799999999998,120,36.0,-61.839668074386886,0.3
22579,462.72,405.41999999999996,-28.650000000000034,96,58.0,-7.066745597158511,0.6041666666666666
22581,333.36,307.56,-12.900000000000006,72,44.0,-4.194303550526728,0.6111111111111112
22583,44635.2,88388.23999999999,21876.519999999997,3282,4376.0,24.75048716888129,1.3333333333333333
22584,69792.59999999999,105674.06,17940.730000000003,5860,5794.0,16.97742094890648,0.9887372013651877
22590,235.2,359.76,62.28,24,24.0,17.311541027351566,1.0
22591,3071.8399999999997,31.98,-1519.9299999999998,292,2.0,-4752.75171982489,0.00684931506849315
22592,33.78,49.98,8.099999999999998,2,2.0,16.20648259303721,1.0
22593,16327.32,21528.6,2600.6399999999994,2154,1940.0,12.079930882639834,0.9006499535747446
22595,179.52,131.88,-23.820000000000007,24,12.0,-18.061874431301188,0.5
22596,2142.84,3721.02,789.0899999999999,84,98.0,21.20628214844317,1.1666666666666667
22597,2748.9,4902.7,1076.8999999999999,110,130.0,21.965447610500334,1.1818181818181819
22598,18963.0,10358.519999999999,-4302.240000000001,420,148.0,-41.533346462622085,0.3523809523809524
22599,7412.719999999999,13360.76,2974.0200000000004,392,724.0,22.259362491355287,1.846938775510204
22600,473.68,3599.9,1563.1100000000001,2,10.0,43.42092835912109,5.0
22601,7296.599999999999,22678.74,7691.0700000000015,60,126.0,33.913127448879436,2.1
22615,643.1999999999999,1214.48,285.64000000000004,120,152.0,23.51953099268823,1.2666666666666666
22617,2774.3999999999996,4835.16,1030.38,408,484.0,21.31015312833495,1.1862745098039216
22619,11.02,143.82,66.39999999999999,2,18.0,46.168822138784584,9.0
22621,456.2,1631.52,587.66,20,48.0,36.01917230558007,2.4
22624,56.2,1031.76,487.78,2,24.0,47.27649841048305,12.0
22625,27124.58,62211.84,17543.629999999997,4382,3716.0,28.19982498508322,0.8480146052031036
22626,186.96,0.0,-93.48,24,0.0,-inf,0.0
22629,1505.28,1866.4,180.56000000000006,192,160.0,9.674239177025292,0.8333333333333334
22630,4970.679999999999,6213.86,621.5900000000001,242,214.0,10.003282983523931,0.8842975206611571
22632,792.88,4154.58,1680.85,106,342.0,40.4577598698304,3.2264150943396226
22640,578.82,879.78,150.47999999999996,22,22.0,17.104276069017253,1.0
22643,2142.5,5795.08,1826.29,50,92.0,31.514491603222044,1.84
22644,491.66,1399.5,453.91999999999996,26,50.0,32.43444087173991,1.9230769230769231
22645,9257.039999999999,10288.78,515.8700000000008,414,322.0,5.013908354537669,0.7777777777777778
22646,838.5,2079.2,620.3499999999999,50,80.0,29.83599461331281,1.6
22647,599.76,911.76,156.0,24,24.0,17.109765727823113,1.0
22648,11095.56,13350.56,1127.5,444,344.0,8.44533862249973,0.7747747747747747
22649,9595.300000000001,12097.58,1251.1399999999994,286,242.0,10.342068413682732,0.8461538461538461
22653,860.16,857.4,-1.3799999999999955,96,60.0,-0.16095171448565376,0.625
22656,1288.32,199.89999999999998,-544.21,96,10.0,-272.2411205602802,0.10416666666666667
22657,1410.48,5937.88,2263.7,72,212.0,38.12303381004668,2.9444444444444446
22659,584.16,701.82,58.83000000000004,24,18.0,8.38249123706934,0.75
22661,1910.84,3444.78,766.9700000000001,62,122.0,22.26470195484182,1.967741935483871
22662,39413.4,56610.840000000004,8598.720000000001,1860,1716.0,15.189175783295214,0.9225806451612903
22663,4962.64,1559.42,-1701.6100000000001,178,58.0,-109.1181336650806,0.3258426966292135
22664,413.04,487.82,37.389999999999986,24,18.0,7.664712393915786,0.75
22665,34919.920000000006,43397.96,4239.019999999997,982,804.0,9.76778631990996,0.8187372708757638
22671,5356.04,8757.74,1700.85,586,626.0,19.421106358489748,1.068259385665529
22672,3502.08,4119.28,308.5999999999999,768,592.0,7.491600473869219,0.7708333333333334
22675,554.3199999999999,2908.36,1177.02,104,364.0,40.47023064544967,3.5
22696,15464.52,21598.68,3067.08,2322,2132.0,14.200312241303633,0.9181739879414298
22697,18158.56,43267.04,12554.24,1736,1896.0,29.015712653326876,1.0921658986175116
22702,409.44,5543.46,2567.01,6,54.0,46.3069995995281,9.0
22703,1679.7599999999998,1329.6200000000001,-175.06999999999982,72,38.0,-13.166919871843069,0.5277777777777778
22711,583.8,1079.4,247.80000000000007,60,60.0,22.95719844357977,1.0
22725,1975.68,3626.4799999999996,825.3999999999997,168,152.0,22.760362665725438,0.9047619047619048
22737,280.32,0.0,-140.16,48,0.0,-inf,0.0
22739,1588.8,0.0,-794.4,48,0.0,-inf,0.0
22740,1972.8,2049.18,38.18999999999994,120,82.0,1.8636722981875649,0.6833333333333333
22743,407.52,111.92,-147.79999999999998,48,8.0,-132.05861329521085,0.16666666666666666
22744,772.8000000000001,531.62,-120.59000000000003,84,38.0,-22.683495730032735,0.4523809523809524
22750,1264.8,1287.1200000000001,11.160000000000082,124,88.0,0.8670520231213936,0.7096774193548387
22756,1478.4,1455.44,-11.480000000000018,120,56.0,-0.7887649095806092,0.4666666666666667
22757,13708.08,30387.58,8339.75,2844,3842.0,27.444600721742233,1.350914205344585
22758,64225.700000000004,130670.28,33222.28999999999,6146,8172.0,25.424518872998508,1.3296452977546371
22763,427.2,319.7,-53.75,120,30.0,-16.812636847044104,0.25
22765,1469.16,1187.82,-140.67000000000007,36,18.0,-11.842703439915145,0.5
22768,6715.8,9787.92,1536.06,420,408.0,15.693426182477992,0.9714285714285714
22776,311.52,0.0,-155.76,24,0.0,-inf,0.0
22778,2018.24,2519.1,250.42999999999995,106,90.0,9.941248858719383,0.8490566037735849
22781,830.28,2393.58,781.65,22,42.0,32.656105081091916,1.9090909090909092
22789,165.44,3147.9,1491.23,16,210.0,47.37221639823374,13.125
22793,1785.6000000000001,2355.38,284.89,288,262.0,12.095288233745721,0.9097222222222222
22794,2037.0,2954.1200000000003,458.5600000000002,1050,988.0,15.522727580463899,0.940952380952381
22796,8053.200000000001,2799.72,-2626.7400000000007,120,28.0,-93.82152500964386,0.23333333333333334
22798,3070.3399999999997,5920.74,1425.2,98,126.0,24.07131540989809,1.2857142857142858
22799,907.1,1387.1,239.99999999999994,94,90.0,17.302285343522453,0.9574468085106383
22801,38723.58,85912.2,23594.309999999998,5894,6580.0,27.46328228121268,1.1163895486935866
22808,318.44,1584.78,633.17,38,122.0,39.95317962114615,3.210526315789474
22809,7745.92,9472.1,863.0900000000001,988,790.0,9.111918159647809,0.7995951417004049
22811,159.84,239.52,39.84,48,48.0,16.63326653306613,1.0
22813,7476.48,9635.18,1079.3500000000004,576,482.0,11.202177852411687,0.8368055555555556
22819,1712.8799999999999,6651.299999999999,2469.2099999999996,108,270.0,37.123720175003385,2.5
22820,2441.12,12897.0,5227.9400000000005,88,300.0,40.53609366519346,3.409090909090909
22821,4836.780000000001,5318.76,240.98999999999978,702,524.0,4.53094330257428,0.7464387464387464
22822,14416.76,20643.0,3113.12,1756,1700.0,15.080753766409922,0.9681093394077449
22823,621.4,1079.8,229.2,20,20.0,21.226152991294683,1.0
22827,1033.74,1359.84,163.04999999999995,18,16.0,11.990381221320153,0.8888888888888888
22828,710.4000000000001,11338.74,5314.17,12,126.0,46.86737679848025,10.5
22830,2860.56,13797.7,5468.570000000001,72,230.0,39.63392449466215,3.1944444444444446
22831,435.84,1007.28,285.72,48,72.0,28.365499166071007,1.5
22833,473.28,389.74,-41.76999999999998,48,26.0,-10.717401344486063,0.5416666666666666
22836,2272.32,2114.2599999999998,-79.0300000000002,288,174.0,-3.7379508669700137,0.6041666666666666
22838,2481.62,2479.86,-0.8799999999998818,334,214.0,-0.03548587420257118,0.6407185628742516
22839,287.76,431.76,72.0,24,24.0,16.67593107281823,1.0
22840,3354.4,7511.5,2078.55,40,50.0,27.671570258936303,1.25
22841,1038.88,3753.64,1357.3799999999999,16,36.0,36.16169904412783,2.25
22842,12259.52,18393.08,3066.7800000000007,1684,1692.0,16.67355331461615,1.004750593824228
22849,405.12,311.76,-46.68000000000001,48,24.0,-14.973056197074675,0.5
22853,394.56000000000006,492.42,48.92999999999998,72,58.0,9.936639454124522,0.8055555555555556
22854,3539.56,13047.44,4753.9400000000005,428,1056.0,36.43580656435286,2.467289719626168
22857,1830.72,115.96,-857.38,96,4.0,-739.37564677475,0.041666666666666664
22858,1907.4,289.9,-808.75,102,10.0,-278.97550879613664,0.09803921568627451
22860,318.5,759.5999999999999,220.54999999999995,26,40.0,29.035018430753023,1.5384615384615385
22861,4334.4,5599.2,632.4000000000001,96,80.0,11.294470638662668,0.8333333333333334
22863,2044.6999999999998,2038.3,-3.199999999999932,254,170.0,-0.15699357307559886,0.6692913385826772
22864,1220.8,1324.98,52.09000000000003,140,102.0,3.9313800963033425,0.7285714285714285
22865,1518.1,1798.5,140.20000000000005,190,150.0,7.795385043091467,0.7894736842105263
22866,1843.8,1792.6200000000001,-25.589999999999918,210,138.0,-1.4275194966027334,0.6571428571428571
22867,2246.72,2490.22,121.75,236,178.0,4.889126261936696,0.7542372881355932
22883,7898.88,11245.54,1673.3300000000004,1056,1046.0,14.879943515384769,0.990530303030303
22889,2286.08,3383.06,548.49,94,94.0,16.21283689913865,1.0
22895,195.36,203.66,4.1499999999999915,48,34.0,2.0377099086713106,0.7083333333333334
22896,158.88,159.84,0.480000000000004,24,16.0,0.30030030030030275,0.6666666666666666
22898,708.4,2781.68,1036.6399999999999,88,232.0,37.26668775703891,2.6363636363636362
22899,148152.64,272467.6,62157.47999999998,22688,22120.0,22.812796824282955,0.9749647390691114
22901,20451.2,27666.539999999997,3607.6699999999983,1660,1546.0,13.039830784767442,0.9313253012048193
22902,14407.8,19520.42,2556.3099999999995,1298,1158.0,13.095568640428842,0.8921417565485362
22903,33566.4,51875.88,9154.739999999998,6216,5812.0,17.647392198455233,0.935006435006435
22904,540.0,475.71999999999997,-32.140000000000015,48,28.0,-6.7560750021020795,0.5833333333333334
22905,3413.1,4555.54,571.22,734,826.0,12.539018425916575,1.125340599455041
22906,712.0799999999999,1092.48,190.20000000000005,184,192.0,17.409929701230233,1.0434782608695652
22914,60016.92,121498.4,30740.739999999998,3022,3960.0,25.30135376268329,1.3103904698874917
22918,1239.8400000000001,1582.56,171.3599999999999,168,144.0,10.828025477707,0.8571428571428571
22919,10336.0,32282.999999999996,10973.499999999998,800,1700.0,33.99157451290152,2.125
22922,1478.4,4993.28,1757.4399999999998,120,472.0,35.19610356318893,3.933333333333333
22923,2741.7599999999998,4688.96,973.6000000000001,224,504.0,20.763666143451857,2.25
22924,3891.2,4634.44,371.6199999999999,320,556.0,8.018660291211019,1.7375
22927,1273.8,2014.56,370.38,132,144.0,18.385156063855135,1.0909090909090908
22928,923.76,1289.3799999999999,182.80999999999995,72,62.0,14.178132125517687,0.8611111111111112
22930,257.52,383.76,63.120000000000005,24,24.0,16.44777986241401,1.0
22932,351.84,0.0,-175.92,24,0.0,-inf,0.0
22934,1220.3999999999999,1565.52,172.56000000000006,54,48.0,11.022535643109004,0.8888888888888888
22935,1119.84,4899.3,1889.73,24,70.0,38.57142857142857,2.9166666666666665
22937,3026.7,5008.8,991.0500000000002,354,320.0,19.786176329659803,0.903954802259887
22938,34092.24,48349.979999999996,7128.869999999999,2676,2602.0,14.7443080638296,0.9723467862481315
22939,1770.24,5239.92,1734.8400000000001,4,8.0,33.1081390555581,2.0
22940,826.8,3695.88,1434.54,4,12.0,38.81457190168512,3.0
22941,4503.0,11865.66,3681.33,20,34.0,31.025075722715805,1.7
22942,4195.62,11231.52,3517.9500000000003,26,48.0,31.32211846660114,1.8461538461538463
22943,11682.66,24375.12,6346.23,62,88.0,26.035687208924507,1.4193548387096775
22944,4305.08,9179.64,2437.2799999999997,26,36.0,26.550932280568734,1.3846153846153846
22950,2009.88,9208.76,3599.44,108,324.0,39.08713008048858,3.0
22951,17866.36,9178.2,-4344.08,508,180.0,-47.330413370813446,0.3543307086614173
22957,2124.0,8448.699999999999,3162.3499999999995,50,130.0,37.43001881946334,2.6
22958,137.10000000000002,1294.56,578.73,30,144.0,44.70476455320727,4.8
22963,99763.4,141138.24,20687.42,6028,5576.0,14.657558433490456,0.9250165892501659
22966,386.36,1803.1799999999998,708.4099999999999,26,82.0,39.28670459965172,3.1538461538461537
22967,1370.88,703.68,-333.6000000000001,96,32.0,-47.40791268758528,0.3333333333333333
22968,1259.82,4548.7,1644.44,54,130.0,36.151867566557485,2.4074074074074074
22970,3293.7599999999998,4713.38,709.8100000000002,282,262.0,15.059469001014136,0.9290780141843972
22972,568.08,863.28,147.59999999999997,72,72.0,17.097581317764803,1.0
22974,952.8,863.28,-44.75999999999999,120,72.0,-5.184876285793716,0.6
22995,11615.76,9410.1,-1102.83,1314,1190.0,-11.719641661618898,0.9056316590563166
23013,9466.08,8448.72,-508.6800000000003,888,528.0,-6.020793682356621,0.5945945945945946
23014,8201.48,9176.439999999999,487.47999999999956,476,356.0,5.31229975894791,0.7478991596638656
23015,12532.380000000001,8030.219999999999,-2251.080000000001,742,378.0,-28.032606827708346,0.5094339622641509
23018,698.88,651.42,-23.730000000000018,96,58.0,-3.6428110896196033,0.6041666666666666
23021,3504.8799999999997,6939.04,1717.0800000000002,386,496.0,24.745209712006275,1.2849740932642486
23022,2530.76,4952.4400000000005,1210.8400000000001,302,356.0,24.44936233452601,1.1788079470198676
23024,1766.5,1589.7,-88.39999999999998,50,30.0,-5.560797634773855,0.6
23025,4957.2,7734.84,1388.8200000000002,486,516.0,17.95538110678437,1.0617283950617284
23028,395.38,406.26,5.439999999999998,106,74.0,1.3390439619947812,0.6981132075471698
23029,453.6,83.94,-184.83,48,6.0,-220.19299499642605,0.125
23032,816.16,4299.14,1741.4900000000002,16,86.0,40.5078690156636,5.375
23033,231.6,111.92,-59.839999999999996,24,8.0,-53.46676197283774,0.3333333333333333
23035,328.32,195.86,-66.22999999999999,48,14.0,-33.81496987644235,0.2916666666666667
23036,1271.04,1639.56,184.26,192,144.0,11.238381029056576,0.75
23038,311.52,1399.54,544.01,16,46.0,38.87062892093117,2.875
23039,1456.8400000000001,5298.9400000000005,1921.0500000000002,44,106.0,36.25347711051644,2.409090909090909
23040,118.4,1259.86,570.7299999999999,2,14.0,45.301065197720376,7.0
23041,2166.72,1763.52,-201.5999999999999,96,48.0,-11.43168209036472,0.5
23042,213.6,259.8,23.10000000000001,24,20.0,8.891454965357969,0.8333333333333334
23043,142.8,197.78,27.489999999999995,24,22.0,13.89928203053898,0.9166666666666666
23044,705.6,863.04,78.71999999999997,120,96.0,9.121245828698552,0.8
23045,9079.48,12495.0,1707.7600000000002,556,500.0,13.667547018807525,0.8992805755395683
23049,30808.079999999998,46489.72,7840.8200000000015,5034,5028.0,16.865707085351346,0.99880810488677
23050,2031.2999999999997,1959.44,-35.929999999999836,90,56.0,-1.8336871759278075,0.6222222222222222
23060,3518.24,4438.5199999999995,460.1399999999999,176,148.0,10.366969169903479,0.8409090909090909
23061,3220.7999999999997,3478.2599999999998,128.73000000000002,240,174.0,3.700988425247107,0.725
23064,139.68,80.74000000000001,-29.47,72,26.0,-36.499876145652706,0.3611111111111111
23065,48.72,71.76,11.520000000000003,24,24.0,16.053511705685622,1.0
23066,1397.94,2346.6,474.3299999999999,138,140.0,20.21350038353362,1.0144927536231885
23067,34000.22,45658.439999999995,5829.109999999997,2462,2156.0,12.766774335697843,0.875710804224208
23068,2368.2,479.92,-944.1399999999999,60,8.0,-196.72862143690614,0.13333333333333333
23069,1532.7199999999998,6597.36,2532.3199999999997,92,264.0,38.38383838383838,2.869565217391304
23071,1528.8,2770.46,620.83,130,154.0,22.40891404315529,1.1846153846153846
23074,5749.8,28904.539999999997,11577.369999999999,420,1446.0,40.0538116157531,3.442857142857143
23075,656.3199999999999,13795.88,6569.78,56,812.0,47.62131882851982,14.5
23076,2506.08,21068.94,9281.43,276,1506.0,44.05266710142988,5.456521739130435
23078,368.94,1099.5,365.28,26,50.0,33.22237380627558,1.9230769230769231
23079,2414.4,4101.84,843.72,240,216.0,20.569305482417647,0.9
23084,148.8,215.76,33.47999999999999,24,24.0,15.51724137931034,1.0
23088,319.68,143.86,-87.91,48,14.0,-61.108021687751965,0.2916666666666667
23090,136.8,0.0,-68.4,24,0.0,-inf,0.0
23095,253279.6,359705.4,53212.90000000001,53210,51460.0,14.793467098353267,0.9671114452170645
23098,591.58,1871.52,639.97,22,48.0,34.19519962383517,2.1818181818181817
23101,535.46,3256.7400000000002,1360.64,82,326.0,41.779202515398836,3.975609756097561
23103,3038.7599999999998,9099.300000000001,3030.2700000000004,36,70.0,33.30223203982724,1.9444444444444444
23105,3719.76,17971.72,7125.9800000000005,132,428.0,39.65107402073925,3.242424242424242
23107,3509.44,14619.140000000001,5554.85,32,86.0,37.9971051648729,2.6875
23109,595.92,2293.38,848.73,24,62.0,37.00782251523951,2.5833333333333335
23110,1316.04,6119.64,2401.8,12,36.0,39.24740671019864,3.0
23112,3199.56,559.9,-1319.83,84,10.0,-235.72602250401857,0.11904761904761904
23114,8588.8,12076.980000000001,1744.090000000001,320,302.0,14.441441486199372,0.94375
23116,8384.32,12998.060000000001,2306.870000000001,394,394.0,17.74780236435284,1.0
23117,231.36,293.58,31.109999999999985,48,42.0,10.596770897200077,0.875
23121,548.28,1161.62,306.66999999999996,36,38.0,26.400199721079183,1.0555555555555556
23122,10200.0,11793.48,796.7399999999998,600,452.0,6.755766745693381,0.7533333333333333
23123,8323.44,11417.3,1546.9299999999994,948,870.0,13.549000201448674,0.9177215189873418
23126,13915.800000000001,17169.68,1626.9399999999996,1718,1432.0,9.475657088542125,0.8335273573923166
23129,88617.59999999999,132238.96,21810.68,7240,6704.0,16.49338440048228,0.9259668508287293
23130,3359.52,10778.519999999999,3709.499999999999,72,148.0,34.41567116821233,2.0555555555555554
23134,4487.04,4052.18,-217.43000000000006,304,182.0,-5.365753742430003,0.5986842105263158
23137,47.94,149.98,51.019999999999996,2,2.0,34.01786904920656,1.0
23138,534.96,311.74,-111.61000000000001,72,26.0,-35.802271123372044,0.3611111111111111
23139,391.68,119.9,-135.89,48,10.0,-113.33611342785652,0.20833333333333334
23143,691380.6,1183339.06,245979.23000000004,148684,144278.0,20.786876586326834,0.9703666837050389
23144,2476.8,1727.46,-374.6700000000001,120,54.0,-21.689069500885697,0.45
23145,76.8,4348.5,2135.85,4,150.0,49.11693687478441,37.5
23146,2031.84,4197.9,1083.0299999999997,166,210.0,25.799328235546344,1.2650602409638554
23147,1438.2,7522.6,3042.2000000000003,180,540.0,40.44080504081036,3.0
23148,6372.96,9318.02,1472.5300000000002,852,798.0,15.803035408810029,0.9366197183098591
23149,3842.7799999999997,9100.84,2629.03,542,716.0,28.88777299677832,1.3210332103321034
23150,4679.280000000001,3299.18,-690.0500000000004,402,402.0,-20.915803320825187,1.0
23151,1573.74,4433.599999999999,1429.9299999999998,126,240.0,32.252120173222664,1.9047619047619047
23153,24862.6,40519.36,7828.380000000001,4130,2864.0,19.32009784952181,0.6934624697336562
23155,32607.36,51423.619999999995,9408.129999999997,2592,2638.0,18.295347546516556,1.0177469135802468
23156,7646.6,17598.24,4975.820000000001,130,176.0,28.27453199865441,1.353846153846154
23157,4130.400000000001,5353.94,611.7699999999995,240,206.0,11.426538212979592,0.8583333333333333
23159,17560.0,24742.48,3591.24,1000,952.0,14.514470659368017,0.952
23160,2001.96,1762.04,-119.96000000000004,332,196.0,-6.80801797916052,0.5903614457831325
23161,34635.7,48625.53999999999,6994.919999999998,2530,2446.0,14.385279834424459,0.966798418972332
23167,762.72,695.66,-33.53000000000003,48,34.0,-4.819883276313146,0.7083333333333334
23168,31100.76,46742.76,7821.000000000002,3132,2924.0,16.732002988270274,0.933588761174968
23170,3354.24,2279.7,-537.27,64,30.0,-23.567574680879062,0.46875
23172,7140.0,17664.22,5262.110000000001,350,578.0,29.7896538879158,1.6514285714285715
23173,623.7,7974.3,3675.3,66,570.0,46.08931191452542,8.636363636363637
23175,442.08,0.0,-221.04,12,0.0,-inf,0.0
23182,1082.16,1215.48,66.65999999999997,72,52.0,5.484253134564121,0.7222222222222222
23185,403.88,2626.54,1111.33,46,146.0,42.31155817158695,3.1739130434782608
23186,644.16,6667.099999999999,3011.47,48,290.0,45.169114007589506,6.041666666666667
23188,11493.36,15234.5,1870.5699999999997,626,550.0,12.27851258656339,0.8785942492012779
23189,1466.0800000000002,9014.84,3774.38,68,316.0,41.868519019749655,4.647058823529412
23190,477.36,1871.5200000000002,697.0800000000002,18,48.0,37.24672993075148,2.6666666666666665
23191,50245.799999999996,119710.14,34732.17,5060,7986.0,29.013557247531413,1.5782608695652174
23192,5924.24,12220.06,3147.91,142,194.0,25.760184483545906,1.3661971830985915
23193,887.52,4967.08,2039.78,24,92.0,41.06597840179743,3.8333333333333335
23194,12120.68,11366.52,-377.0799999999999,572,348.0,-3.317462160802074,0.6083916083916084
23195,717.0799999999999,4638.84,1960.88,26,116.0,42.27091255572514,4.461538461538462
23196,650.88,1337.32,343.21999999999997,192,268.0,25.664762360541975,1.3958333333333333
23197,32106.96,55064.86,11478.95,4694,4914.0,20.846234785669118,1.0468683425649765
23200,966.0,881.1999999999999,-42.400000000000034,120,80.0,-4.811620517476173,0.6666666666666666
23201,1118.88,2026.38,453.75,168,162.0,22.39214757350546,0.9642857142857143
23202,2821.5,3566.58,372.53999999999996,418,342.0,10.44530054001312,0.8181818181818182
23203,2679.2,3127.02,223.91000000000008,394,298.0,7.160491458321344,0.7563451776649747
23204,1121.28,683.6199999999999,-218.83000000000004,96,38.0,-32.01047365495452,0.3958333333333333
23205,2281.24,3134.04,426.4000000000001,214,196.0,13.605442176870753,0.9158878504672897
23209,639.84,479.76,-80.04000000000002,48,24.0,-16.68334167083542,0.5
23211,19732.219999999998,19464.12,-134.04999999999927,2386,1588.0,-0.6887031111604289,0.6655490360435876
23212,73763.68,115712.48,20974.4,9232,8752.0,18.126307551268457,0.9480069324090121
23214,172.32,285.78000000000003,56.73000000000002,24,22.0,19.850934285114427,0.9166666666666666
23215,1363.96,1684.98,160.51,122,102.0,9.525929091146482,0.8360655737704918
23218,8884.2,42857.1,16986.449999999997,1326,4290.0,39.635089635089635,3.235294117647059
23220,19086.84,29070.02,4991.59,2466,2398.0,17.1709204190434,0.9724249797242498
23229,59392.96,130293.08,35450.06,5744,8692.0,27.207937674049916,1.5132311977715878
23230,769.98,15976.58,7603.3,82,1142.0,47.59028528007872,13.926829268292684
23231,9067.039999999999,28434.96,9683.96,244,504.0,34.0565275984211,2.0655737704918034
23235,31146.84,46377.26,7615.210000000001,4338,4074.0,16.420137800292643,0.9391424619640387
23236,215.12,2495.36,1140.1200000000001,8,64.0,45.68959989740959,8.0
23239,30012.48,45204.12,7595.8200000000015,4904,4588.0,16.803379868914607,0.935562805872757
23240,10346.4,19140.84,4397.22,1916,1916.0,22.972972972972975,1.0
23241,20334.8,33281.2,6473.199999999999,3506,3580.0,19.45001983101571,1.0211066742726753
23242,542.08,1038.08,247.99999999999994,112,92.0,23.89025893958076,0.8214285714285714
23245,15133.64,20976.98,2921.67,1906,1702.0,13.927982006942848,0.8929695697796433
23246,14092.52,20105.82,3006.6499999999996,1322,1218.0,14.954127710284881,0.9213313161875946
23249,11891.7,18090.44,3099.369999999999,1810,1756.0,17.132640223233924,0.9701657458563536
23250,330.96000000000004,7772.1,3720.57,84,1310.0,47.87084571737368,15.595238095238095
23253,66761.56,153323.3,43280.869999999995,5108,7670.0,28.228501473683387,1.5015661707126078
23255,25677.96,61388.8,17855.420000000002,3234,5120.0,29.08579415137615,1.583178726035869
23256,8300.76,51455.22,21577.23,884,3678.0,41.93399620096853,4.160633484162896
23257,410.52,26413.12,13001.3,44,1888.0,49.222886202008695,42.90909090909091
23258,348.3,12475.84,6063.77,18,416.0,48.604102008361764,23.11111111111111
23259,856.8,11651.04,5397.120000000001,140,1296.0,46.32307502162897,9.257142857142858
23260,748.6600000000001,2619.04,935.1899999999999,166,376.0,35.70735842140632,2.2650602409638556
23265,7300.48,5678.58,-810.9499999999998,272,142.0,-14.280858947131145,0.5220588235294118
23266,1232.82,199.98,-516.42,18,2.0,-258.2358235823582,0.1111111111111111
23267,11055.6,15262.78,2103.59,360,322.0,13.782482614569561,0.8944444444444445
23270,44367.4,63404.18,9518.39,6622,6182.0,15.012243672262615,0.9335548172757475
23271,46524.799999999996,66157.2,9816.2,8680,8280.0,14.83768962410743,0.9539170506912442
23272,1284.6399999999999,3285.2599999999998,1000.31,296,274.0,30.448427217328312,0.9256756756756757
23273,170228.4,216780.72,23276.160000000003,26392,23864.0,10.737191019570377,0.9042133979993937
23275,22319.32,31688.86,4684.77,3148,2914.0,14.783649522261136,0.9256670902160101
23278,1066.56,3965.26,1449.3500000000001,32,74.0,36.55119714722364,2.3125
23279,2827.6800000000003,42483.0,19827.66,172,1700.0,46.671986441635475,9.883720930232558
23281,3825.48,17099.82,6637.17,6,18.0,38.81426822036723,3.0
23284,285.7,8359.62,4036.9600000000005,2,38.0,48.291190269414166,19.0
23286,1854.1599999999999,4399.780000000001,1272.8100000000004,14,22.0,28.928946447322375,1.5714285714285714
23287,1112.52,19598.600000000002,9243.04,12,140.0,47.16173604237037,11.666666666666666
23289,18219.1,25199.64,3490.2700000000004,38,36.0,13.850475641715517,0.9473684210526315
23290,759.6,1299.8,270.09999999999997,18,20.0,20.780120018464377,1.1111111111111112
23291,571.34,239.96,-165.69,14,4.0,-69.04900816802801,0.2857142857142857
23292,2394.48,3519.92,562.72,8,8.0,15.986726971067524,1.0
23293,1430.78,4427.46,1498.3400000000001,26,54.0,33.84197711554707,2.076923076923077
23295,421.0,2047.68,813.34,10,32.0,39.7200734489764,3.2
23296,185.39999999999998,159.8,-12.799999999999983,36,20.0,-8.010012515644545,0.5555555555555556
23297,11158.56,15480.96,2161.2,756,704.0,13.960374550415477,0.9312169312169312
23307,40342.28,79474.38,19566.050000000003,6094,6162.0,24.619317571272656,1.011158516573679
23308,350.32,2793.78,1221.73,4,22.0,43.73035815275361,5.5
23323,1193.28,4481.46,1644.0900000000001,22,54.0,36.68648163768058,2.4545454545454546
23324,3783.6,5599.8,908.1000000000001,20,20.0,16.2166505946641,1.0
23325,2454.48,3779.82,662.6700000000001,18,18.0,17.53178722796324,1.0
23326,483.6,2149.14,832.77,30,86.0,38.74898796727994,2.8666666666666667
23327,11095.74,16199.82,2552.04,18,18.0,15.753508372315247,1.0
23328,104.82,3495.54,1695.36,2,46.0,48.500660842101645,23.0
23329,2086.0,3599.84,756.9200000000001,14,16.0,21.02649006622517,1.1428571428571428
23331,592.08,2999.8,1203.8600000000001,6,20.0,40.13134208947263,3.3333333333333335
23332,107.94,1619.3999999999999,755.7299999999999,6,60.0,46.66728417932568,10.0
23333,827.4,719.88,-53.75999999999999,20,12.0,-7.467911318553091,0.6
23334,536.64,2943.08,1203.22,26,92.0,40.883020509126496,3.5384615384615383
23335,799.98,3999.8,1599.91,6,20.0,39.99974998749938,3.3333333333333335
23336,2797.2,5519.76,1361.2800000000002,18,24.0,24.661941823557548,1.3333333333333333
23337,1135.08,8399.400000000001,3632.1600000000008,12,60.0,43.243088792056575,5.0
23338,283.84,879.84,298.0,8,16.0,33.869794508092376,2.0
23340,201.32,4199.72,1999.2,2,28.0,47.603173544902994,14.0
23341,455.0,989.6999999999999,267.34999999999997,20,30.0,27.013236334242695,1.5
23344,2132.46,2801.76,334.6500000000001,718,624.0,11.944277882473877,0.8690807799442897
23345,34443.36,57251.0,11403.82,2412,2100.0,19.91898831461459,0.8706467661691543
23349,37122.84,56812.1,9844.630000000001,3716,3790.0,17.328403632324807,1.019913885898816
23350,4061.92,4113.06,25.570000000000164,424,294.0,0.6216782638716712,0.6933962264150944
23351,7051.379999999999,12188.880000000001,2568.750000000001,1442,1672.0,21.074536790911065,1.159500693481276
23353,2912.7,42277.56,19682.43,266,2644.0,46.555264778762066,9.93984962406015
23354,75594.24,138442.72,31424.239999999998,6948,6928.0,22.698369405050695,0.9971214738054116
23355,28531.2,78547.6,25008.200000000004,2972,5240.0,31.838273861963962,1.7631224764468372
23356,60687.17999999999,91170.54,15241.68,4194,4146.0,16.717768700284104,0.9885550786838341
23357,4656.9,81298.6,38320.850000000006,190,2140.0,47.13592853997486,11.263157894736842
23359,1080.96,1391.72,155.38,32,28.0,11.164602075130055,0.875
23360,17900.96,30115.72,6107.380000000001,2906,2828.0,20.279707740674972,0.9731589814177564
23361,657.12,719.64,31.25999999999999,48,36.0,4.343838585959645,0.75
23362,1257.6,1443.24,92.82000000000005,96,76.0,6.431362767107346,0.7916666666666666
23364,975.24,1007.4399999999999,16.099999999999966,84,56.0,1.5981100611450774,0.6666666666666666
23365,13251.84,16868.6,1808.3799999999992,928,740.0,10.720391733753834,0.7974137931034483
23366,13204.76,18354.14,2574.6899999999996,1426,1186.0,14.027843309465874,0.8316970546984572
23373,14238.340000000002,20771.940000000002,3266.8,5254,5206.0,15.726985539145597,0.9908641035401599
23377,223.92,335.76,55.92,24,24.0,16.654753395282345,1.0
23379,21109.579999999998,30238.78,4564.6,2642,2522.0,15.095185718471448,0.9545798637395913
23381,1975.6799999999998,14643.859999999999,6334.089999999999,168,814.0,43.25423761221426,4.845238095238095
23382,64192.0,132237.3,34022.649999999994,5900,8270.0,25.7284820546094,1.4016949152542373
23383,2089.36,26470.42,12190.529999999999,182,1558.0,46.05340602831387,8.56043956043956
23384,510.72,4029.7599999999998,1759.52,42,224.0,43.66314619232907,5.333333333333333
23385,7338.24,10042.92,1352.3400000000001,576,508.0,13.46560562067606,0.8819444444444444
23386,7472.52,11450.24,1988.8599999999997,594,576.0,17.369592253088143,0.9696969696969697
23387,42292.0,29602.38,-6344.8099999999995,4850,2962.0,-21.43344555403991,0.6107216494845361
23388,15390.0,29279.7,6944.85,2250,2430.0,23.71899302246949,1.08
23389,22469.52,39222.56,8376.519999999999,2984,3344.0,21.356382653248538,1.1206434316353888
23390,684.4,1041.68,178.64000000000004,232,232.0,17.149220489977733,1.0
23391,1255.02,7978.86,3361.92,26,114.0,42.135342642933956,4.384615384615385
23392,397.2,7392.6,3497.7000000000003,60,740.0,47.31352974596218,12.333333333333334
23393,327.03999999999996,7591.78,3632.37,28,422.0,47.84609143046822,15.071428571428571
23394,1026.0,5094.9,2034.4499999999998,152,510.0,39.931107578166404,3.3552631578947367
23395,761.1,18043.94,8641.42,118,1806.0,47.890981681384446,15.305084745762711
23397,998.2,6906.24,2954.02,124,576.0,42.77320220554166,4.645161290322581
23398,729.5999999999999,467.74,-130.92999999999995,60,26.0,-27.992046863642184,0.43333333333333335
23399,324.24,487.7,81.72999999999999,24,30.0,16.758253024400243,1.25
23400,257.04,3272.88,1507.92,36,312.0,46.07318325144827,8.666666666666666
23401,2397.6,10873.2,4237.8,222,680.0,38.97472685134091,3.063063063063063
23403,1946.5600000000002,9349.6,3701.52,316,1040.0,39.590142893813635,3.2911392405063293
23404,149.6,379.62,115.01,22,38.0,30.29608555924346,1.7272727272727273
23406,17126.579999999998,21678.6,2276.01,1438,1340.0,10.498879078907311,0.9318497913769124
23414,194.4,813.16,309.38,120,224.0,38.04663288897634,1.8666666666666667
23415,15404.9,35343.38,9969.239999999998,5222,4462.0,28.206809875003465,0.854461891995404
23420,8683.5,15382.36,3349.4300000000003,1050,1164.0,21.774487139814696,1.1085714285714285
23423,9220.8,17045.72,3912.460000000001,1356,1628.0,22.9527412159768,1.2005899705014749
23425,2722.4199999999996,2859.56,68.57000000000016,62,44.0,2.397921358530689,0.7096774193548387
23426,1189.5,287.96,-450.77,26,4.0,-156.53910265314627,0.15384615384615385
23430,206.4,77.94,-64.23,24,6.0,-82.40954580446498,0.25
23432,7116.48,5660.46,-728.0099999999998,672,354.0,-12.861322224695515,0.5267857142857143
23434,2136.48,1103.84,-516.32,48,16.0,-46.774894912306145,0.3333333333333333
23436,3226.6,7102.26,1937.8300000000002,260,374.0,27.284695294173964,1.4384615384615385
23438,27702.0,38730.56,5514.279999999999,3240,2944.0,14.237542653656437,0.908641975308642
23442,28.56,41.98,6.709999999999999,2,2.0,15.983801810385897,1.0
23444,396.96,575.52,89.28,48,48.0,15.512927439532945,1.0
23445,228.48,335.76,53.64,24,24.0,15.975696926375985,1.0
23451,1049.58,1557.74,254.08000000000004,126,126.0,16.310809249297062,1.0
23452,10722.24,17728.28,3503.0199999999995,1836,1972.0,19.759502895938013,1.0740740740740742
23460,11353.44,6760.62,-2296.4100000000003,336,138.0,-33.96744677263329,0.4107142857142857
23464,60789.840000000004,91611.48,15410.819999999996,8408,8052.0,16.821931050562654,0.9576593720266413
23466,1036.8,187.88,-424.46,96,12.0,-225.92080051096443,0.125
23468,233.98,1431.92,598.97,2,8.0,41.829850829655285,4.0
23469,5498.2,9492.44,1997.1200000000003,740,756.0,21.039058450725,1.0216216216216216
23470,475.52,263.76,-105.88,64,24.0,-40.14255383682136,0.375
23471,305.28000000000003,388.21999999999997,41.46999999999997,144,118.0,10.682087476173297,0.8194444444444444
23472,826.56,151.92,-337.32,72,8.0,-222.03791469194317,0.1111111111111111
23473,767.52,244.85999999999999,-261.33,72,14.0,-106.72629257534918,0.19444444444444445
23474,20697.56,28224.54,3763.49,3004,2746.0,13.33410571084595,0.9141145139813582
23475,959.52,405.86,-276.83,48,14.0,-68.20824914995318,0.2916666666666667
23477,2117.76,2990.24,436.2399999999998,192,176.0,14.588795548183416,0.9166666666666666
23479,15847.2,40094.08,12123.44,2556,3992.0,30.237481443644548,1.5618153364632237
23484,18.9,27.98,4.540000000000001,2,2.0,16.22587562544675,1.0
23491,409.2,621.98,106.39000000000001,2,2.0,17.10505160937651,1.0
23493,1158.24,3219.08,1030.42,48,92.0,32.009766765659755,1.9166666666666667
23494,120.78,839.72,359.47,6,28.0,42.808317058066976,4.666666666666667
23495,269.28,899.4999999999999,315.10999999999996,22,50.0,35.03168426903835,2.272727272727273
23496,63.0,1379.7,658.35,2,30.0,47.71689497716895,15.0
23497,1205.38,5439.32,2116.97,22,68.0,38.91975467521676,3.090909090909091
23498,363.84,373.66,4.910000000000025,48,34.0,1.314028796231875,0.7083333333333334
23508,409.4,1117.1399999999999,353.86999999999995,46,86.0,31.67642372486886,1.8695652173913044
23510,4069.8,4967.4800000000005,448.84000000000015,570,452.0,9.03556732991376,0.7929824561403509
23511,4294.54,4154.22,-70.15999999999985,578,378.0,-1.6888850373836688,0.6539792387543253
23512,7306.26,9008.16,850.9499999999998,986,784.0,9.446435232056267,0.795131845841785
23513,4009.28,3714.62,-147.33000000000015,536,338.0,-3.966219963280232,0.6305970149253731
23514,9068.1,11466.5,1199.1999999999998,1002,850.0,10.458291544935244,0.8483033932135728
23516,55531.079999999994,80406.7,12437.810000000001,7326,7130.0,15.468623883333107,0.9732459732459733
23517,198.48,605.5,203.51,24,50.0,33.61023947151114,2.0833333333333335
23518,274.08,158.21999999999997,-57.93000000000001,48,18.0,-36.61357603337127,0.375
23519,29718.04,18666.32,-5525.860000000001,3014,1968.0,-29.603371205465244,0.6529528865295289
23520,4834.8,5696.2,430.6999999999998,474,380.0,7.561181138302725,0.8016877637130801
23521,28070.54,49992.68,10961.07,3778,4532.0,21.925349871221144,1.1995764955002648
23522,28819.32,68082.46,19631.570000000003,7012,6274.0,28.83498921748715,0.8947518539646321
23523,84187.98,127364.84,21588.43,12814,12316.0,16.95007036478827,0.9611362572186671
23524,381.12,23.98,-178.57,48,2.0,-744.6622185154295,0.041666666666666664
23525,816.0,999.5999999999999,91.79999999999995,48,40.0,9.18367346938775,0.8333333333333334
23527,4851.34,6775.12,961.8899999999999,94,88.0,14.197386909752149,0.9361702127659575
23528,2832.96,2590.04,-121.46000000000004,312,196.0,-4.689502864820622,0.6282051282051282
23530,2540.16,3458.56,459.20000000000005,168,144.0,13.277202072538863,0.8571428571428571
23533,254.7,519.6,132.45000000000002,30,40.0,25.49076212471132,1.3333333333333333
23534,7473.6,7937.48,231.9399999999996,720,452.0,2.922086102894113,0.6277777777777778
23535,23848.68,47735.399999999994,11943.359999999997,1412,2760.0,25.019922321798916,1.954674220963173
23538,248.39999999999998,705.64,228.62,36,36.0,32.39895697522816,1.0
23539,18341.98,23525.739999999998,2591.879999999999,1478,1226.0,11.017209235501198,0.8294993234100135
23541,311.52,239.88,-35.81999999999999,24,12.0,-14.932466233116557,0.5
23542,164.64,629.4,232.38,24,60.0,36.920877025738804,2.5
23543,378.40000000000003,1726.68,674.14,44,132.0,39.04255565594088,3.0
23554,744.48,583.64,-80.42000000000002,72,36.0,-13.779041875128506,0.5
23560,97.2,0.0,-48.6,24,0.0,-inf,0.0
23561,97.2,143.76,23.279999999999994,24,24.0,16.193656093489146,1.0
23562,246.0,215.64,-15.180000000000007,60,36.0,-7.039510294936008,0.6
23563,49.2,71.88,11.339999999999996,12,12.0,15.776293823038392,1.0
23565,2822.3999999999996,4164.44,671.02,576,556.0,16.11309083574262,0.9652777777777778
23566,86.76,146.85999999999999,30.04999999999999,12,14.0,20.46166416995778,1.1666666666666667
23568,19.44,0.0,-9.72,2,0.0,-inf,0.0
23579,116.64,179.76,31.559999999999995,24,24.0,17.556742323097463,1.0
23587,985.1999999999999,805.38,-89.90999999999997,120,62.0,-11.163674290397076,0.5166666666666667
23592,3607.68,6389.44,1390.8799999999999,48,56.0,21.768417889517703,1.1666666666666667
23595,114929.81999999999,178718.66,31894.420000000006,11574,11534.0,17.846161111548177,0.9965439778814584
23596,210.72,25.98,-92.37,24,2.0,-355.54272517321016,0.08333333333333333
23603,250.88,3886.3799999999997,1817.7499999999998,16,162.0,46.77231768380858,10.125
23616,1532.96,2189.26,328.1500000000001,286,274.0,14.989083069164927,0.958041958041958
23618,15404.82,11999.400000000001,-1702.7099999999991,114,60.0,-14.189959497974892,0.5263157894736842
23623,402.0,671.4,134.7,60,60.0,20.06255585344057,1.0
23624,574.56,929.16,177.3,84,84.0,19.081751259201862,1.0
23625,1240.2,1906.1999999999998,332.9999999999999,180,180.0,17.46931067044381,1.0
23626,774.0,1270.8,248.39999999999998,120,120.0,19.546742209631727,1.0
23632,16964.32,30604.86,6820.27,1832,1914.0,22.28492468189693,1.044759825327511
23633,386.8,3250.08,1431.6399999999999,40,192.0,44.04937724609855,4.8
23635,71344.8,104961.68000000001,16808.440000000002,8808,7832.0,16.013882399748177,0.8891916439600364
23644,555.6,447.36,-54.120000000000005,120,64.0,-12.097639484978542,0.5333333333333333
23647,20780.8,27386.3,3302.75,1528,1370.0,12.059862047812228,0.8965968586387435
23649,51332.340000000004,71103.38,9885.52,6506,5662.0,13.903024019392607,0.8702735936059023
23650,35635.4,43654.18,4009.3899999999994,4460,3582.0,9.184435488193799,0.8031390134529148
23655,160.8,287.52,63.359999999999985,48,48.0,22.03672787979966,1.0
23660,22537.8,35358.78,6410.49,2636,2722.0,18.1298393213793,1.0326251896813354
23661,65.32,3625.26,1779.97,2,74.0,49.0990990990991,37.0
23662,1906.94,9068.64,3580.8499999999995,106,336.0,39.48607508953933,3.169811320754717
23663,4890.24,6858.72,984.2400000000002,576,528.0,14.350199454125553,0.9166666666666666
23665,4141.62,5187.08,522.73,798,692.0,10.07753880796132,0.8671679197994987
23666,4663.2,5946.22,641.5100000000002,870,778.0,10.78853456481597,0.8942528735632184
23669,7838.879999999999,5739.179999999999,-1049.85,168,82.0,-18.29268292682927,0.4880952380952381
23679,652.8,199.89999999999998,-226.45,48,10.0,-113.28164082041022,0.20833333333333334
23680,5716.92,6804.54,543.81,426,346.0,7.991870133763633,0.812206572769953
23692,53627.759999999995,82455.28,14413.760000000002,4236,4072.0,17.480699841174516,0.9612842304060434
23694,3150.6,5059.780000000001,954.5900000000004,20,22.0,18.866235290862456,1.1
23712,89705.59999999999,136928.12,23611.260000000002,13192,13188.0,17.24354354678937,0.9996967859308672
23739,251125.5,443471.74,96173.12,34638,34506.0,21.68641456161333,0.996189156417807
23745,3257.04,11171.720000000001,3957.3400000000006,12,28.0,35.422835516822836,2.3333333333333335
23746,1668.8000000000002,3419.6200000000003,875.4100000000001,28,38.0,25.599628028845313,1.3571428571428572
23747,55.76,4344.9400000000005,2144.59,2,106.0,49.358334062150455,53.0
23750,181.8,1259.82,539.01,4,18.0,42.78468352621803,4.5
23752,564.48,3814.94,1625.23,24,106.0,42.601718506713084,4.416666666666667
23753,99.32,2699.64,1300.1599999999999,2,36.0,48.16049547347053,18.0
23755,14394.4,10579.8,-1907.3000000000002,40,20.0,-18.027750997183315,0.5
23756,5383.68,9959.7,2288.01,24,30.0,22.97267989999699,1.25
23762,7210.799999999999,9539.82,1164.5100000000002,20,18.0,12.20683409120927,0.9
23763,930.8000000000001,6676.74,2872.97,26,126.0,43.02953237657899,4.846153846153846
23764,14745.36,35865.88,10560.259999999998,3144,4412.0,29.443749881502974,1.4033078880407124
23768,119.72,5014.860000000001,2447.57,4,114.0,48.8063475351256,28.5
23769,3094.56,11199.0,4052.2200000000003,42,100.0,36.18376640771498,2.380952380952381
23771,5612.4,8699.400000000001,1543.500000000001,60,60.0,17.742602938133672,1.0
23772,2939.3,5895.56,1478.13,34,44.0,25.071918528519767,1.2941176470588236
23777,1568.88,7739.400000000001,3085.26,18,60.0,39.86433056826111,3.3333333333333335
23778,36481.200000000004,60533.74,12026.269999999997,5656,5426.0,19.86705265526299,0.9593352192362093
23780,770.42,4591.44,1910.5099999999998,14,56.0,41.610257348457125,4.0
23781,3237.4800000000005,3483.7400000000002,123.12999999999988,36,26.0,3.534419905044575,0.7222222222222222
23783,3428.3999999999996,7391.56,1981.5800000000004,30,44.0,26.808684499618487,1.4666666666666666
23784,1125.12,1427.26,151.07000000000005,96,74.0,10.584616678110509,0.7708333333333334
23785,11074.12,19190.399999999998,4058.1399999999985,1004,960.0,21.14671919292979,0.9561752988047809
23791,112.56,167.76,27.599999999999994,24,24.0,16.452074391988553,1.0
23792,158.64,469.92,155.64000000000001,24,48.0,33.12053115423902,2.0
23793,995.52,2208.3,606.3900000000001,122,170.0,27.45958429561201,1.3934426229508197
23794,2486.4,269.94,-1108.23,84,6.0,-410.54678817515,0.07142857142857142
23795,9158.4,27342.9,9092.25,848,1710.0,33.252690826503404,2.016509433962264
23796,8327.28,19069.32,5371.0199999999995,942,1468.0,28.165765743088894,1.5583864118895967
23797,8981.44,23875.62,7447.089999999999,1016,1838.0,31.191190008887727,1.8090551181102361
23798,4671.0,5052.84,190.92000000000007,450,316.0,3.778469138148053,0.7022222222222222
23799,4264.0,4605.2,170.5999999999999,400,280.0,3.7045079475375644,0.7
23800,4820.8,13990.0,4584.6,524,1000.0,32.77055039313796,1.9083969465648856
23801,8741.2,15734.16,3496.4799999999996,820,984.0,22.22222222222222,1.2
23805,375.76,919.54,271.89,28,46.0,29.568044892011226,1.6428571428571428
23807,303.84,2438.7799999999997,1067.4699999999998,24,122.0,43.770655819713134,5.083333333333333
23809,631.2,239.88,-195.66000000000003,48,12.0,-81.56578289144574,0.25
23810,2838.58,2519.16,-159.71000000000004,142,84.0,-6.3398116832595015,0.5915492957746479
23820,8350.16,32487.0,12068.42,518,1300.0,37.148459383753504,2.5096525096525095
23823,4358.4,6211.5599999999995,926.5799999999999,480,444.0,14.917025674709736,0.925
23825,7925.400000000001,11719.1,1896.85,1190,890.0,16.185969912365284,0.7478991596638656
23827,10843.56,15203.62,2180.0300000000007,1092,1038.0,14.33888771226853,0.9505494505494505
23828,16343.039999999999,8781.56,-3780.74,672,244.0,-43.053170507290275,0.3630952380952381
23831,671.76,2718.3999999999996,1023.3199999999998,72,160.0,37.64420247204237,2.2222222222222223
23832,425.52,647.28,110.88,72,72.0,17.130144605116797,1.0
23840,4017.92,24034.64,10008.36,344,1336.0,41.64139758282213,3.883720930232558
23841,415.8,279.8,-68.0,44,20.0,-24.303073624017156,0.45454545454545453
23843,1152.48,1751.76,299.64,24,24.0,17.105082888066857,1.0
23848,127279.26,176996.36,24858.549999999996,11862,10764.0,14.044667359260945,0.9074355083459787
23851,9724.68,14958.74,2617.0299999999997,1428,1426.0,17.494989551258993,0.9985994397759104
23852,934.56,59.98,-437.28999999999996,48,2.0,-729.0596865621874,0.041666666666666664
23853,12038.4,10621.64,-708.3800000000001,660,436.0,-6.669214923495809,0.6606060606060606
23854,619.2,199.89999999999998,-209.65000000000003,48,10.0,-104.8774387193597,0.20833333333333334
23856,708.48,131.94,-288.27,48,6.0,-218.4856753069577,0.125
23857,1175.04,359.79999999999995,-407.62,96,20.0,-113.29071706503615,0.20833333333333334
23858,13118.88,11796.38,-661.25,906,562.0,-5.605533222903976,0.6203090507726269
23860,15470.38,1451.04,-7009.67,2182,96.0,-483.0790329694564,0.043996333638863426
23861,5712.0,9581.42,1934.71,960,858.0,20.192309699397377,0.89375
23862,1360.8000000000002,867.38,-246.7100000000001,144,62.0,-28.443127579607562,0.4305555555555556
23863,345.12,527.76,91.32,24,24.0,17.30331969076853,1.0
23866,34680.0,49411.54,7365.77,4250,4046.0,14.906983267471526,0.952
23870,27091.68,41309.54,7108.93,4398,4446.0,17.208930431082024,1.0109140518417463
23871,12608.22,17075.120000000003,2233.4500000000016,526,488.0,13.080142335749331,0.9277566539923955
23873,8317.92,7758.06,-279.92999999999984,312,194.0,-3.6082474226804098,0.6217948717948718
23874,29757.8,27545.16,-1106.3199999999997,764,484.0,-4.016386181819237,0.6335078534031413
23875,5579.679999999999,5217.0,-181.3399999999997,172,100.0,-3.4759440291355124,0.5813953488372093
23876,3446.94,3336.94,-55.0,406,306.0,-1.6482166296067655,0.7536945812807881
23877,5343.12,5794.66,225.76999999999998,724,534.0,3.896173373416214,0.7375690607734806
23878,8133.42,8720.26,293.4200000000001,958,774.0,3.3648079300387836,0.8079331941544885
23886,23839.2,31404.66,3782.7299999999996,3696,2934.0,12.045123239672073,0.7938311688311688
23887,3684.24,1091.22,-1296.5099999999998,408,78.0,-118.81288832682684,0.19117647058823528
23888,1899.8,1462.78,-218.51,236,122.0,-14.937994777068322,0.5169491525423728
23889,30279.24,51250.92,10485.839999999998,6282,6308.0,20.45980833124556,1.0041388092964023
23890,8335.68,1231.12,-3552.28,912,88.0,-288.54051595295346,0.09649122807017543
23891,39447.24,29855.72,-4795.759999999998,4228,3428.0,-16.063119563018404,0.8107852412488175
23894,799.2,779.22,-9.990000000000009,120,78.0,-1.2820512820512833,0.65
23895,18392.399999999998,28621.56,5114.580000000002,3406,3444.0,17.86967586672425,1.0111567821491485
23896,606.4,5118.06,2255.8300000000004,80,394.0,44.07588031402524,4.925
23897,9295.52,13975.26,2339.87,872,874.0,16.742944317315025,1.0022935779816513
23898,2288.16,10024.099999999999,3867.9699999999993,252,590.0,38.586706038447346,2.3412698412698414
23899,2527.2000000000003,3964.96,718.8799999999999,312,304.0,18.130826036076023,0.9743589743589743
23900,6674.9400000000005,10215.48,1770.2699999999995,846,852.0,17.32928849158336,1.0070921985815602
23902,1136.16,5404.62,2134.23,108,338.0,39.488992750646666,3.1296296296296298
23904,1498.8,1805.08,153.14,120,92.0,8.483834511489794,0.7666666666666667
23905,63.96,287.64,111.83999999999999,12,36.0,38.88193575302461,3.0
23916,250.8,383.76,66.47999999999999,24,24.0,17.32332707942464,1.0
23917,32667.48,47831.2,7581.859999999999,1762,1680.0,15.851285353493116,0.9534619750283768
23919,20509.34,33332.18,6411.42,1466,1382.0,19.234925528423283,0.9427012278308322
23920,281.28,653.88,186.3,48,52.0,28.491466324096166,1.0833333333333333
23921,2469.6,4498.5,1014.45,126,150.0,22.55085028342781,1.1904761904761905
23924,16644.32,23967.34,3661.51,2702,2666.0,15.277081228037822,0.9866765358993338
23925,266.8,3218.42,1475.81,46,358.0,45.85510902865381,7.782608695652174
23926,1610.3999999999999,2398.8,394.20000000000016,120,120.0,16.433216608304157,1.0
23928,1264.56,1677.6,206.51999999999998,264,240.0,12.310443490701001,0.9090909090909091
23929,1789.44,2516.3999999999996,363.4799999999998,384,360.0,14.444444444444438,0.9375
23932,1693.44,769.56,-461.94000000000005,144,44.0,-60.026508654295974,0.3055555555555556
23933,13771.08,14467.46,348.1899999999996,622,454.0,2.406711337028059,0.729903536977492
23934,857.52,431.76,-212.88,72,24.0,-49.305169538632576,0.3333333333333333
23935,720.02,1485.02,382.5,74,98.0,25.75722885887059,1.3243243243243243
23936,2603.04,1902.7,-350.16999999999996,264,130.0,-18.40384716455563,0.49242424242424243
23937,708.48,263.88,-222.3,48,12.0,-84.24283765347886,0.25
23938,3284.6,3828.3199999999997,271.8599999999999,220,168.0,7.10128724871484,0.7636363636363637
23939,534.96,43.96,-245.50000000000003,72,4.0,-558.4622383985442,0.05555555555555555
23943,14182.42,18640.88,2229.2300000000005,3434,3112.0,11.958823832351264,0.9062317996505533
23944,1688.54,11495.4,4903.43,98,460.0,42.655583972719526,4.6938775510204085
23945,52.04,1253.34,600.65,4,66.0,47.923947213046745,16.5
23946,897.6,5717.139999999999,2409.7699999999995,66,286.0,42.14992111440335,4.333333333333333
23947,24922.8,37280.46,6178.83,1610,1554.0,16.573910300463034,0.9652173913043478
23948,50.3,7875.9800000000005,3912.84,2,202.0,49.68067465889959,101.0
23949,1349.92,5874.12,2262.1,208,588.0,38.509598033407556,2.826923076923077
23950,693.72,6989.64,3147.96,94,636.0,45.0375126615963,6.76595744680851
23951,1237.6,6264.3,2513.3500000000004,170,570.0,40.12180131858309,3.3529411764705883
23954,9488.38,14665.32,2588.4700000000003,1462,1468.0,17.65027970750042,1.0041039671682626
23957,16424.100000000002,24174.72,3875.3099999999995,1738,1728.0,16.03042351679771,0.9942462600690449
23959,12040.08,10761.24,-639.4200000000001,454,276.0,-5.941880303756817,0.6079295154185022
23961,146.64,2639.52,1246.44,4,48.0,47.22222222222223,12.0
23962,303.84,2510.7999999999997,1103.4799999999998,24,120.0,43.949338856141466,5.0
23964,1035.26,2023.12,493.92999999999995,74,88.0,24.414271026928702,1.1891891891891893
23965,1676.1999999999998,3555.8999999999996,939.8499999999999,170,210.0,26.430720773925025,1.2352941176470589
23966,1142.3999999999999,1259.1,58.35000000000002,120,90.0,4.634262568501313,0.75
23968,4515.42,6834.3,1159.44,546,570.0,16.96501470523682,1.043956043956044
23969,1785.24,3372.94,793.85,324,566.0,23.53584706517163,1.7469135802469136
23973,40689.6,63337.52,11323.96,3920,3848.0,17.878754962303546,0.9816326530612245
23974,34920.0,52530.659999999996,8805.329999999998,3104,3134.0,16.762267978357777,1.0096649484536082
23975,653.76,475.66,-89.04999999999998,72,34.0,-18.7213555901274,0.4722222222222222
23979,1243.12,1362.76,59.82000000000005,164,124.0,4.3896210631365795,0.7560975609756098
23982,250.8,383.76,66.47999999999999,24,24.0,17.32332707942464,1.0
23983,6866.860000000001,7522.86,327.99999999999955,154,114.0,4.360043919466793,0.7402597402597403
23984,17116.96,21885.4,2384.220000000001,1736,1460.0,10.894112056439457,0.8410138248847926
23987,63588.4,67453.32,1932.4600000000028,7394,6268.0,2.8648849307936253,0.8477143629970246
23988,253.08,1894.14,820.5300000000001,38,186.0,43.31939560961703,4.894736842105263
23989,215.04,363.72,74.34000000000002,24,28.0,20.438799076212476,1.1666666666666667
23990,762.0799999999999,4556.38,1897.15,88,362.0,41.63722077614246,4.113636363636363
23991,14888.599999999999,21705.52,3408.460000000001,1510,1448.0,15.703194394789902,0.9589403973509933
23996,22420.2,31224.379999999997,4402.089999999998,1738,1562.0,14.098246306251713,0.8987341772151899
23997,4766.4,7996.0,1614.8000000000002,360,400.0,20.195097548774392,1.1111111111111112
23998,540.0,5914.08,2687.04,80,592.0,45.43462381300219,7.4
24001,1024.3200000000002,1461.1399999999999,218.40999999999985,88,86.0,14.94791737958032,0.9772727272727273
24002,90738.74,148942.8,29102.02999999999,19598,20120.0,19.53906466106451,1.02663537095622
24003,19385.8,36375.86,8495.03,4270,4414.0,23.353482226949414,1.0337236533957845
24004,476.64,509.66,16.51000000000002,48,34.0,3.2394145116352115,0.7083333333333334
24005,193.2,59.96,-66.61999999999999,24,4.0,-111.10740493662439,0.16666666666666666
24006,190.4,1049.7,429.65000000000003,8,30.0,40.93074211679528,3.75
24012,376.64,3048.7799999999997,1336.07,22,122.0,43.82310301169648,5.545454545454546
24013,205.2,2858.8999999999996,1326.85,12,110.0,46.41120710762881,9.166666666666666
24014,31071.76,42256.1,5592.17,3422,2990.0,13.233994618528449,0.8737580362361193
24015,1134.3600000000001,2734.56,800.0999999999999,92,144.0,29.25882043180621,1.565217391304348
24018,24940.02,39209.4,7134.6900000000005,998,1060.0,18.196376379133575,1.062124248496994
24020,14022.0,22168.22,4073.1100000000006,1900,1978.0,18.37364479421442,1.0410526315789475
24022,10220.96,13610.92,1694.9800000000005,1016,908.0,12.453089137251563,0.8937007874015748
24023,291.36,431.52,70.07999999999998,48,48.0,16.240266963292544,1.0
24024,12074.58,15272.359999999999,1598.8899999999994,882,764.0,10.469174377764794,0.8662131519274376
24026,652.8,639.36,-6.71999999999997,96,64.0,-1.0510510510510465,0.6666666666666666
24029,40429.4,57620.2,8595.399999999998,3910,3980.0,14.917338016876021,1.0179028132992327
24030,799.1999999999999,181.89999999999998,-308.65,72,10.0,-169.68114348543156,0.1388888888888889
24033,6129.9,9072.26,1471.1800000000003,1946,1894.0,16.21624600705888,0.9732785200411099
24035,782.88,1116.8000000000002,166.9600000000001,336,320.0,14.949856733524362,0.9523809523809523
24040,878.0,1013.22,67.61000000000001,100,78.0,6.672785772092933,0.78
24043,456.96,195.86,-130.54999999999998,48,14.0,-66.65475339528233,0.2916666666666667
24044,235.2,359.76,62.28,24,24.0,17.311541027351566,1.0
24047,9094.4,14024.4,2465.0,1568,1560.0,17.576509511993383,0.9948979591836735
24048,6874.200000000001,9870.12,1497.96,1026,988.0,15.176715176715176,0.9629629629629629
24049,8415.84,12082.56,1833.3599999999997,1424,1344.0,15.173605593516603,0.9438202247191011
24050,10039.2,13457.64,1709.2199999999993,1128,1036.0,12.700740991734058,0.9184397163120568
24051,1851.6399999999999,2743.42,445.8900000000001,476,458.0,16.253070984391748,0.9621848739495799
24052,2977.38,3987.34,504.98,306,266.0,12.664583406481514,0.869281045751634
24053,648.0,1078.92,215.46000000000004,96,108.0,19.969969969969974,1.125
24054,757.4399999999999,831.48,37.02000000000004,72,52.0,4.452301919468903,0.7222222222222222
24055,1567.4399999999998,2254.3199999999997,343.43999999999994,168,168.0,15.23474928137975,1.0
24056,16409.12,23433.66,3512.2700000000004,1288,1234.0,14.988140990353195,0.9580745341614907
24060,757.44,143.94,-306.75,48,6.0,-213.10962901208836,0.125
24062,992.64,659.5600000000001,-166.53999999999996,96,44.0,-25.250166777851895,0.4583333333333333
24063,776.1600000000001,131.92,-322.12000000000006,72,8.0,-244.17828987265017,0.1111111111111111
24064,694.8,419.7,-137.54999999999998,72,30.0,-32.77340957827019,0.4166666666666667
24065,361.44,175.84,-92.8,48,16.0,-52.77525022747952,0.3333333333333333
24066,157.95999999999998,197.82,19.930000000000007,22,18.0,10.074815488828232,0.8181818181818182
24075,2768.88,4128.42,679.77,498,498.0,16.46562123039807,1.0
24086,141043.56,212681.24,35818.84,19754,17604.0,16.841560637882306,0.8911612837906246
24088,204295.0,353621.2,74663.1,23348,22872.0,21.113864214023366,0.9796128148021244
24090,11056.1,8457.18,-1299.46,506,282.0,-15.365169004325319,0.5573122529644269
24094,30491.04,45868.38,7688.669999999998,6672,6562.0,16.762462506851122,0.9835131894484412
24095,2451.6,3630.9,589.6500000000001,908,910.0,16.239775262331655,1.002202643171806
24096,44804.28,68054.64,11625.18,9804,9736.0,17.082126949756844,0.993064055487556
24097,3155.96,4907.7,875.8699999999999,1228,1230.0,17.84685290461927,1.001628664495114
24098,18835.72,28533.18,4848.73,4042,4082.0,16.993303935979093,1.0098960910440375
24099,1310.0,1803.48,246.74,500,452.0,13.681327211834898,0.904
24101,128.64,15756.28,7813.820000000001,24,1972.0,49.59178181652015,82.16666666666667
24103,275.52,16.98,-129.26999999999998,48,2.0,-761.3074204946995,0.041666666666666664
24104,698.4000000000001,407.52,-145.44000000000005,120,48.0,-35.68904593639577,0.4
24106,5033.7,6648.1,807.2000000000003,210,190.0,12.1418149546487,0.9047619047619048
24109,11093.76,15796.84,2351.54,324,316.0,14.886141785319088,0.9753086419753086
24111,5988.2,3344.28,-1321.9599999999998,790,372.0,-39.52898680732474,0.4708860759493671
24118,6414.78,10259.28,1922.2500000000005,646,672.0,18.73669497274663,1.0402476780185759
24119,6412.5,20698.4,7142.950000000001,750,1560.0,34.5096722451977,2.08
24121,7383.160000000001,3106.52,-2138.3200000000006,524,148.0,-68.8332925588762,0.2824427480916031
24123,10709.2,17015.66,3153.2299999999996,1640,1634.0,18.531341129289135,0.9963414634146341
24124,1031.9,4255.72,1611.91,170,428.0,37.8763170509338,2.5176470588235293
24125,3058.24,8149.16,2545.46,304,484.0,31.23585743806724,1.5921052631578947
24127,370.79999999999995,319.6,-25.599999999999966,72,40.0,-8.010012515644545,0.5555555555555556
24129,250.56,191.76000000000002,-29.39999999999999,48,24.0,-15.331664580725901,0.5
24130,376.32,0.0,-188.16,48,0.0,-inf,0.0
24132,97.68,143.76,23.039999999999992,24,24.0,16.02671118530884,1.0
24134,155.76,159.84,2.0400000000000063,24,16.0,1.27627627627628,0.6666666666666666
24135,308.6,3172.62,1432.01,20,138.0,45.136511778908286,6.9
24136,360.72,2253.02,946.15,24,98.0,41.99474483138188,4.083333333333333
24139,20337.600000000002,19115.1,-611.2500000000018,1784,1290.0,-3.1977337288321896,0.7230941704035875
24142,3640.7999999999997,1055.52,-1292.6399999999999,240,48.0,-122.46475670759436,0.2
24143,473.04,139.86,-166.59,72,14.0,-119.1119691119691,0.19444444444444445
24144,2366.88,2899.6,266.3599999999999,48,40.0,9.186094633742583,0.8333333333333334
24145,459.84,671.04,105.6,96,96.0,15.736766809728184,1.0
24146,45545.6,46696.64,575.5200000000004,3440,2336.0,1.2324655478424154,0.6790697674418604
24147,1134.72,1756.24,310.76,192,176.0,17.694620325240283,0.9166666666666666
24148,231.84,347.76,57.959999999999994,24,24.0,16.666666666666664,1.0
24149,864.64,1559.22,347.29,64,78.0,22.273316145252114,1.21875
24151,55312.18,107592.1,26139.960000000003,7546,9790.0,24.295426894725544,1.2973760932944607
24152,11014.08,14650.14,1818.0299999999997,1192,1086.0,12.40964250170988,0.9110738255033557
24153,10777.92,15250.26,2236.17,1236,1174.0,14.663159841209264,0.9498381877022654
24154,37.82,335.88,149.03,2,12.0,44.37001309991664,6.0
24156,3354.0,4605.66,625.8299999999999,260,234.0,13.588280507028308,0.9
24158,838.24,349.85999999999996,-244.19000000000003,52,14.0,-69.79649002458129,0.2692307692307692
24159,1621.44,3999.6,1189.08,24,40.0,29.72997299729973,1.6666666666666667
24161,510.84,131.98,-189.43,12,2.0,-143.52932262464012,0.16666666666666666
24165,1324.56,4249.5,1462.47,24,50.0,34.415107659724676,2.0833333333333335
24166,402.64,4799.36,2198.3599999999997,8,64.0,45.8052740365382,8.0
24170,1246.56,3279.1800000000003,1016.3100000000002,48,82.0,30.992809177904235,1.7083333333333333
24174,213.6,0.0,-106.8,24,0.0,-inf,0.0
24175,181.6,279.8,49.10000000000001,20,20.0,17.548248749106506,1.0
24178,2244.6,5939.46,1847.43,30,54.0,31.104342819044156,1.8
24180,6528.6,3621.0,-1453.8000000000002,270,100.0,-40.14913007456504,0.37037037037037035
24181,2596.8,3683.5,543.3499999999999,48,50.0,14.750916248133567,1.0416666666666667
24182,3874.38,6195.32,1160.4699999999998,62,68.0,18.73139724824545,1.096774193548387
24183,2903.6800000000003,1647.8,-627.9400000000002,52,20.0,-38.1077800703969,0.38461538461538464
24185,4554.72,8741.06,2093.1699999999996,72,94.0,23.946409245560606,1.3055555555555556
24188,214280.1,394969.52,90344.71,25062,25208.0,22.87384353101475,1.0058255526294788
24191,220.64,1359.36,569.3599999999999,16,64.0,41.88441619585687,4.0
24193,44216.04,69277.73999999999,12530.849999999995,3116,3026.0,18.087844666988264,0.9711168164313222
24195,391.92,1945.26,776.67,24,74.0,39.926282347860955,3.0833333333333335
24197,661.92,39.98,-310.96999999999997,48,2.0,-777.8139069534768,0.041666666666666664
24198,917.28,645.66,-135.81,72,34.0,-21.034290493448566,0.4722222222222222
24200,13.78,19.98,3.1000000000000005,2,2.0,15.515515515515519,1.0
24202,4070.5199999999995,2435.86,-817.3299999999997,36,14.0,-33.55406304138989,0.3888888888888889
24203,163.88,3409.32,1622.72,34,268.0,47.59658817594124,7.882352941176471
24205,1116.84,15948.380000000001,7415.77,164,1462.0,46.49857853901149,8.914634146341463
24206,239.76,239.84,0.04000000000000625,24,16.0,0.016677785190129357,0.6666666666666666
24207,783.84,399.84,-192.00000000000003,48,16.0,-48.01920768307324,0.3333333333333333
24208,15114.300000000001,26272.24,5578.97,2490,2576.0,21.23522775370505,1.0345381526104418
24211,179.16,275.88,48.36,12,12.0,17.52936059156155,1.0
24216,2932.52,4402.8,735.1400000000001,334,320.0,16.697101844280915,0.9580838323353293
24218,1715.04,1073.3999999999999,-320.82000000000005,144,60.0,-29.88820570150923,0.4166666666666667
24222,1160.4,1469.02,154.30999999999995,120,98.0,10.504281766075339,0.8166666666666667
24227,363.84,527.52,81.84,48,48.0,15.514103730664242,1.0
24237,965.76,689.54,-138.11,96,46.0,-20.02929489224701,0.4791666666666667
24241,6176.5199999999995,5667.0,-254.75999999999976,532,400.0,-4.495500264690308,0.7518796992481203
24243,2985.3999999999996,5413.339999999999,1213.9699999999998,230,266.0,22.42552656954856,1.1565217391304348
24244,1389.12,11323.279999999999,4967.08,96,472.0,43.866088271242965,4.916666666666667
24249,323.52,479.04,77.76000000000002,96,96.0,16.23246492985972,1.0
24251,518.4,543.32,12.460000000000036,96,68.0,2.293307811234638,0.7083333333333334
24252,615.6,735.08,59.74000000000001,114,92.0,8.127006584317353,0.8070175438596491
24253,28819.2,36147.479999999996,3664.1399999999976,2370,2052.0,10.13664023052229,0.8658227848101265
24260,73.08,2013.6200000000001,970.2700000000001,2,38.0,48.18535771396788,19.0
24265,12371.02,21880.7,4754.84,878,930.0,21.730749016256333,1.0592255125284737
24273,250.8,2718.2200000000003,1233.71,24,178.0,45.3866868759703,7.416666666666667
24274,619.2,1155.3999999999999,268.0999999999999,48,60.0,23.20408516531071,1.25
24275,279.36,791.56,256.09999999999997,24,44.0,32.35383293749052,1.8333333333333333
24276,1706.6,2014.32,153.86,212,168.0,7.638309702529887,0.7924528301886793
24279,648.9,2659.62,1005.3599999999999,14,38.0,37.800888848782904,2.7142857142857144
24280,1397.04,6119.28,2361.12,24,72.0,38.584931560575754,3.0
24281,10630.08,8659.14,-985.4700000000003,144,86.0,-11.380691385056718,0.5972222222222222
24282,3428.48,5939.82,1255.6699999999998,16,18.0,21.139866191231384,1.125
24285,1643.46,7974.3,3165.42,182,570.0,39.695271058274706,3.131868131868132
24286,83048.0,129724.48,23338.239999999998,5600,5552.0,17.990621353810784,0.9914285714285714
24287,501.6,479.7,-10.950000000000017,48,30.0,-2.282676672920579,0.625
24288,8896.44,11869.2,1486.38,1246,1080.0,12.523000707714083,0.8667736757624398
24289,45811.56,46602.840000000004,395.64000000000306,4782,3116.0,0.8489611362741049,0.6516102049351735
24290,15944.64,20815.9,2435.630000000001,1954,1610.0,11.700815242194674,0.8239508700102354
24291,8632.8,28100.379999999997,9733.789999999999,720,1562.0,34.63935363151673,2.1694444444444443
24292,10262.560000000001,13385.82,1561.6299999999992,1372,1218.0,11.666300607657949,0.8877551020408163
24294,27076.28,38060.96,5492.34,2086,1904.0,14.430376953182474,0.912751677852349
24295,324.72,531.5600000000001,103.42000000000002,44,44.0,19.45594100383776,1.0
24297,22260.28,27992.72,2866.220000000001,2996,2528.0,10.239162182167368,0.8437917222963952
24298,473.40000000000003,719.4,122.99999999999997,60,60.0,17.097581317764803,1.0
24299,12159.84,21600.38,4720.27,2068,2362.0,21.85271740589749,1.1421663442940038
24301,31715.06,44897.72,6591.33,5798,5028.0,14.680767753908217,0.867195584684374
24303,94640.34,127767.42,16563.54,18966,17158.0,12.963821293409541,0.904671517452283
24304,6385.200000000001,8981.58,1298.1899999999996,680,642.0,14.453915680759952,0.9441176470588235
24305,916.76,5806.66,2444.95,82,334.0,42.105961086063246,4.073170731707317
24309,745.44,275.88,-234.78000000000003,48,12.0,-85.10221835580688,0.25
24310,71438.2,112398.68000000001,20480.240000000005,10940,11932.0,18.22106807660019,1.0906764168190128
24311,4126.24,10030.859999999999,2952.3099999999995,68,114.0,29.432272008581517,1.6764705882352942
24312,1476.42,10998.9,4761.24,22,110.0,43.28832883288329,5.0
24313,5766.12,8879.88,1556.8799999999997,12,12.0,17.53266936039676,1.0
24314,56.76,6422.54,3182.89,2,146.0,49.558118750525495,73.0
24319,1599.84,399.96,-599.9399999999999,24,4.0,-150.0,0.16666666666666666
24322,920.9200000000001,11297.74,5188.41,28,226.0,45.92431760688421,8.071428571428571
24323,6897.540000000001,25218.06,9160.26,78,194.0,36.32420574778551,2.4871794871794872
24325,898122.24,1316576.26,209227.01,82548,78774.0,15.891750167210217,0.9542811455153365
24327,467827.2,647093.9199999999,89633.35999999996,35712,31408.0,13.851677048673238,0.8794802867383512
24328,2431.2,7129.540000000001,2349.1700000000005,24,46.0,32.94981162880074,1.9166666666666667
24329,3797.08,5939.700000000001,1071.3100000000004,28,30.0,18.036432816472217,1.0714285714285714
24330,453.74,11559.54,5552.900000000001,14,246.0,48.03737865001549,17.571428571428573
24331,1584.0,11710.08,5063.04,40,192.0,43.23659616330546,4.8
24332,514.14,305.76,-104.19,66,24.0,-34.075745682888545,0.36363636363636365
24334,1272.32,1636.74,182.21000000000004,142,126.0,11.13249508168677,0.8873239436619719
24335,8181.759999999999,11595.66,1706.9500000000003,1024,834.0,14.720593739381806,0.814453125
24336,909.5999999999999,769.3,-70.14999999999998,120,70.0,-9.1186793188613,0.5833333333333334
24337,2381.7599999999998,3837.44,727.8400000000001,288,256.0,18.96681120747165,0.8888888888888888
24341,556.2,2519.64,981.7199999999999,12,36.0,38.96270895842263,3.0
24346,649.74,911.76,131.01,26,24.0,14.36891287180837,0.9230769230769231
24347,3160.56,3140.02,-10.269999999999982,312,198.0,-0.3270679804587226,0.6346153846153846
24349,1064.4,3189.42,1062.51,30,58.0,33.31358052561281,1.9333333333333333
24353,4614.96,8574.46,1979.7499999999995,402,354.0,23.08891755282548,0.8805970149253731
24357,70624.8,97830.0,13602.599999999999,5770,5400.0,13.904323827046916,0.9358752166377816
24359,389.28,391.92,1.3200000000000216,12,8.0,0.3368034292712853,0.6666666666666666
24361,7861.759999999999,11653.52,1895.8800000000006,256,248.0,16.26873253746508,0.96875
24363,5932.86,2183.16,-1874.85,366,84.0,-85.87781014675974,0.22950819672131148
24365,650.56,599.76,-25.399999999999977,38,24.0,-4.235027344271038,0.631578947368421
24367,330.96,159.92,-85.52,24,8.0,-53.476738369184595,0.3333333333333333
24368,1199.04,1823.04,312.0,96,96.0,17.114270668773038,1.0
24369,64005.159999999996,127621.56,31808.2,7796,10644.0,24.923845155943873,1.3653155464340687
24370,249.12,431.76,91.32,24,24.0,21.150639244024457,1.0
24371,125.4,159.9,17.25,12,10.0,10.787992495309568,0.8333333333333334
24377,8163.12,17954.02,4895.450000000001,2408,3598.0,27.26659544770475,1.494186046511628
24378,45116.64,65894.04,10388.699999999997,6596,6596.0,15.765765765765764,1.0
24379,23864.04,60351.54,18243.75,2718,4646.0,30.229137483484266,1.7093451066961
24385,2095.8,4283.860000000001,1094.0300000000002,10,14.0,25.53841628811399,1.4
24387,348.91999999999996,3198.3999999999996,1424.7399999999998,26,160.0,44.54539769884942,6.153846153846154
24388,54.4,1998.9999999999998,972.2999999999998,4,100.0,48.63931965982991,25.0
24392,943.16,12020.66,5538.75,38,334.0,46.0769209011818,8.789473684210526
24393,446.76,1619.7,586.47,12,30.0,36.20855714021115,2.5
24396,6465.679999999999,3779.8,-1342.9399999999996,52,20.0,-35.52939308958145,0.38461538461538464
24398,23689.2,33980.0,5145.4,2078,2000.0,15.142436727486755,0.9624639076034649
24404,11093.34,7217.98,-1937.6800000000003,1406,602.0,-26.845183832595833,0.42816500711237554
24406,3284.4,3770.3599999999997,242.9799999999998,210,164.0,6.444477450429131,0.780952380952381
24408,4868.799999999999,6133.86,632.5300000000002,716,614.0,10.31210363457921,0.8575418994413407
24410,1774.08,1115.3799999999999,-329.35,144,62.0,-29.52805321953057,0.4305555555555556
24411,324.24,1999.5,837.63,12,50.0,41.89197299324831,4.166666666666667
24415,317.76,1799.3999999999999,740.8199999999999,16,60.0,41.17039013004335,3.75
24416,7967.36,11145.42,1589.0300000000002,944,858.0,14.257246474336545,0.9088983050847458
24417,94.08,35.94,-29.07,24,6.0,-80.88480801335561,0.25
24418,6519.04,8561.88,1021.4199999999996,704,612.0,11.929856526837561,0.8693181818181818
24419,189757.96,297780.74,54011.39,28154,26526.0,18.137972925985743,0.9421751793706046
24422,5402.24,3229.82,-1086.2099999999998,46,18.0,-33.63066672446141,0.391304347826087
24423,2941.44,0.0,-1470.72,48,0.0,-inf,0.0
24424,1220.9,6589.94,2684.5199999999995,58,206.0,40.73663796635477,3.5517241379310347
24425,2337.12,99.98,-1118.57,72,2.0,-1118.7937587517504,0.027777777777777776
24426,6985.66,4139.16,-1423.25,226,84.0,-34.38499598952445,0.37168141592920356
24427,12629.76,11135.039999999999,-747.3600000000006,192,96.0,-6.711785498749897,0.5
24429,6075.0,37192.98,15558.990000000002,750,3102.0,41.83313625313164,4.136
24430,436.23999999999995,594.98,79.37000000000003,76,62.0,13.33994419980504,0.8157894736842105
24432,916.3,4009.54,1546.62,154,446.0,38.573502197259536,2.896103896103896
24438,16.2,23.98,3.8900000000000006,2,2.0,16.22185154295246,1.0
24439,17746.3,20494.4,1374.050000000001,1430,1360.0,6.704514403934739,0.951048951048951
24441,2303.96,1509.84,-397.06000000000006,478,216.0,-26.298150797435493,0.45188284518828453
24442,2814.24,1551.78,-631.2299999999999,624,222.0,-40.6778022657851,0.3557692307692308
24447,447.84,83.94,-181.95,48,6.0,-216.76197283774124,0.125
24449,496.32,531.6999999999999,17.68999999999997,48,30.0,3.3270641339100946,0.625
24450,595.68,493.73999999999995,-50.97,48,26.0,-10.323247053104874,0.5416666666666666
24451,4021.92,9600.08,2789.08,266,392.0,29.052674561045322,1.4736842105263157
24452,742.8399999999999,3968.6,1612.88,98,340.0,40.64103210200071,3.4693877551020407
24453,78075.8,126612.12,24268.159999999996,5060,5388.0,19.167327740819758,1.0648221343873518
24454,1056.72,8130.299999999999,3536.7899999999995,74,370.0,43.50134681377071,5.0
24455,287082.36,471463.82,92190.73000000001,24516,23464.0,19.554147336268564,0.9570892478381465
24456,71098.59999999999,146123.34,37512.37,8660,9358.0,25.67171678391693,1.0806004618937644
24458,22329.84,37072.82,7371.49,842,918.0,19.883812453436235,1.0902612826603326
24465,3569.72,5117.44,773.8599999999999,266,256.0,15.122014132066033,0.9624060150375939
24476,254.60000000000002,1578.42,661.9100000000001,38,158.0,41.93497294763118,4.157894736842105
24478,295.2,279.24,-7.97999999999999,144,156.0,-2.85775676837129,1.0833333333333333
24479,13.8,21.48,3.84,12,12.0,17.877094972067038,1.0
24483,5966.04,6818.76,426.3600000000001,166,124.0,6.2527497668197745,0.7469879518072289
24486,9117.699999999999,5886.9,-1615.3999999999996,730,310.0,-27.440588425147354,0.4246575342465753
24487,913.92,167.94,-372.99,48,6.0,-222.09717756341553,0.125
24489,40117.88,56690.2,8286.16,3212,2780.0,14.616565120602857,0.8655043586550436
24491,2015.28,1007.76,-503.76,72,24.0,-49.988092402953086,0.3333333333333333
24492,599.52,0.0,-299.76,48,0.0,-inf,0.0
24493,55438.56,141435.0,42998.22,3756,5900.0,30.40139993636653,1.5708200212992545
24494,2992.0,4075.92,541.96,440,408.0,13.29662996329663,0.9272727272727272
24495,1119.84,3848.9,1364.5300000000002,48,110.0,35.452466938605845,2.2916666666666665
24496,2971.08,4367.58,698.25,42,42.0,15.987114145590922,1.0
24497,25304.4,38242.82,6469.209999999999,3124,3118.0,16.916142690314153,0.9980793854033291
24498,20091.7,28708.76,4308.529999999999,1214,1124.0,15.007718898343219,0.9258649093904449
24503,96377.02,120738.45999999999,12180.719999999994,2038,1754.0,10.088516948120752,0.8606476938174681
24510,2851.2,2878.2,13.5,264,180.0,0.46904315196998125,0.6818181818181818
24511,356.64,527.76,85.56,24,24.0,16.211914506593907,1.0
24512,2978.64,3342.48,181.92000000000007,216,152.0,5.442665326344512,0.7037037037037037
24513,1150.56,695.42,-227.57,144,58.0,-32.72410917143597,0.4027777777777778
24514,946.8000000000001,381.68,-282.56000000000006,120,32.0,-74.03060155103753,0.26666666666666666
24515,10948.74,7904.54,-1522.1,1166,866.0,-19.256022488342143,0.7427101200686106
24516,223.92,335.76,55.92,24,24.0,16.654753395282345,1.0
24518,291.84,179.89999999999998,-55.97,24,10.0,-31.11172873818789,0.4166666666666667
24520,14210.56,15769.86,779.6500000000005,1586,1214.0,4.943924676566567,0.7654476670870114
24525,340.56,0.0,-170.28,24,0.0,-inf,0.0
24527,1437.7,5637.179999999999,2099.74,110,282.0,37.24805665243969,2.5636363636363635
24528,2234.48,8540.44,3152.9800000000005,136,356.0,36.91823840457869,2.6176470588235294
24529,6596.2,3471.38,-1562.4099999999999,172,62.0,-45.008325219365204,0.36046511627906974
24530,6564.16,3749.42,-1407.37,146,58.0,-37.535672183964444,0.3972602739726027
24531,102.60000000000001,3378.7,1638.05,6,130.0,48.48166454553527,21.666666666666668
24532,2380.8,3238.8599999999997,429.02999999999975,124,114.0,13.246327411496631,0.9193548387096774
24534,5332.799999999999,3659.4599999999996,-836.6699999999998,120,54.0,-22.863209325966125,0.45
24535,42957.0,48439.6,2741.2999999999993,5550,4640.0,5.65921271026185,0.836036036036036
24539,2398.8,2099.2999999999997,-149.75000000000023,120,70.0,-7.133330157671616,0.5833333333333334
24540,1792.6999999999998,12038.279999999999,5122.789999999999,130,572.0,42.554168867977815,4.4
24545,129.6,151.62,11.010000000000005,48,38.0,7.261574990106849,0.7916666666666666
24546,3649.52,3614.94,-17.289999999999964,1372,906.0,-0.4782928623988217,0.6603498542274052
24548,5665.72,3458.1,-1103.8100000000002,394,190.0,-31.919551198635094,0.48223350253807107
24552,57928.200000000004,77806.98,9939.389999999996,8646,7702.0,12.774419467250878,0.8908165625722878
24553,603.86,0.0,-301.93,2,0.0,-inf,0.0
24554,536.92,3351.42,1407.25,62,258.0,41.98966408268734,4.161290322580645
24555,401.28000000000003,1781.34,690.03,22,66.0,38.736569099666546,3.0
24556,279.36,1223.28,471.96,24,72.0,38.58151854031783,3.0
24557,1562.84,2909.7599999999998,673.4599999999999,178,224.0,23.144864181238315,1.2584269662921348
24558,6256.0599999999995,10733.7,2238.8200000000006,842,1150.0,20.857858893019188,1.3657957244655583
24559,26.84,2038.9799999999998,1006.0699999999999,2,102.0,49.341827776633416,51.0
24560,28018.8,31130.58,1555.8900000000012,3258,2742.0,4.997947355943902,0.8416206261510129
24561,1238.4,1471.08,116.33999999999992,120,92.0,7.908475405824287,0.7666666666666667
24563,203.76,259.8,28.02000000000001,24,20.0,10.785219399538109,0.8333333333333334
24564,3943.68,2218.52,-862.5799999999999,384,148.0,-38.88087553864739,0.3854166666666667
24566,778.8,819.18,20.189999999999998,120,82.0,2.4646597817329523,0.6833333333333333
24567,15036.48,18647.02,1805.2700000000004,1656,1298.0,9.681278831684637,0.783816425120773
24568,146.88,215.76,34.44,24,24.0,15.96218020022247,1.0
24570,194.4,287.76,46.67999999999999,24,24.0,16.221851542952457,1.0
24571,421.44,77.94,-171.75,48,6.0,-220.36181678214012,0.125
24572,133.32,1999.6000000000001,933.1400000000001,4,40.0,46.66633326665333,10.0
24573,347.04,239.8,-53.620000000000005,48,20.0,-22.36030025020851,0.4166666666666667
24574,986.7,4699.06,1856.1800000000003,30,94.0,39.501091707703246,3.1333333333333333
24575,92.68,6928.02,3417.67,4,198.0,49.33112202331979,49.5
24576,7996.800000000001,7207.9400000000005,-394.4300000000003,336,206.0,-5.472159868145409,0.6130952380952381
24578,107.24,3965.1400000000003,1928.9500000000003,4,86.0,48.647714834785155,21.5
24579,20950.8,25914.76,2481.9799999999996,2040,1724.0,9.577476310797397,0.8450980392156863
24580,22270.5,25804.84,1767.17,1818,1316.0,6.84821142080323,0.7238723872387238
24583,1894.3200000000002,639.84,-627.24,72,16.0,-98.03075768942236,0.2222222222222222
24584,661.92,0.0,-330.96,24,0.0,-inf,0.0
24585,5016.48,5907.58,445.5500000000002,336,242.0,7.542005355830986,0.7202380952380952
24586,1843.2,405.85999999999996,-718.6700000000001,96,14.0,-177.07337505543788,0.14583333333333334
24587,892.98,7177.58,3142.3,198,1242.0,43.77937967950201,6.2727272727272725
24588,10934.4,12881.66,973.6300000000001,1072,834.0,7.558265006218144,0.7779850746268657
24589,645.12,467.64,-88.74000000000001,72,36.0,-18.97613548883757,0.5
24590,562.8,251.64,-155.57999999999998,120,36.0,-61.82641869337148,0.3
24591,5260.4800000000005,4265.62,-497.4300000000003,544,438.0,-11.661376306375166,0.8051470588235294
24592,68736.64,122232.66,26748.010000000002,14656,15334.0,21.882866657732887,1.0462609170305677
24593,24109.4,35295.159999999996,5592.879999999997,2380,1884.0,15.846025347384735,0.7915966386554621
24594,26643.76,43727.98,8542.110000000002,3014,2802.0,19.53465492803464,0.9296615792966157
24595,2191.64,8069.219999999999,2938.79,374,918.0,36.41975308641975,2.4545454545454546
24596,1069.92,237.89999999999998,-416.01000000000005,72,10.0,-174.8675914249685,0.1388888888888889
24599,1915.2000000000003,1607.02,-154.09000000000015,168,98.0,-9.58855521399859,0.5833333333333334
24600,536.64,815.52,139.44,48,48.0,17.098293113596235,1.0
24602,2912.64,2892.54,-10.049999999999955,192,146.0,-0.3474454977286383,0.7604166666666666
24603,24961.2,35688.1,5363.449999999999,1240,1190.0,15.028679027462932,0.9596774193548387
24604,38901.6,55690.3,8394.350000000002,7204,6970.0,15.07327128781853,0.967518045530261
24605,14579.24,25878.24,5649.500000000001,2756,2976.0,21.831082793883976,1.0798258345428158
24606,19168.3,37109.14,8970.42,3722,4286.0,24.173074342331834,1.15153143471252
24612,90687.24,180783.14,45047.950000000004,15582,14886.0,24.91822522830392,0.9553330766268772
24615,3199.2000000000003,1119.72,-1039.7400000000002,120,28.0,-92.85714285714288,0.23333333333333334
24621,13206.480000000001,28244.24,7518.88,2246,2176.0,26.62093226795977,0.968833481745325
24627,849.68,165.89999999999998,-341.89,76,10.0,-206.08197709463533,0.13157894736842105
24631,113532.90000000001,229658.1,58062.6,6770,9190.0,25.282191222517298,1.3574593796159526
24634,103316.2,154201.69999999998,25442.749999999993,10060,9030.0,16.499655970070364,0.8976143141153081
24642,165.36,0.0,-82.68,24,0.0,-inf,0.0
24643,372.6,395.34,11.369999999999976,92,66.0,2.8760054636515346,0.717391304347826
24645,2056.32,743.64,-656.3400000000001,144,36.0,-88.26044860416332,0.25
24646,736.56,3814.86,1539.15,124,434.0,40.34617259873233,3.5
24647,29418.08,32998.9,1790.4099999999999,152,110.0,5.425665704008314,0.7236842105263158
24648,46783.46,75523.84,14370.189999999999,4838,4416.0,19.027356130196768,0.9127738735014469
24650,6023.94,17602.44,5789.25,78,156.0,32.88890631071602,2.0
24655,246.48,0.0,-123.24,24,0.0,-inf,0.0
24662,21751.100000000002,21349.32,-200.89000000000124,1610,1068.0,-0.9409667380506791,0.6633540372670808
24663,27791.1,33802.86,3005.880000000001,2538,2114.0,8.892383662210833,0.8329393223010244
24664,11240.76,16803.18,2781.21,1698,1682.0,16.551688430404248,0.9905771495877503
24665,46397.2,67287.95999999999,10445.379999999997,2404,2404.0,15.52340121471954,1.0
24666,12570.18,19351.78,3390.7999999999993,2422,2422.0,17.521902377972463,1.0
24668,2730.42,4199.3,734.44,66,70.0,17.489581596932823,1.0606060606060606
24669,4206.599999999999,2879.52,-663.5399999999997,108,48.0,-23.04342390398399,0.4444444444444444
24670,7998.4800000000005,10498.5,1250.0099999999998,168,150.0,11.906558079725672,0.8928571428571429
24671,459.84,2490.22,1015.1899999999999,48,178.0,40.7670808201685,3.7083333333333335
24672,5348.7,8767.68,1709.4900000000002,630,632.0,19.497632212854484,1.0031746031746032
24673,30661.12,47853.6,8596.24,3422,3440.0,17.963622381597204,1.0052600818234951
24678,7056.0,3387.7400000000002,-1834.1299999999999,720,226.0,-54.14022327569411,0.3138888888888889
24684,9131.640000000001,9186.08,27.219999999999345,588,392.0,0.29631790709420497,0.6666666666666666
24686,47914.96,86595.62,19340.329999999998,8696,10838.0,22.33407417141883,1.2463201471941123
24691,2920.7799999999997,4583.26,831.2400000000002,74,74.0,18.13643563751566,1.0
24692,2224.38,4865.38,1320.5,262,662.0,27.140737208604467,2.5267175572519083
24694,609.28,727.44,59.08000000000004,68,56.0,8.121632024634339,0.8235294117647058
24697,54363.8,79633.44,12634.82,8114,7456.0,15.86622403854461,0.918905595267439
24699,15907.839999999998,15136.78,-385.52999999999884,512,322.0,-2.5469749841115403,0.62890625
24700,3089.04,3449.48,180.22000000000003,366,252.0,5.224555585189653,0.6885245901639344
24701,489.6,2798.2,1154.3,48,180.0,41.25151883353585,3.75
24703,19812.12,38865.68,9526.78,1284,1232.0,24.512063084963394,0.9595015576323987
24704,11227.16,12496.92,634.8800000000001,1414,1108.0,5.080291783895553,0.7835926449787836
24705,5738.88,6657.26,459.19000000000005,732,474.0,6.8975824888918265,0.6475409836065574
24706,11389.56,16838.3,2724.37,894,770.0,16.179602453929434,0.8612975391498882
24710,966.24,479.76,-243.24,72,24.0,-50.70035017508755,0.3333333333333333
24712,833.0,531.7199999999999,-150.64000000000004,68,28.0,-28.330700368615076,0.4117647058823529
24714,1190.8799999999999,215.82,-487.53,144,18.0,-225.89658048373641,0.125
24715,947.28,5805.04,2428.88,24,96.0,41.840883094690135,4.0
24717,762.24,911.24,74.5,96,76.0,8.175672709714235,0.7916666666666666
24720,667.4399999999999,2183.22,757.8899999999999,36,78.0,34.71432104872619,2.1666666666666665
24722,1993.6799999999998,2571.1,288.71000000000004,104,90.0,11.229045933647079,0.8653846153846154
24723,496.44,1559.74,531.65,12,26.0,34.08580917332375,2.1666666666666665
24724,304.08,961.74,328.83000000000004,12,26.0,34.19115353421923,2.1666666666666665
24725,1554.2,2645.58,545.6899999999999,38,42.0,20.626478881757496,1.105263157894737
24727,906.36,5299.0,2196.32,26,100.0,41.44782034346103,3.8461538461538463
24728,391.56,2638.7999999999997,1123.62,26,120.0,42.580718508412915,4.615384615384615
24732,988.08,3527.44,1269.68,24,56.0,35.99437552445966,2.3333333333333335
24734,248.16,719.52,235.68,24,48.0,32.755170113408944,2.0
24736,13276.68,23619.98,5171.65,498,602.0,21.895234458284893,1.2088353413654618
24751,257.52,383.76,63.120000000000005,24,24.0,16.44777986241401,1.0
24752,11507.300000000001,17386.66,2939.6799999999994,1934,1934.0,16.907675194660733,1.0
24753,40992.64,47293.56,3150.459999999999,5408,4244.0,6.661498944042274,0.7847633136094675
24754,869.4000000000001,1287.08,208.83999999999992,92,92.0,16.225875625446744,1.0
24755,8319.72,33281.34,12480.809999999998,1068,2466.0,37.50092394116342,2.308988764044944
24757,11320.599999999999,18139.68,3409.540000000001,428,432.0,18.79603168302859,1.0093457943925233
24759,4103.16,9103.939999999999,2500.3899999999994,372,686.0,27.46492178111894,1.8440860215053763
24766,2054.0,26892.06,12419.03,200,1794.0,46.18102889849271,8.97
24768,49121.7,71731.14,11304.720000000001,4486,4486.0,15.759849906191373,1.0
24769,496.32,239.92,-128.2,24,8.0,-53.43447815938646,0.3333333333333333
24771,38485.04,74179.94,17847.45,4444,5606.0,24.059671657863298,1.2614761476147616
24772,21388.079999999998,28624.8,3618.3600000000006,2436,2120.0,12.640647270897965,0.8702791461412152
24773,289.44,17.98,-135.73,48,2.0,-754.8943270300333,0.041666666666666664
24774,6184.4400000000005,5715.6,-234.42000000000007,738,440.0,-4.101406676464414,0.5962059620596206
24775,7226.8,7040.58,-93.11000000000013,812,542.0,-1.3224762732615798,0.6674876847290641
24776,430.08,103.96,-163.06,24,4.0,-156.84878799538285,0.16666666666666666
24777,2684.6,2442.12,-121.24000000000001,310,188.0,-4.964539007092199,0.6064516129032258
24778,39757.92,62728.2,11485.14,2712,2780.0,18.309372817967038,1.0250737463126844
24779,145350.0,226078.3,40364.149999999994,21250,21170.0,17.8540576428609,0.9962352941176471
24782,7358.400000000001,19923.54,6282.57,672,1246.0,31.53340219659759,1.8541666666666667
24783,619.68,0.0,-309.84,48,0.0,-inf,0.0
24784,591.36,857.16,132.89999999999998,84,84.0,15.504689906201873,1.0
24786,139604.02,317927.22000000003,89161.60000000002,874,1278.0,28.04465751627055,1.4622425629290619
24787,23208.239999999998,43538.219999999994,10164.989999999998,1788,2178.0,23.347279700456287,1.2181208053691275
24788,34719.3,67615.92,16448.309999999998,3674,4408.0,24.326090660306033,1.1997822536744693
24789,6340.320000000001,0.0,-3170.1600000000003,504,0.0,-inf,0.0
24791,496.96000000000004,735.68,119.35999999999996,32,32.0,16.224445411048276,1.0
24792,864.0799999999999,1287.44,211.68000000000006,56,56.0,16.441931274467166,1.0
24793,95.28,143.76,24.239999999999995,24,24.0,16.861435726210345,1.0
24798,22458.4,33837.06,5689.329999999998,2680,2494.0,16.813901680583356,0.9305970149253732
24799,8208.0,7960.12,-123.94000000000005,960,588.0,-1.5570117033411564,0.6125
24800,4375.68,4051.14,-162.2700000000002,424,286.0,-4.005539181563713,0.6745283018867925
24804,4561.2,819.9,-1870.6499999999999,84,10.0,-228.15587266739846,0.11904761904761904
24805,167169.6,266726.18,49778.28999999999,24440,23982.0,18.662693703332756,0.9812602291325696
24808,334.88,505.54,85.33000000000001,46,46.0,16.878980891719745,1.0
24812,2440.84,3611.22,585.1899999999998,278,278.0,16.204772902232484,1.0
24813,54.48,78.96,12.239999999999998,24,24.0,15.501519756838904,1.0
24816,54.48,78.96,12.239999999999998,24,24.0,15.501519756838904,1.0
24817,22741.6,26619.239999999998,1938.8199999999997,1736,1476.0,7.2835287558923545,0.8502304147465438
24818,10298.64,11481.439999999999,591.3999999999996,498,456.0,5.150921835588565,0.9156626506024096
24819,5225.039999999999,3299.56,-962.7399999999996,108,44.0,-29.177829771242216,0.4074074074074074
24820,20.26,0.0,-10.13,2,0.0,-inf,0.0
24825,3134.9,3839.52,352.30999999999995,58,48.0,9.175886569154477,0.8275862068965517
24826,55198.62,46397.68,-4400.470000000001,414,232.0,-9.484245764012341,0.5603864734299517
24827,12431.96,7199.82,-2616.0699999999997,46,18.0,-36.33521393590395,0.391304347826087
24829,178069.44,267631.96,44781.26000000001,23648,23004.0,16.73240370843602,0.972767253044655
24837,72319.31999999999,104400.78,16040.730000000003,21146,20922.0,15.364569115288223,0.989406980043507
24840,106884.16,162886.22,28001.03,12664,10578.0,17.190545645911605,0.8352811118130132
24841,18390.14,23855.94,2732.8999999999996,3362,2806.0,11.455847055282668,0.834622248661511
24842,37996.0,60405.86,11204.93,8260,8688.0,18.54940894807226,1.05181598062954
24844,5008.64,2625.08,-1191.7800000000002,688,292.0,-45.39975924543253,0.42441860465116277
24845,4847.04,1060.82,-1893.1100000000001,648,118.0,-178.45723119850683,0.18209876543209877
24846,72765.0,113075.4,20155.199999999997,5940,5860.0,17.82456661661157,0.9865319865319865
24847,5783.04,2679.02,-1552.01,768,298.0,-57.93200498689819,0.3880208333333333
24853,624.48,645.66,10.589999999999975,48,34.0,1.6401821392063896,0.7083333333333334
24854,820.8000000000001,0.0,-410.40000000000003,72,0.0,-inf,0.0
24856,496.32,719.76,111.72,24,24.0,15.521840613537845,1.0
24857,1222.56,2415.98,596.71,144,202.0,24.698466046904365,1.4027777777777777
24858,4193.82,8580.22,2193.2,414,578.0,25.561116148536982,1.396135265700483
24860,12347.039999999999,8358.48,-1994.2799999999997,348,152.0,-23.859361989261206,0.4367816091954023
24863,3208.7599999999998,10939.439999999999,3865.3399999999992,194,456.0,35.33398418931865,2.350515463917526
24866,2584.56,1219.22,-682.67,264,78.0,-55.99235576844212,0.29545454545454547
24868,10606.64,13492.16,1442.7600000000002,1418,1184.0,10.693321158361599,0.8349788434414669
24872,4838.400000000001,4639.2,-99.60000000000036,126,80.0,-2.146921883083298,0.6349206349206349
24873,227.62,251.72,12.049999999999997,38,28.0,4.787064992849197,0.7368421052631579
24874,14831.92,22089.94,3629.0099999999993,1868,1806.0,16.428337967418653,0.9668094218415417
24875,225639.18000000002,329774.22000000003,52067.520000000004,49374,47178.0,15.788838800073576,0.955523149835946
24876,552.3000000000001,8092.039999999999,3769.8699999999994,42,396.0,46.58738711128467,9.428571428571429
24881,394.08,2521.94,1063.93,48,206.0,42.18696717606287,4.291666666666667
24882,2681.08,3976.7000000000003,647.8100000000002,1382,1330.0,16.290140065883776,0.9623733719247467
24883,4169.759999999999,5660.919999999999,745.5799999999999,336,308.0,13.170650706952229,0.9166666666666666
24885,6596.1,9541.3,1472.5999999999995,698,670.0,15.433955540649594,0.9598853868194842
24887,70856.0,99000.9,14072.449999999997,10420,9910.0,14.214466737171074,0.9510556621880998
24888,8900.48,18479.56,4789.540000000001,32,44.0,25.918041338646592,1.375
24895,3752.2400000000002,5702.76,975.26,124,124.0,17.10154381387258,1.0
24896,3122.22,3059.32,-31.449999999999818,102,68.0,-1.0280062236052396,0.6666666666666666
24897,14031.22,12979.199999999999,-526.0100000000002,742,480.0,-4.052715113412231,0.6469002695417789
24907,141699.74000000002,228483.68,43391.96999999999,20566,20432.0,18.9912776264808,0.9934843917144802
24913,189.0,275.88,43.44,12,12.0,15.745976511526749,1.0
24921,2496.0,1431.04,-532.48,240,96.0,-37.2093023255814,0.4
24922,2303.4,1802.8,-250.30000000000007,220,120.0,-13.883958287108946,0.5454545454545454
24923,2145.6,1349.9,-397.8499999999999,24,10.0,-29.472553522483135,0.4166666666666667
24924,4509.12,2484.68,-1012.22,84,32.0,-40.738445192137426,0.38095238095238093
24925,125.8,189.9,32.050000000000004,10,10.0,16.87730384412849,1.0
24926,82.08,819.1800000000001,368.55,12,82.0,44.990112063282794,6.833333333333333
24928,45768.8,66723.78,10477.489999999998,7430,7422.0,15.70278242629539,0.9989232839838492
24929,2060.16,10735.52,4337.68,174,448.0,40.40493613723415,2.574712643678161
24930,5090.400000000001,5932.62,421.1099999999997,180,138.0,7.098212931217568,0.7666666666666667
24932,178.32,0.0,-89.16,24,0.0,-inf,0.0
24933,71625.26,110292.42,19333.58,2758,2758.0,17.5293823455864,1.0
24934,115537.5,165429.64,24946.070000000007,11250,11036.0,15.079564943742854,0.9809777777777777
24935,35410.38,53454.340000000004,9021.980000000003,3566,3566.0,16.877918612408276,1.0
24936,2030.7,21645.56,9807.43,210,1444.0,45.309199669585816,6.876190476190477
24937,6789.42,8919.9,1065.2399999999998,594,510.0,11.942286348501662,0.8585858585858586
24938,6226.92,7515.3,644.19,588,470.0,8.571713704043752,0.7993197278911565
24939,5568.28,6532.5599999999995,482.1399999999999,428,344.0,7.380567495744393,0.8037383177570093
24942,71.32,0.0,-35.66,2,0.0,-inf,0.0
24944,2956.8,4173.679999999999,608.4399999999996,240,232.0,14.578022272910228,0.9666666666666667
24951,13831.62,12194.119999999999,-818.7500000000009,1254,1228.0,-6.714301647023327,0.9792663476874003
24952,14996.0,16136.84,570.4200000000001,1630,1716.0,3.5348928290792996,1.052760736196319
24953,71424.66,92773.7,10674.519999999997,10074,8230.0,11.505976370458434,0.8169545364304149
24955,195.84,0.0,-97.92,24,0.0,-inf,0.0
24963,1243.94,8532.119999999999,3644.0899999999992,82,388.0,42.710252551534666,4.7317073170731705
24964,1882.08,7518.12,2818.02,72,188.0,37.48304097300921,2.611111111111111
24965,1640.8400000000001,1539.56,-50.6400000000001,68,44.0,-3.2892514744472514,0.6470588235294118
24966,219.36,335.76,58.19999999999999,24,24.0,17.333809864188705,1.0
24967,3385.8,9951.7,3282.9500000000003,418,830.0,32.98883607825799,1.985645933014354
24970,443.52,539.4,47.94,72,60.0,8.887652947719689,0.8333333333333334
24971,19960.399999999998,32299.64,6169.620000000001,2780,2636.0,19.10120360474606,0.9482014388489208
24975,1128.96,9210.88,4040.9599999999996,96,512.0,43.8715953307393,5.333333333333333
24977,1456.3200000000002,2111.68,327.67999999999984,32,32.0,15.517502651916951,1.0
24980,261.12,383.84,61.359999999999985,16,16.0,15.985827428095037,1.0
24981,127.92,0.0,-63.96,8,0.0,-inf,0.0
24982,233.52,0.0,-116.76,12,0.0,-inf,0.0
24985,147.84,71.92,-37.96,24,8.0,-52.780867630700776,0.3333333333333333
24987,10180.24,6318.42,-1930.9099999999999,392,158.0,-30.560013421076786,0.4030612244897959
24990,3337.2000000000003,4619.34,641.0699999999999,72,66.0,13.877956591201338,0.9166666666666666
24991,323.2,5309.1,2492.9500000000003,8,90.0,46.95616959560001,11.25
24992,6150.6,8578.44,1213.92,170,156.0,14.150824625456377,0.9176470588235294
24993,335.91999999999996,4443.66,2053.87,26,234.0,46.22023287110174,9.0
24994,34.88,1299.5,632.31,2,50.0,48.65794536360138,25.0
24995,61931.34,90710.78,14389.720000000001,11322,11322.0,15.863296512277813,1.0
24996,175938.48,239460.30000000002,31760.910000000003,25722,23970.0,13.263538883063289,0.9318871005365057
24997,887.22,6319.82,2716.2999999999997,54,218.0,42.98065451231206,4.037037037037037
24998,3884.9999999999995,6498.419999999999,1306.7099999999998,350,358.0,20.10811858882621,1.022857142857143
24999,11509.64,18816.48,3653.42,668,752.0,19.416065066367356,1.125748502994012
25001,296.64,447.92,75.64000000000001,8,8.0,16.88694409716021,1.0
25003,718.3,4319.1,1800.4,22,90.0,41.684610219721705,4.090909090909091
25004,378.56,1451.34,536.39,26,66.0,36.95825926385272,2.5384615384615383
25005,20790.399999999998,28640.079999999998,3924.84,1780,1592.0,13.70401199996648,0.8943820224719101
25007,7091.280000000001,7808.58,358.64999999999964,196,142.0,4.593024596021295,0.7244897959183674
25008,700.92,2039.32,669.2,36,68.0,32.81485985524587,1.8888888888888888
25009,4946.280000000001,5439.32,246.51999999999953,94,68.0,4.532184170080075,0.723404255319149
25011,2242.24,3743.04,750.4000000000001,88,96.0,20.04787552363854,1.0909090909090908
25012,380.79999999999995,1759.12,689.16,28,88.0,39.17640638501069,3.142857142857143
25015,489.6,9476.84,4493.62,24,316.0,47.41686047247817,13.166666666666666
25017,1191.3600000000001,5683.26,2245.95,146,474.0,39.51869173678487,3.2465753424657535
25018,41.36,6297.9,3128.27,2,210.0,49.67163657727179,105.0
25020,421.44,3362.68,1470.62,24,132.0,43.73356965277695,5.5
25021,118896.95999999999,180325.18,30714.11,16332,16282.0,17.032624062818073,0.996938525593926
25027,1472.88,2135.76,331.44000000000005,24,24.0,15.51859759523542,1.0
25030,7296.96,2999.88,-2148.54,48,12.0,-71.62086483459338,0.25
25036,88597.98,128963.98,20183.0,11766,11578.0,15.650106332016117,0.9840217576066632
25039,14642.279999999999,26551.14,5954.43,2742,2766.0,22.426268702586782,1.0087527352297594
25043,12249.16,19287.6,3519.2199999999993,2134,2040.0,18.246023351790786,0.9559512652296157
25046,53080.2,88713.6,17816.700000000004,9564,9440.0,20.08339194892328,0.9870347135089921
25054,2562.0,5879.58,1658.79,28,42.0,28.21272948067719,1.5
25055,701.28,3599.8,1449.2600000000002,6,20.0,40.25945885882549,3.3333333333333335
25056,2322.36,5399.46,1538.55,36,54.0,28.494516118278497,1.5
25057,344.96000000000004,3167.04,1411.04,16,96.0,44.55390522380519,6.0
25058,231.95999999999998,2029.3,898.67,12,70.0,44.28472872419061,5.833333333333333
25060,1589.28,591.88,-498.7,48,12.0,-84.2569439751301,0.25
25061,563.64,2639.56,1037.96,14,44.0,39.323220536756125,3.142857142857143
25062,1676.16,1207.76,-234.20000000000005,48,24.0,-19.391269788699745,0.5
25063,220.64,4558.86,2169.1099999999997,8,114.0,47.580096778580604,14.25
25064,59.04,2199.5,1070.23,2,50.0,48.657876790179586,25.0
25069,364.68,3958.68,1797.0,18,132.0,45.39391918518294,7.333333333333333
25070,1040.16,4338.76,1649.3000000000002,44,124.0,38.013165051765945,2.8181818181818183
25071,865.2,317.94,-273.63,24,6.0,-86.06340819022456,0.25
25072,1795.68,1869.66,36.99000000000001,48,34.0,1.9784345816886497,0.7083333333333334
25076,375.68,2449.3,1036.8100000000002,16,70.0,42.33087004450252,4.375
25077,235.20000000000002,3838.72,1801.76,12,128.0,46.93647882627543,10.666666666666666
25078,52.28,2239.44,1093.58,2,56.0,48.83274390026078,28.0
25082,267.48,3210.54,1471.53,18,146.0,45.83434562410062,8.11111111111111
25083,307.8,2235.14,963.67,18,86.0,43.11452526463667,4.777777777777778
25084,5647.68,6443.679999999999,397.99999999999955,318,232.0,6.176594740893396,0.7295597484276729
25085,319.84,2519.16,1099.6599999999999,16,84.0,43.651852204703154,5.25
25086,694.96,4174.84,1739.94,28,116.0,41.67680677582853,4.142857142857143
25089,104.8,1595.5800000000002,745.3900000000001,4,42.0,46.715927750410515,10.5
25090,951.0400000000001,4310.04,1679.5,64,196.0,38.96715575725515,3.0625
25091,1588.3200000000002,1535.52,-26.40000000000009,72,48.0,-1.7192872772741543,0.6666666666666666
25104,1854.6000000000001,3571.2400000000002,858.32,60,76.0,24.034229007291586,1.2666666666666666
25105,8732.16,13439.14,2353.49,288,286.0,17.51220688228562,0.9930555555555556
25109,19176.0,23675.420000000002,2249.710000000001,2820,2258.0,9.50230238787739,0.800709219858156
25112,20.12,29.98,4.93,2,2.0,16.444296197464976,1.0
25113,8514.24,2219.4,-3147.42,336,60.0,-141.81400378480672,0.17857142857142858
25117,2492.16,3278.3599999999997,393.0999999999999,192,164.0,11.990751473297623,0.8541666666666666
25118,1252.94,1229.18,-11.879999999999995,122,82.0,-0.9664979905302717,0.6721311475409836
25119,486.24,719.52,116.63999999999999,48,48.0,16.210807204803203,1.0
25120,934.08,1049.3,57.60999999999996,96,70.0,5.490326884589723,0.7291666666666666
25124,50536.920000000006,77149.8,13306.439999999999,7078,7020.0,17.247536610593933,0.9918055948007912
25125,25239.6,32449.02,3604.710000000001,2952,2598.0,11.108840883330224,0.8800813008130082
25126,23540.719999999998,30988.98,3724.130000000001,3556,3102.0,12.01759464170812,0.8723284589426322
25130,41.36,4438.5199999999995,2198.58,2,148.0,49.534078927209976,74.0
25133,335.52,307.56,-13.97999999999999,72,44.0,-4.545454545454542,0.6111111111111112
25137,367.2,4785.339999999999,2209.0699999999997,30,266.0,46.163282023847835,8.866666666666667
25138,104059.34,121739.09999999999,8839.879999999997,7546,6090.0,7.2613318153329525,0.8070500927643784
25139,979.1999999999999,6836.58,2928.69,72,342.0,42.83852452542061,4.75
25140,397.2,5097.96,2350.38,24,204.0,46.10432408257421,8.5
25141,34609.9,44957.18,5173.639999999999,3370,2882.0,11.507928210799697,0.855192878338279
25146,8224.14,12211.8,1993.83,2426,2280.0,16.327077089372573,0.9398186314921682
25147,16150.800000000001,14839.02,-655.8900000000003,1878,1098.0,-4.420035824468195,0.5846645367412141
25148,1158.72,935.48,-111.62,96,52.0,-11.931842476589559,0.5416666666666666
25150,568.32,107.94,-230.19000000000003,48,6.0,-213.25736520289053,0.125
25151,542.16,395.64,-73.25999999999999,72,36.0,-18.51683348498635,0.5
25153,377.28000000000003,383.04,2.8799999999999955,144,96.0,0.751879699248119,0.6666666666666666
25154,34.0,3748.5,1857.25,2,150.0,49.54648526077097,75.0
25156,65.78,2299.54,1116.8799999999999,2,46.0,48.56971394278855,23.0
25157,3471.2599999999998,7716.9,2122.8199999999997,338,510.0,27.50871463929816,1.5088757396449703
25158,2897.28,14740.18,5921.45,288,982.0,40.172168860895866,3.4097222222222223
25159,394.5,4332.28,1968.8899999999999,50,372.0,45.44697018659921,7.44
25160,373.92,2533.84,1079.96,48,216.0,42.62147570485903,4.5
25161,789.0,3976.2200000000003,1593.6100000000001,100,378.0,40.078516782270604,3.78
25162,3881.02,15496.9,5807.94,118,310.0,37.478076260413374,2.6271186440677967
25163,67178.16,103462.66,18142.25,20734,20734.0,17.53507014028056,1.0
25171,508.32,767.52,129.6,48,48.0,16.885553470919323,1.0
25176,1141.44,1481.2,169.88,328,280.0,11.469079125033756,0.8536585365853658
25179,1557.48,4311.780000000001,1377.1500000000003,12,22.0,31.93924550881539,1.8333333333333333
25181,901.88,14590.48,6844.3,14,152.0,46.90935459285781,10.857142857142858
25184,34.46,3698.52,1832.03,2,148.0,49.53413797951613,74.0
25185,13096.8,16597.92,1750.5599999999995,1070,1008.0,10.5468637034038,0.9420560747663551
25186,848.6800000000001,16081.62,7616.47,98,1238.0,47.36133548734518,12.63265306122449
25187,1189.74,10924.380000000001,4867.320000000001,158,962.0,44.55465664870684,6.0886075949367084
25188,455.84000000000003,6798.74,3171.45,74,726.0,46.64761411673339,9.81081081081081
25190,3339.84,11948.68,4304.42,142,332.0,36.02423029154685,2.3380281690140845
25191,1231.4399999999998,891.28,-170.07999999999993,168,72.0,-19.082667624091187,0.42857142857142855
25192,3528.7200000000003,299.96,-1614.38,72,4.0,-538.198426456861,0.05555555555555555
25194,8265.599999999999,11145.439999999999,1439.92,720,656.0,12.91936433195998,0.9111111111111111
25195,12427.08,17158.44,2365.6799999999994,174,156.0,13.787267373957071,0.896551724137931
25196,6266.5199999999995,2015.28,-2125.62,338,72.0,-105.47516970346551,0.21301775147928995
25197,49665.0,73495.1,11915.050000000003,500,490.0,16.212033183164596,0.98
25198,12005.76,10418.14,-793.8100000000004,676,386.0,-7.619498298160712,0.5710059171597633
25199,6670.4800000000005,4554.58,-1057.9500000000003,796,342.0,-23.22826693130871,0.4296482412060301
25200,13240.24,10813.94,-1213.1499999999996,1508,806.0,-11.218390336916976,0.5344827586206896
25201,8612.539999999999,13179.06,2283.26,694,694.0,17.324907846234865,1.0
25202,90722.88,133017.06,21147.089999999997,11118,11094.0,15.898028418309648,0.9978413383702105
25203,676.4,6858.72,3091.1600000000003,76,528.0,45.06905078498612,6.947368421052632
25204,816.0,10395.84,4789.92,48,416.0,46.07535321821036,8.666666666666666
25205,568.8,875.88,153.54000000000002,12,12.0,17.529798602548297,1.0
25206,729.5999999999999,7199.2,3234.8,12,80.0,44.93277030781198,6.666666666666667
25210,48466.32000000001,56816.38,4175.029999999995,3394,2762.0,7.348285828840197,0.8137890394814379
25211,62995.799999999996,96385.8,16695.000000000004,7420,7420.0,17.32101616628176,1.0
25212,78542.88,77526.26,-508.31000000000495,7368,6374.0,-0.6556617074008277,0.8650922909880565
25216,18895.18,16418.0,-1238.5900000000001,1954,1900.0,-7.544097941283957,0.9723643807574207
25220,972.48,623.5600000000001,-174.45999999999998,96,44.0,-27.978061453589063,0.4583333333333333
25221,165.36,239.76,37.19999999999999,24,24.0,15.51551551551551,1.0
25222,975.24,1510.92,267.84000000000003,108,108.0,17.726947819871338,1.0
25224,518.4,31.98,-243.20999999999998,48,2.0,-760.5065666041276,0.041666666666666664
25225,3072.64,4059.7200000000003,493.5400000000002,32,28.0,12.156996048988605,0.875
25226,7222.320000000001,6362.52,-429.9000000000001,252,148.0,-6.756756756756757,0.5873015873015873
25228,2244.0,1507.48,-368.26,120,52.0,-24.42884814392231,0.43333333333333335
25229,2899.32,985.66,-956.8300000000002,148,34.0,-97.07505630744883,0.22972972972972974
25236,26585.28,24368.739999999998,-1108.2700000000004,2172,1526.0,-4.547916716252053,0.7025782688766115
25244,514.08,417.62,-48.23000000000002,72,38.0,-11.548776399597726,0.5277777777777778
25246,340.32,131.88,-104.22,48,12.0,-79.02638762511374,0.25
25250,223.92,335.76,55.92,24,24.0,16.654753395282345,1.0
25252,6540.3,7737.42,598.56,338,258.0,7.735911970656885,0.7633136094674556
25253,3934.48,5916.3,990.9100000000001,374,370.0,16.748812602471137,0.9893048128342246
25254,5874.24,5541.58,-166.32999999999993,696,442.0,-3.0014905496266393,0.6350574712643678
25255,8279.64,10602.66,1161.5100000000002,654,534.0,10.954892451516885,0.8165137614678899
25256,7525.8,10533.8,1503.9999999999995,678,620.0,14.277848449752224,0.9144542772861357
25257,11548.12,12909.74,680.8099999999995,556,426.0,5.273615115408982,0.7661870503597122
25258,5877.28,7734.08,928.4000000000001,674,632.0,12.004013405602219,0.9376854599406528
25259,4778.66,7275.38,1248.3600000000001,674,662.0,17.15869136732377,0.9821958456973294
25260,13566.66,19735.3,3084.3199999999997,2614,2470.0,15.628442435635638,0.944912012241775
25262,4683.12,2728.18,-977.47,456,182.0,-35.82864766987516,0.3991228070175439
25264,8544.64,31904.18,11679.77,416,982.0,36.608902031019134,2.360576923076923
25265,1336.3000000000002,7824.18,3243.94,46,182.0,41.46044697335695,3.9565217391304346
25268,1586.72,1454.88,-65.91999999999996,188,112.0,-4.530957879687668,0.5957446808510638
25269,212159.63999999998,376667.72000000003,82254.04000000002,45922,44912.0,21.837294685087432,0.9780061843996342
25270,929.88,1137.0,103.56,378,300.0,9.108179419525065,0.7936507936507936
25273,729.36,419.71999999999997,-154.82000000000002,72,28.0,-36.886495759077484,0.3888888888888889
25275,583.2,599.5,8.149999999999977,72,50.0,1.3594662218515392,0.6944444444444444
25279,322.56,5249.58,2463.5099999999998,4,42.0,46.927754220337626,10.5
25280,207.84,311.76,51.959999999999994,24,24.0,16.666666666666664,1.0
25281,22765.04,24371.1,803.0299999999988,1762,1290.0,3.295009252762489,0.7321225879682179
25282,23106.5,28624.839999999997,2759.1699999999983,1850,1516.0,9.639075711864237,0.8194594594594594
25283,1799.28,12994.8,5597.759999999999,108,520.0,43.07692307692307,4.814814814814815
25284,62255.4,85305.62,11525.109999999997,2580,2438.0,13.510375986951384,0.9449612403100776
25285,3172.46,13608.779999999999,5218.16,254,722.0,38.34406904954008,2.84251968503937
25286,2899.58,18418.239999999998,7759.329999999999,226,976.0,42.12850956443178,4.31858407079646
25288,2525.76,2239.72,-143.0200000000002,48,28.0,-6.385619631025316,0.5833333333333334
25289,51986.96,72402.42,10207.73,11156,10358.0,14.098603333976959,0.9284689852993905
25290,77498.72,109630.26,16065.769999999997,11248,10974.0,14.654503236606386,0.9756401137980085
25291,76395.95999999999,69585.31999999999,-3405.3199999999997,6156,3868.0,-4.893733333409978,0.6283300844704354
25292,19883.5,29615.3,4865.9,2470,2470.0,16.430358632193492,1.0
25293,1186.8000000000002,1439.28,126.2399999999999,92,72.0,8.771052192763042,0.782608695652174
25295,54513.68,79040.88,12263.600000000002,7912,7912.0,15.515515515515519,1.0
25301,558.72,339.79999999999995,-109.46000000000004,48,20.0,-32.21306650971161,0.4166666666666667
25302,1864.7999999999997,2072.7799999999997,103.99000000000001,168,122.0,5.016933779754726,0.7261904761904762
25304,1142.4,279.92,-431.24,48,8.0,-154.0583023721063,0.16666666666666666
25305,1183.68,1099.56,-42.06000000000006,72,44.0,-3.8251664302084527,0.6111111111111112
25306,1083.36,69.98,-506.68999999999994,48,2.0,-724.0497284938552,0.041666666666666664
25310,934.08,749.5,-92.29000000000002,96,50.0,-12.313542361574385,0.5208333333333334
25317,2352.2400000000002,1599.68,-376.2800000000001,72,32.0,-23.52220444088818,0.4444444444444444
25319,3096.0,3897.0,400.5,360,300.0,10.277136258660507,0.8333333333333334
25321,207.84,38.94,-84.45,48,6.0,-216.87211093990757,0.125
25324,1184.16,227.94,-478.11,48,6.0,-209.75256646485917,0.125
25325,608.16,73.98,-267.09,24,2.0,-361.03000811030006,0.08333333333333333
25327,1803.1999999999998,2209.22,203.01,92,78.0,9.189216103421117,0.8478260869565217
25333,3456.7999999999997,4926.5199999999995,734.8599999999999,596,548.0,14.916411584647987,0.9194630872483222
25334,1641.6,1918.08,138.24,240,192.0,7.207207207207208,0.8
25335,2083.68,6071.08,1993.7,48,92.0,32.83929712670563,1.9166666666666667
25337,12298.0,24635.5,6168.75,1100,1450.0,25.04008443100404,1.3181818181818181
25338,973.8,8398.32,3712.2599999999998,30,168.0,44.20241191095362,5.6
25339,1243.08,10566.98,4661.95,54,302.0,44.11809239726014,5.592592592592593
25341,2595.88,6719.76,2061.94,14,24.0,30.684726835482216,1.7142857142857142
25348,568.32,863.52,147.59999999999997,48,48.0,17.092829349638684,1.0
25349,690.1999999999999,0.0,-345.09999999999997,70,0.0,-inf,0.0
25351,421.52,615.5600000000001,97.02000000000004,44,44.0,15.76125804145819,1.0
25352,42968.64,31798.48,-5585.08,4576,3832.0,-17.563984190439292,0.8374125874125874
25353,3448.7999999999997,7946.32,2248.76,360,568.0,28.299388899515755,1.5777777777777777
25354,4539.360000000001,4957.5199999999995,209.07999999999947,336,248.0,4.217431296293298,0.7380952380952381
25355,718.08,87.96,-315.06,48,4.0,-358.18553888130975,0.08333333333333333
25356,2043.3600000000001,2726.7599999999998,341.6999999999998,144,124.0,12.531355894908236,0.8611111111111112
25357,1183.26,1143.48,-19.889999999999986,78,52.0,-1.739427012278307,0.6666666666666666
25358,1019.04,0.0,-509.52,24,0.0,-inf,0.0
25360,1165.3400000000001,1599.8,217.2299999999999,22,20.0,13.578572321540186,0.9090909090909091
25361,979.1999999999999,919.54,-29.829999999999984,72,46.0,-3.2440133110033265,0.6388888888888888
25364,1568.4,2399.76,415.68000000000006,24,24.0,17.32173217321732,1.0
25365,424.32,155.96,-134.18,16,4.0,-86.03488073865093,0.25
25367,430.24,233.94,-98.15,16,6.0,-41.95520218859537,0.375
25371,328.32,199.8,-64.25999999999999,48,20.0,-32.162162162162154,0.4166666666666667
25373,62136.72,100887.54,19375.409999999996,8028,7846.0,19.204958312988897,0.9773293472845043
25374,747.36,1150.56,201.59999999999997,144,144.0,17.521902377972467,1.0
25375,13333.32,18041.94,2354.3099999999995,2002,1806.0,13.04909560723514,0.9020979020979021
25376,6735.12,5717.36,-508.8800000000001,266,264.0,-8.90061147102859,0.9924812030075187
25378,1069.2,1582.02,256.40999999999997,198,198.0,16.20775969962453,1.0
25381,139.68,3024.22,1442.27,12,178.0,47.690644199165405,14.833333333333334
25382,4944.96,8743.14,1899.0899999999997,404,486.0,21.72091491157639,1.202970297029703
25383,1961.96,5361.04,1699.54,154,296.0,31.701684747735513,1.922077922077922
25386,14171.08,29594.08,7711.500000000001,428,592.0,26.057576380140894,1.3831775700934579
25387,50665.4,75544.38,12439.490000000002,7562,7562.0,16.466466466466468,1.0
25389,473.28,359.76,-56.75999999999999,48,24.0,-15.777184789859906,0.5
25390,249.12,383.76,67.32,24,24.0,17.542213883677295,1.0
25401,254.16,383.76,64.8,24,24.0,16.885553470919323,1.0
25406,275.52,0.0,-137.76,24,0.0,-inf,0.0
25411,7589.3,5449.44,-1069.9300000000003,290,256.0,-19.633760533192408,0.8827586206896552
25414,1265.04,1846.32,290.64,168,168.0,15.741583257506825,1.0
25415,3178.0,10249.58,3535.79,350,642.0,34.49692572768836,1.8342857142857143
25416,20998.399999999998,20666.72,-165.83999999999833,772,528.0,-0.8024495420656897,0.6839378238341969
25417,16352.0,30123.859999999997,6885.9299999999985,1400,1414.0,22.858723948391738,1.01
25418,6845.740000000001,9935.1,1544.6799999999998,1682,1690.0,15.547704602872642,1.004756242568371
25419,58517.759999999995,103459.48,22470.86,6272,6252.0,21.71947896896447,0.9968112244897959
25423,3329.92,20773.06,8721.57,22,94.0,41.98500365377079,4.2727272727272725
25425,595.68,863.76,134.04000000000002,24,24.0,15.518199499861074,1.0
25426,9277.68,3238.3799999999997,-3019.6500000000005,696,162.0,-93.24569692253537,0.23275862068965517
25427,9998.44,12848.94,1425.25,362,306.0,11.092354700076426,0.8453038674033149
25428,1466.8,2067.24,300.2199999999999,76,76.0,14.522745302915963,1.0
25429,340.56,527.76,93.6,24,24.0,17.735334242837652,1.0
25430,603.36,719.46,58.05000000000001,72,54.0,8.06855141356017,0.75
25431,1020.96,1318.8,148.91999999999996,144,120.0,11.292083712465875,0.8333333333333334
25432,190.08,275.76,42.83999999999999,24,24.0,15.535248041775453,1.0
25444,1291.68,3569.1,1138.71,46,90.0,31.90468185256788,1.9565217391304348
25445,17535.98,19230.379999999997,847.1999999999989,1298,962.0,4.405529167910354,0.7411402157164869
25448,3264.16,4839.56,787.7000000000003,46,44.0,16.276273049616087,0.9565217391304348
25449,2781.36,2099.94,-340.71000000000004,12,6.0,-16.224749278550817,0.5
25457,617.64,944.98,163.67000000000002,2,2.0,17.31994327922284,1.0
25458,3637.26,4689.96,526.3499999999999,242,204.0,11.222910216718263,0.8429752066115702
25459,2570.4,2045.38,-262.51,120,62.0,-12.834289960789679,0.5166666666666667
25462,623.1,8543.38,3960.1399999999994,30,262.0,46.35331683713003,8.733333333333333
25464,653.24,1005.96,176.36,4,4.0,17.531512187363315,1.0
25465,14956.26,11278.12,-1839.0699999999997,374,188.0,-16.306529811706202,0.5026737967914439
25466,1066.24,551.54,-257.35,136,46.0,-46.66026036189579,0.3382352941176471
25467,447.97999999999996,9046.38,4299.2,26,362.0,47.523981968478004,13.923076923076923
25468,551.04,107.94,-221.54999999999998,48,6.0,-205.25291828793772,0.125
25478,1167.36,899.5,-133.92999999999995,96,50.0,-14.8893829905503,0.5208333333333334
25480,25295.76,22995.48,-1150.1399999999994,1434,852.0,-5.001591617135191,0.5941422594142259
25481,1729.44,2145.42,207.99,72,58.0,9.694605252118468,0.8055555555555556
25482,3197.46,4826.78,814.6599999999999,322,322.0,16.877918612408273,1.0
25484,7217.98,10686.06,1734.04,602,594.0,16.22712206369794,0.9867109634551495
25493,1016.64,799.5,-108.57,96,50.0,-13.579737335834896,0.5208333333333334
25494,77.4,0.0,-38.7,12,0.0,-inf,0.0
25496,8200.8,12017.32,1908.2600000000002,670,668.0,15.879247619269524,0.9970149253731343
25497,5295.84,8155.92,1430.04,408,408.0,17.53376688344172,1.0
25499,405.36,599.88,97.25999999999999,12,12.0,16.213242648529704,1.0
25500,222.48,335.88,56.7,12,12.0,16.881028938906752,1.0
25502,26758.0,33886.439999999995,3564.2199999999975,1574,1356.0,10.518130556057226,0.8614993646759848
25503,25082.88,34736.1,4826.609999999999,1536,1390.0,13.895083213141369,0.9049479166666666
25504,81637.56,121571.38,19966.910000000003,11062,11062.0,16.42402183803458,1.0
25505,74104.28,108071.82,16983.770000000004,11194,10818.0,15.715262313524473,0.9664105770948722
25506,37886.76,54987.18,8550.21,7258,6882.0,15.54946080159048,0.9481950950675118
25507,4243.2,3093.42,-574.8899999999999,520,258.0,-18.584285354074126,0.49615384615384617
25508,83770.56,65195.759999999995,-9287.400000000001,6844,3624.0,-14.24540491590251,0.5295149035651666
25509,35764.3,53612.9,8924.3,6710,6710.0,16.64580725907384,1.0
25510,68796.88,92633.22,11918.169999999998,5288,4878.0,12.865978317497758,0.9224659606656581
25511,139426.56,145431.16,3002.300000000003,11466,8084.0,2.0644131560251617,0.7050409907552765
25512,308.7,4874.9400000000005,2283.1200000000003,10,106.0,46.8338071853192,10.6
25513,3419.9199999999996,4397.799999999999,488.9399999999998,248,220.0,11.117831643094272,0.8870967741935484
25514,19051.920000000002,18068.4,-491.7600000000002,564,360.0,-2.7216577007372,0.6382978723404256
25515,26649.84,38927.28,6138.719999999999,4872,4872.0,15.76971214017522,1.0
25517,29540.56,32732.18,1595.8099999999995,2996,2982.0,4.875355078702364,0.9953271028037384
25519,45524.159999999996,57802.5,6139.170000000002,4752,4750.0,10.620942000778516,0.9995791245791246
25520,30901.02,36336.66,2717.8200000000015,4274,3134.0,7.47955370691748,0.7332709405708938
25521,69479.4,67515.2,-982.0999999999985,5386,4480.0,-1.454635400620895,0.8317861121425919
25522,62812.0,89850.0,13519.0,15320,15000.0,15.046188091263216,0.97911227154047
25523,236.64,359.76,61.56,24,24.0,17.11140760507005,1.0
25524,89502.4,90680.08,588.8400000000038,6760,5992.0,0.6493598152979174,0.8863905325443787
25526,1807.8,2506.68,349.43999999999994,138,132.0,13.940351381109672,0.9565217391304348
25527,7701.839999999999,8399.44,348.80000000000064,76,56.0,4.152657796234042,0.7368421052631579
25528,7151.4,7439.38,143.99000000000024,90,62.0,1.935510754928505,0.6888888888888889
25531,79497.59999999999,100981.84,10742.120000000003,5070,4816.0,10.637675051276549,0.9499013806706115
25532,133.32,199.96,33.32000000000001,4,4.0,16.66333266653331,1.0
25535,7521.5,8735.4,606.9499999999998,614,460.0,6.948164938068089,0.749185667752443
25537,82969.2,94090.62,5560.709999999999,7278,5538.0,5.909951491445161,0.7609233305853257
25538,56434.479999999996,74002.28,8783.900000000001,6824,6172.0,11.869769417915235,0.9044548651817116
25539,78784.08,109909.98,15562.949999999997,11112,11002.0,14.159724166995568,0.990100791936645
25540,78510.6,113766.68000000001,17628.04,8308,8132.0,15.494905889844022,0.9788155994222436
25541,3749.96,5726.44,988.2399999999998,964,956.0,17.257493311725955,0.991701244813278
25542,675.5,239.88,-217.81,50,12.0,-90.79956644989161,0.24
25544,18595.48,17107.86,-743.8099999999995,2342,1614.0,-4.347767634292071,0.6891545687446626
25545,700.92,719.76,9.420000000000016,36,24.0,1.30876958986329,0.6666666666666666
25548,1227.32,299.8,-463.76,122,20.0,-154.68979319546364,0.16393442622950818
25549,159.84,239.76,39.959999999999994,24,24.0,16.666666666666664,1.0
25550,940.04,779.22,-80.40999999999997,142,78.0,-10.319293652626982,0.5492957746478874
25553,5646.0,5471.24,-87.38000000000011,120,76.0,-1.5970785416103135,0.6333333333333333
25554,102587.36,85349.36,-8619.0,11224,10664.0,-10.098494001595325,0.9501069137562367
25555,19666.02,18395.4,-635.3099999999995,718,460.0,-3.453635147917411,0.6406685236768802
25557,21775.6,32201.5,5212.950000000001,2222,2050.0,16.188531590143317,0.9225922592259226
25559,312.96,59.88,-126.53999999999999,96,12.0,-211.32264529058116,0.125
25560,65256.96,94425.78,14584.41,11136,11122.0,15.445368838891243,0.998742816091954
25561,56334.6,78849.1,11257.250000000004,7890,7890.0,14.276954334291709,1.0
25562,14182.5,16657.62,1237.5599999999995,310,238.0,7.429392674343631,0.7677419354838709
25563,7675.360000000001,11942.380000000001,2133.51,356,362.0,17.865031928309097,1.0168539325842696
25564,4697.700000000001,6999.3,1150.7999999999997,70,70.0,16.441644164416438,1.0
25565,13584.24,13862.640000000001,139.20000000000073,3972,3336.0,1.0041377399975813,0.8398791540785498
25566,33908.36,14081.16,-9913.6,3862,1084.0,-70.40329063798721,0.28068358363542206
25567,105686.28,82362.32,-11661.979999999996,4284,2168.0,-14.15936316509782,0.5060690943043884
25568,14604.66,22451.9,3923.620000000001,2814,2810.0,17.475670210538976,0.9985785358919688
25569,38414.2,45443.58,3514.6900000000023,3676,2842.0,7.734183794498589,0.7731229597388466
25570,38430.24,56171.64,8870.7,8142,8036.0,15.792132827170438,0.9869810857283223
25572,46319.3,44040.62,-1139.3400000000001,4790,2938.0,-2.5870208003429562,0.6133611691022964
25573,38537.74,50741.68,6101.970000000001,4694,4232.0,12.025557687486897,0.9015764806135492
25574,26242.56,6762.36,-9740.1,3216,564.0,-144.03403545507783,0.17537313432835822
25575,61461.439999999995,56220.840000000004,-2620.2999999999956,5728,3516.0,-4.660727232108227,0.6138268156424581
25576,43634.36,36038.24,-3798.0600000000013,4774,2576.0,-10.53897193647637,0.5395894428152492
25577,102853.8,152267.16,24706.68,10884,10884.0,16.225875625446747,1.0
25578,49795.2,49855.62,30.210000000002765,5824,3838.0,0.06059497404706383,0.6589972527472527
25581,17311.64,31580.76,7134.5599999999995,2852,3524.0,22.591476582577492,1.2356241234221599
25584,23068.46,17788.579999999998,-2639.9400000000005,1154,1142.0,-14.84064495311037,0.9896013864818024
25585,4848.4,6231.88,691.7400000000002,230,212.0,11.100021181409145,0.9217391304347826
25586,1087.66,1663.6200000000001,287.98,238,238.0,17.310443490701,1.0
25587,36513.28,53437.12,8461.920000000002,6712,6688.0,15.835284536292377,0.9964243146603099
25588,160418.68,110812.86,-24802.909999999996,7918,7914.0,-22.382699986265127,0.9994948219247285
25589,54575.28,77342.58,11383.650000000001,8244,7742.0,14.71847719587322,0.9391072295002426
25590,65577.36,97775.24,16098.940000000002,11096,10876.0,16.465252348140492,0.9801730353280461
25591,2016.84,2627.28,305.22000000000014,84,72.0,11.617338083493198,0.8571428571428571
25592,13060.0,17702.28,2321.1399999999994,2000,1772.0,13.112096294940537,0.886
25593,773.76,137.94,-317.90999999999997,48,6.0,-230.46976946498475,0.125
25594,18215.6,16110.72,-1052.4399999999996,1130,728.0,-6.532544790052833,0.6442477876106195
25596,5198.7,7596.2,1198.75,390,380.0,15.780916774176562,0.9743589743589743
25597,5074.719999999999,6876.5599999999995,900.9200000000001,368,344.0,13.101318100910921,0.9347826086956522
25602,10856.56,9119.52,-868.5199999999995,88,48.0,-9.523746863870022,0.5454545454545454
25603,57296.4,88844.14,15773.869999999999,5026,4986.0,17.754541830220877,0.9920413847990449
25604,4249.32,4749.5,250.09000000000015,68,50.0,5.265606905990107,0.7352941176470589
25605,3474.7200000000003,4408.74,467.00999999999976,144,126.0,10.592822439064218,0.875
25606,1011.0600000000001,835.56,-87.75000000000006,82,44.0,-10.501938819474372,0.5365853658536586
25607,2571.12,2419.56,-75.77999999999997,72,44.0,-3.131974408570152,0.6111111111111112
25608,1630.72,1088.72,-271.0,128,128.0,-24.891615842457195,1.0
25609,12191.06,12375.82,92.38000000000011,742,618.0,0.7464555883973758,0.8328840970350404
25614,402.48,99.96,-151.26000000000002,24,4.0,-151.32052821128454,0.16666666666666666
25618,24466.4,22963.88,-751.2600000000002,1028,912.0,-3.2714854806766116,0.8871595330739299
25621,5820.96,10736.68,2457.86,1086,1132.0,22.89217896034901,1.0423572744014733
25622,9540.7,16803.22,3631.26,1790,1878.0,21.610500844481,1.0491620111731843
25623,2926.7200000000003,5038.42,1055.85,538,558.0,20.955974293528527,1.037174721189591
25625,14202.26,15300.08,548.9099999999999,1402,992.0,3.5876282999827445,0.7075606276747504
25628,799.1999999999999,593.62,-102.78999999999996,72,38.0,-17.315791246925635,0.5277777777777778
25629,318.24,359.79999999999995,20.779999999999973,26,20.0,5.7754307948860415,0.7692307692307693
25630,51345.54,28356.6,-11494.470000000001,1962,940.0,-40.53543090497451,0.47910295616717635
25633,8106.0,11994.0,1944.0,600,600.0,16.208104052026012,1.0
25634,128.88,186.96,29.040000000000006,24,24.0,15.53273427471117,1.0
25637,15736.28,14804.04,-466.1199999999999,602,396.0,-3.1485999767630988,0.6578073089700996
25638,13022.240000000002,12911.8,-55.220000000001164,604,420.0,-0.42767081274494007,0.695364238410596
25640,26484.48,22202.22,-2141.129999999999,2178,2178.0,-9.643765353194405,1.0
25641,575.0799999999999,879.78,152.35000000000002,22,22.0,17.31682920730183,1.0
25643,9688.92,16006.82,3158.95,1228,1118.0,19.735025445403895,0.9104234527687296
25645,32073.899999999998,29511.82,-1281.039999999999,3230,2718.0,-4.340769223992282,0.8414860681114551
25646,297.84,455.76,78.96000000000001,24,24.0,17.324907846234865,1.0
25647,19888.44,31417.32,5764.4400000000005,1482,1668.0,18.347968572749046,1.125506072874494
25649,50397.119999999995,77988.3,13795.590000000004,7368,7570.0,17.689307242240186,1.027415852334419
25650,34812.36,44484.58,4836.110000000001,5364,4142.0,10.871430055088753,0.7721849366144669
25651,676.08,27.98,-324.05,72,2.0,-1158.1486776268764,0.027777777777777776
25652,6213.96,5739.32,-237.32000000000016,842,468.0,-4.134984632325784,0.5558194774346793
25653,7260.639999999999,8817.06,778.21,368,294.0,8.826184691949472,0.7989130434782609
25656,37341.0,51769.06,7214.029999999999,5532,5094.0,13.935022192792374,0.920824295010846
25658,524.04,791.56,133.76,44,44.0,16.89827682045581,1.0
25676,5520.48,3598.5,-960.9899999999998,336,150.0,-26.705293872446845,0.44642857142857145
25678,29228.399999999998,28245.920000000002,-491.23999999999796,2760,2208.0,-1.739153831774635,0.8
25684,11216.7,6811.52,-2202.59,990,848.0,-32.33624800338251,0.8565656565656565
25688,671.76,1007.76,168.0,24,24.0,16.670635865682307,1.0
25689,7670.16,11219.52,1774.6800000000003,1272,1248.0,15.8177889963207,0.9811320754716981
25690,8760.0,13492.5,2366.25,750,750.0,17.53752084491384,1.0
25691,9133.18,13693.54,2280.1800000000003,1246,1246.0,16.65150136487716,1.0
25692,20266.2,21591.4,662.6000000000004,2916,2160.0,3.0688144353770497,0.7407407407407407
25693,27672.82,30989.76,1658.4699999999993,2518,1824.0,5.351671003583117,0.7243844320889595
25694,18900.0,27832.14,4466.07,2800,2786.0,16.04644845850876,0.995
25695,639.6,959.5999999999999,159.99999999999994,40,40.0,16.67361400583576,1.0
25696,63261.0,95818.16,16278.580000000002,9372,9184.0,16.989034229002105,0.9799402475458814
25697,8205.9,1119.84,-3543.0299999999997,170,16.0,-316.38716245177886,0.09411764705882353
25698,228.48,335.76,53.64,24,24.0,15.975696926375985,1.0
25699,88958.40000000001,78880.54,-5038.930000000008,6896,3946.0,-6.388052110190939,0.572215777262181
25700,966.24,479.92,-243.16,24,8.0,-50.66677779629938,0.3333333333333333
25701,1416.96,2111.52,347.28,48,48.0,16.446919754489656,1.0
25702,310.08,455.76,72.84,24,24.0,15.982095839915747,1.0
25703,42235.759999999995,66876.0,12320.120000000003,5572,5600.0,18.422333871643044,1.0050251256281406
25704,46249.26,76525.22,15137.98,6142,6078.0,19.781687658003467,0.9895799413871703
25705,38384.64,56779.56,9197.46,2856,2844.0,16.198540460686907,0.9957983193277311
25706,40022.08,59181.52,9579.719999999998,8408,8408.0,16.187012432259255,1.0
25707,1764.7199999999998,3155.1800000000003,695.2300000000002,76,82.0,22.034559042590285,1.0789473684210527
25708,24515.7,37185.880000000005,6335.090000000002,1122,1012.0,17.036278286274257,0.9019607843137255
25709,111283.2,101600.46,-4841.369999999995,10304,6354.0,-4.765106378455368,0.6166537267080745
25710,34458.68,34625.56,83.43999999999869,4546,4544.0,0.24097805205171757,0.9995600527936648
25711,84573.16,126061.64,20744.239999999998,8692,7836.0,16.455632339861673,0.9015186378278877
25714,53153.1,73368.8,10107.850000000002,1386,1120.0,13.776768871782014,0.8080808080808081
25715,19201.920000000002,30673.64,5735.859999999999,1168,1036.0,18.69963916900635,0.886986301369863
25716,75284.40000000001,112011.88,18363.739999999998,2918,2612.0,16.394457445049575,0.8951336531871145
25718,3896.08,7499.9,1801.9099999999999,8,10.0,24.02578701049347,1.25
25723,29789.44,38288.38,4249.469999999999,5476,4362.0,11.098589180320504,0.7965668371073776
25724,3076.8,4308.46,615.8299999999999,480,454.0,14.293506264419303,0.9458333333333333
25725,42141.6,60479.52,9168.96,7804,6848.0,15.16043778125223,0.8774987186058432
25726,2156.82,3190.94,517.06,206,206.0,16.204002582311166,1.0
25727,6446.72,4899.72,-773.5,56,28.0,-15.786616378078747,0.5
25728,80078.64,101100.42,10510.89,2136,1758.0,10.39648499976558,0.8230337078651685
25729,27902.699999999997,35508.159999999996,3802.7299999999996,1442,1184.0,10.709453826951327,0.8210818307905686
25730,12422.699999999999,9116.96,-1652.87,642,304.0,-18.12961776732595,0.4735202492211838
25731,13449.28,15633.199999999999,1091.9599999999991,848,680.0,6.984878335849341,0.8018867924528302
25732,16970.559999999998,9381.24,-3794.659999999999,724,276.0,-40.44945017929398,0.3812154696132597
25733,11400.32,7330.4400000000005,-2034.9399999999996,376,156.0,-27.76013445304783,0.4148936170212766
25735,16657.86,12053.960000000001,-2301.95,1774,1004.0,-19.09704362715655,0.5659526493799324
25736,9080.199999999999,11393.74,1156.7700000000004,1660,1426.0,10.152680331480273,0.8590361445783132
25737,8569.7,10218.32,824.3099999999995,710,568.0,8.066981656475814,0.8
25738,8746.5,4710.76,-2017.87,350,124.0,-42.83533867146702,0.35428571428571426
25739,23351.38,27693.62,2171.119999999999,4238,3438.0,7.839784036900914,0.8112317130722039
25740,8413.98,10712.939999999999,1149.4799999999996,678,666.0,10.729827666354891,0.9823008849557522
25741,1651.2,2559.36,454.08000000000004,64,64.0,17.741935483870968,1.0
25742,197.04,0.0,-98.52,24,0.0,-inf,0.0
25745,124.08,179.76,27.839999999999996,24,24.0,15.48731642189586,1.0
25746,238.08,359.52,60.719999999999985,48,48.0,16.889185580774363,1.0
25747,728.64,898.8,85.07999999999998,144,120.0,9.465954606141521,0.8333333333333334
25748,1244.4199999999998,1891.1399999999999,323.36,86,86.0,17.09868121873579,1.0
25749,229.32,227.88,-0.7199999999999989,18,12.0,-0.3159557661927325,0.6666666666666666
25750,8165.820000000001,11681.380000000001,1757.7800000000002,1482,1462.0,15.047708404315244,0.9865047233468286
25751,81.6,119.88,19.14,12,12.0,15.965965965965967,1.0
25753,31223.14,39678.34,4227.5999999999985,5858,4966.0,10.654679606052063,0.8477296005462616
25754,29323.5,37872.6,4274.549999999999,5650,4740.0,11.28665578808954,0.8389380530973451
25755,158.88,239.84,40.480000000000004,16,16.0,16.877918612408273,1.0
25757,61639.36,43713.7,-8962.830000000002,5426,2430.0,-20.50348060219108,0.44784371544415774
25758,1021.44,923.4399999999999,-49.00000000000006,96,56.0,-5.306246209824143,0.5833333333333334
25759,644.16,159.92,-242.12,48,8.0,-151.4007003501751,0.16666666666666666
25761,2364.96,3147.2599999999998,391.14999999999986,312,274.0,12.428270940437075,0.8782051282051282
25765,484.2,735.96,125.88000000000002,4,4.0,17.10419044513289,1.0
25766,358.32,183.96,-87.17999999999999,12,4.0,-47.390737116764505,0.3333333333333333
25767,399.96,759.94,179.99000000000004,6,6.0,23.684764586677897,1.0
25768,142.46,207.98,32.75999999999999,2,2.0,15.751514568708528,1.0
25769,167.56,247.98,40.209999999999994,2,2.0,16.21501734010807,1.0
25770,3157.68,4799.76,821.0400000000002,24,24.0,17.10585529276464,1.0
25771,603.6,335.76,-133.92000000000002,60,24.0,-39.885632594710515,0.4
25773,1351.96,727.48,-312.24,146,52.0,-42.920767581239346,0.3561643835616438
25774,4541.4,4202.74,-169.32999999999993,870,526.0,-4.029038198889294,0.6045977011494252
25776,20046.22,19105.100000000002,-470.5599999999995,766,490.0,-2.46300725984161,0.639686684073107
25777,10895.359999999999,15213.28,2158.960000000001,1216,1072.0,14.191285508450518,0.881578947368421
25778,21278.4,20936.34,-171.03000000000065,880,566.0,-0.8169049604658726,0.6431818181818182
25779,482.88,419.72,-31.579999999999984,48,28.0,-7.524063661488607,0.5833333333333334
25781,229.92,335.76,52.92,24,24.0,15.761258041458184,1.0
25785,300.56,33.98,-133.29,26,2.0,-392.2601530311948,0.07692307692307693
25789,1157.52,10581.5,4711.99,168,1050.0,44.530454094410054,6.25
25790,36688.5,33562.76,-1562.869999999999,4650,3724.0,-4.656559830002059,0.8008602150537635
25791,671.76,533.64,-69.06,72,36.0,-12.941308747470206,0.5
25792,645.12,555.6,-44.75999999999999,72,40.0,-8.056155507559392,0.5555555555555556
25793,412.8,671.52,129.35999999999999,48,48.0,19.26375982844889,1.0
25794,757.44,1169.12,205.83999999999992,96,88.0,17.606404817298476,0.9166666666666666
25796,15929.84,21553.84,2812.0,692,616.0,13.04639915671639,0.8901734104046243
25797,62156.0,49883.6,-6136.200000000001,1640,1640.0,-12.301036813702302,1.0
25798,41860.8,5344.0199999999995,-18258.390000000003,2280,198.0,-341.66021085250435,0.0868421052631579
25800,788.64,575.76,-106.44,48,24.0,-18.486869528970402,0.5
25801,864.3399999999999,895.68,15.670000000000016,46,32.0,1.7495087531261184,0.6956521739130435
25802,33463.96,52309.840000000004,9422.940000000002,4076,4216.0,18.013704496133045,1.0343473994111874
25807,6979.38,8278.62,649.6200000000003,178,138.0,7.84696000057981,0.7752808988764045
25808,105353.92,149779.46,22212.769999999997,13438,12854.0,14.830317855332098,0.9565411519571365
25809,2858.4399999999996,1563.66,-647.3899999999998,92,34.0,-41.402222989652465,0.3695652173913043
25810,8977.6,8720.3,-128.65000000000055,1448,970.0,-1.4752932811944608,0.669889502762431
25811,6393.599999999999,9344.5,1475.4500000000003,576,550.0,15.789501846005674,0.9548611111111112
25812,7643.1,7131.54,-255.7800000000002,698,446.0,-3.5866026131803257,0.6389684813753582
25813,6136.34,2877.6,-1629.3700000000001,742,240.0,-56.62253266611066,0.32345013477088946
25814,5491.4400000000005,4796.0,-347.72000000000025,696,400.0,-7.250208507089247,0.5747126436781609
25815,3687.6,1974.48,-856.56,420,152.0,-43.38154855962076,0.3619047619047619
25816,2161.44,2957.04,397.79999999999995,316,296.0,13.452641831020207,0.9367088607594937
25817,21170.16,32783.62,5806.730000000001,648,638.0,17.712290467007612,0.9845679012345679
25818,4675.32,4215.78,-229.76999999999998,702,422.0,-5.450236966824645,0.6011396011396012
25819,2399.04,2967.3,284.1300000000001,336,270.0,9.575371549893847,0.8035714285714286
25820,3123.3999999999996,2158.2000000000003,-482.5999999999997,388,180.0,-22.361226948382896,0.4639175257731959
25827,46390.4,37912.26,-4239.07,5320,5294.0,-11.181264319246596,0.9951127819548872
25831,14165.840000000002,22664.82,4249.489999999999,2056,1918.0,18.7492775146681,0.9328793774319066
25832,99647.8,157655.14,29003.670000000006,15260,14486.0,18.396907325698358,0.9492791612057667
25833,11575.9,6330.72,-2622.5899999999997,1438,528.0,-41.4264096342912,0.3671766342141864
25834,627.36,279.85999999999996,-173.75000000000003,48,14.0,-62.08461373543916,0.2916666666666667
25837,2415.36,1119.28,-648.0400000000001,192,72.0,-57.897934386391256,0.375
25838,21033.16,30986.559999999998,4976.699999999999,1684,1544.0,16.060834116468556,0.9168646080760094
25841,14815.84,11613.06,-1601.3900000000003,1676,894.0,-13.789561063147874,0.5334128878281623
25842,236.64,359.76,61.56,24,24.0,17.11140760507005,1.0
25843,14729.02,10103.26,-2312.88,1454,674.0,-22.89241294394087,0.46354883081155435
25844,17913.059999999998,17774.12,-69.46999999999935,1494,988.0,-0.39084916721615104,0.6613119143239625
25846,138382.2,215227.0,38422.399999999994,11484,11100.0,17.852035292969745,0.9665621734587252
25852,4498.2,6416.38,959.0900000000001,270,262.0,14.947524928386413,0.9703703703703703
25853,19767.600000000002,17977.6,-895.0000000000018,1734,1040.0,-4.978417586329665,0.5997693194925029
25857,65425.520000000004,38223.92,-13600.800000000003,5272,3708.0,-35.58190787339447,0.7033383915022762
25859,538.5600000000001,747.32,104.38,72,68.0,13.967242948134666,0.9444444444444444
25863,7832.879999999999,9068.22,617.6700000000001,506,378.0,6.811369816788742,0.7470355731225297
25866,6061.44,4421.16,-820.1399999999999,528,284.0,-18.55033520614499,0.5378787878787878
25867,3574.08,2386.72,-593.6800000000001,288,128.0,-24.874304484815987,0.4444444444444444
25868,4026.68,5157.42,565.3700000000001,292,258.0,10.962264077775325,0.8835616438356164
25870,48785.92,71120.26,11167.169999999998,10336,10174.0,15.701812676162882,0.9843266253869969
25875,39937.1,37769.74,-1083.6800000000003,4130,3026.0,-2.86917516509248,0.7326876513317191
25876,39952.72,41417.04,732.1599999999999,4052,3296.0,1.7677748095952774,0.8134254689042448
25877,65214.48,63985.22,-614.630000000001,6744,5278.0,-0.9605812092230066,0.7826215895610913
25879,2915.4,4140.04,612.3199999999999,452,396.0,14.790195263813875,0.8761061946902655
25883,103300.84,166799.16,31749.160000000003,4162,4484.0,19.034364441643472,1.0773666506487265
25886,7432.04,8047.700000000001,307.8300000000004,308,230.0,3.825068031860039,0.7467532467532467
25887,45346.08,33689.52,-5828.2800000000025,4056,2648.0,-17.299979340756423,0.6528599605522682
25888,6296.84,4254.88,-1020.98,242,112.0,-23.995506336253904,0.4628099173553719
25890,87.36,131.88,22.259999999999998,12,12.0,16.878980891719745,1.0
25891,4308.4800000000005,3494.82,-406.83000000000015,576,318.0,-11.640942881178434,0.5520833333333334
25892,2906.46,4396.0,744.77,402,400.0,16.94199272065514,0.9950248756218906
25893,5340.72,3143.14,-1098.7900000000002,748,286.0,-34.95835374816267,0.38235294117647056
25894,2439.36,2085.68,-176.84000000000015,396,232.0,-8.478769514019415,0.5858585858585859
25895,5859.360000000001,2210.42,-1824.4700000000003,624,158.0,-82.53951737678813,0.2532051282051282
25896,7120.88,4573.14,-1273.87,668,286.0,-27.85547785547785,0.4281437125748503
25898,940.8,0.0,-470.4,48,0.0,-inf,0.0
25900,22872.059999999998,22060.1,-405.97999999999956,2694,2190.0,-1.8403361725468133,0.8129175946547884
25901,28070.4,34705.26,3317.4300000000003,4352,3474.0,9.558868021735034,0.7982536764705882
25904,17466.12,15015.9,-1225.1099999999997,3346,2790.0,-8.158751723173435,0.8338314405260012
25905,4371.360000000001,4329.719999999999,-20.82000000000062,336,228.0,-0.48086250381088436,0.6785714285714286
25907,1372.32,2086.56,357.12,144,144.0,17.115251897860595,1.0
25909,26281.48,9989.460000000001,-8146.009999999999,206,54.0,-81.54604953621116,0.2621359223300971
25915,237.06,2323.42,1043.18,54,358.0,44.898468636751,6.62962962962963
25917,2330.88,3029.06,349.0899999999999,384,294.0,11.524697430886146,0.765625
25918,8502.48,15043.66,3270.59,1446,1434.0,21.7406535377694,0.991701244813278
25919,799.6800000000001,1264.78,232.54999999999995,136,122.0,18.386596878508513,0.8970588235294118
25926,370.08,114.9,-127.58999999999999,48,10.0,-111.04438642297649,0.20833333333333334
25930,331.2,293.71999999999997,-18.74000000000001,48,28.0,-6.38022606564075,0.5833333333333334
25932,46559.26,76517.34,14979.039999999997,7174,7266.0,19.576007216142116,1.0128240869807639
25934,66074.5,108719.58,21322.54,12830,12842.0,19.612419400442864,1.0009353078721746
25935,75062.16,108811.08,16874.46,10974,10892.0,15.508034659705611,0.9925277929651904
25936,21704.16,19385.28,-1159.4400000000005,2472,2472.0,-5.981033031248455,1.0
25937,21072.92,13052.62,-4010.1499999999987,2038,2038.0,-30.722950641327166,1.0
25940,245.95999999999998,271.84,12.939999999999998,22,16.0,4.76015303119482,0.7272727272727273
25941,199.79999999999998,169.89999999999998,-14.950000000000003,18,10.0,-8.799293702177755,0.5555555555555556
25958,8802.0,13023.7,2110.8500000000004,1630,1630.0,16.207759699624532,1.0
25963,30650.399999999998,49614.719999999994,9482.159999999998,2640,2528.0,19.11158623892264,0.9575757575757575
25964,38262.68,33605.299999999996,-2328.6900000000023,2092,1470.0,-6.929531948829508,0.7026768642447419
25966,47600.0,69696.46,11048.230000000003,2000,1954.0,15.85192418668036,0.977
25971,2593.92,2118.94,-237.49,192,106.0,-11.207962471801938,0.5520833333333334
25984,28365.120000000003,42962.18,7298.529999999999,4824,4582.0,16.988267355148174,0.9498341625207297
25985,18448.2,23786.18,2668.99,2770,2382.0,11.220759281229688,0.859927797833935
25988,47403.119999999995,48808.44,702.6600000000035,4506,3756.0,1.4396280643265866,0.833555259653795
25989,3420.9,3329.62,-45.6400000000001,362,238.0,-1.3707269898667145,0.6574585635359116
25990,3207.6000000000004,3237.3,14.849999999999909,396,270.0,0.45871559633027237,0.6818181818181818
25991,381.35999999999996,502.56000000000006,60.60000000000005,168,144.0,12.05826170009552,0.8571428571428571
25992,49246.04,83158.16,16956.06,6628,6584.0,20.390133692231768,0.9933614966807484
25993,231.36,251.28000000000003,9.960000000000008,96,72.0,3.9637058261700124,0.75
25994,120458.15999999999,134094.84,6818.340000000004,10278,8300.0,5.084714669110314,0.807550107024713
25995,19039.86,30326.14,5643.139999999999,2898,2986.0,18.608171036604062,1.0303657694962043
25997,496.8,621.22,62.21000000000001,216,178.0,10.014165673996331,0.8240740740740741
26000,332.64,418.8,43.08000000000001,144,120.0,10.2865329512894,0.8333333333333334
26003,1927.26,2410.66,241.69999999999993,166,134.0,10.026299851492949,0.8072289156626506
26006,8097.3,8038.24,-29.5300000000002,270,176.0,-0.36736897629332044,0.6518518518518519
26008,887.76,835.56,-26.100000000000023,72,44.0,-3.1236535975872495,0.6111111111111112
26010,783.36,1151.6399999999999,184.13999999999993,36,36.0,15.989371678649574,1.0
26012,4996.7,5747.7,375.5,290,230.0,6.53304800180942,0.7931034482758621
26013,38228.48,29409.14,-4409.670000000002,3488,2766.0,-14.994216083843328,0.7930045871559633
26016,106388.1,152351.1,22981.5,11258,10890.0,15.084564535471026,0.9673121335938888
26017,2544.48,3316.68,386.0999999999999,372,332.0,11.641159231520676,0.8924731182795699
26020,2084.8799999999997,2886.4799999999996,400.79999999999995,168,152.0,13.885424461628004,0.9047619047619048
26021,2221.9,2878.56,328.3299999999999,170,144.0,11.406050247345894,0.8470588235294118
26024,9787.92,3814.94,-2986.49,408,106.0,-78.28406213466003,0.25980392156862747
26025,7824.4400000000005,7047.4800000000005,-388.48,734,452.0,-5.512324972898114,0.6158038147138964
26026,11781.32,12001.859999999999,110.26999999999953,626,414.0,0.918774256656881,0.6613418530351438
26027,6525.28,4144.8,-1190.2399999999998,272,120.0,-28.7164640030882,0.4411764705882353
26028,10090.04,10934.38,422.16999999999916,772,562.0,3.860941361101399,0.727979274611399
26032,1459.2,179.98,-639.61,24,2.0,-355.3783753750417,0.08333333333333333
26046,7542.72,0.0,-3771.36,648,0.0,-inf,0.0
26047,239.76,359.76,60.0,24,24.0,16.67778519012675,1.0
26049,3292.7999999999997,4646.9,677.05,336,310.0,14.56992833932299,0.9226190476190477
26050,992.88,1096.78,51.94999999999999,168,122.0,4.7365925709805055,0.7261904761904762
26051,1646.3999999999999,2128.58,241.09000000000003,168,142.0,11.326330229542702,0.8452380952380952
26052,225.36,0.0,-112.68,24,0.0,-inf,0.0
26058,8639.1,12471.68,1916.29,870,832.0,15.365131241340379,0.9563218390804598
26061,6425.8,5871.4800000000005,-277.15999999999985,722,452.0,-4.720445271038986,0.6260387811634349
26062,2928.3,2737.26,-95.51999999999998,454,274.0,-3.4896210078691823,0.6035242290748899
26063,7233.48,3668.34,-1782.5699999999997,852,366.0,-48.59336920787058,0.4295774647887324
26066,36579.840000000004,23548.96,-6515.440000000002,4224,2504.0,-27.66763372989721,0.5928030303030303
26069,1524.96,2302.56,388.79999999999995,144,144.0,16.885553470919323,1.0
26075,3811.2799999999997,5677.16,932.94,284,284.0,16.433216608304154,1.0
26076,1762.56,259.71999999999997,-751.42,288,28.0,-289.3192669028184,0.09722222222222222
26077,173.52,153.86,-9.829999999999998,24,14.0,-6.388924996750291,0.5833333333333334
26078,5446.56,7868.719999999999,1211.0799999999995,336,328.0,15.391067416301501,0.9761904761904762
26080,1879.84,2537.46,328.81000000000006,62,54.0,12.95823382437556,0.8709677419354839
26081,2536.8,2645.58,54.38999999999987,60,42.0,2.055881886013648,0.7
26082,375.84000000000003,463.42,43.78999999999999,72,58.0,9.449311639549435,0.8055555555555556
26084,603.84,75.96,-263.94,48,4.0,-347.47235387045816,0.08333333333333333
26085,2584.0,2734.56,75.27999999999997,200,144.0,2.752910888771867,0.72
26087,13567.019999999999,16498.24,1465.6100000000015,1698,1376.0,8.88343241460908,0.8103651354534747
26088,33329.799999999996,30693.86,-1317.9699999999975,980,614.0,-4.293920673385483,0.6265306122448979
26089,536.64,815.52,139.44,48,48.0,17.098293113596235,1.0
26090,972.72,1439.28,233.27999999999997,72,72.0,16.208104052026012,1.0
26091,48682.4,69869.56,10593.579999999998,7852,7676.0,15.161938904438497,0.9775853285787061
26092,200796.8,348282.76,73742.98000000001,41920,42324.0,21.173307573421095,1.0096374045801526
26093,810.24,1247.52,218.64,48,48.0,17.52597152751058,1.0
26098,34111.439999999995,34688.3,288.43000000000393,2628,2370.0,0.8314907331867053,0.9018264840182648
26102,1068.0,1247.04,89.51999999999998,120,96.0,7.1785989222478825,0.8
26104,5697.54,19978.760000000002,7140.610000000001,54,124.0,35.741006949380235,2.2962962962962963
26105,8901.119999999999,12020.66,1559.7700000000004,366,334.0,12.975743428397447,0.912568306010929
26134,20213.100000000002,32389.8,6088.3499999999985,3330,3420.0,18.79712131596984,1.027027027027027
26142,2523.96,719.8000000000001,-902.0799999999999,108,20.0,-125.32370102806334,0.18518518518518517
26143,41096.7,70465.86,14684.580000000002,8838,8432.0,20.839283023012847,0.9540620049785019
26145,2203.2000000000003,749.5,-726.8500000000001,216,50.0,-96.97798532354905,0.23148148148148148
26146,302.02,443.98,70.98000000000002,2,2.0,15.987206630929323,1.0
26153,51415.200000000004,70109.82,9347.310000000001,7720,7018.0,13.33238339507932,0.9090673575129534
26156,554.88,0.0,-277.44,48,0.0,-inf,0.0
26160,9434.88,13941.66,2253.3900000000003,648,634.0,16.16299637202457,0.9783950617283951
26163,5080.32,6960.84,940.2600000000002,576,516.0,13.50785250056028,0.8958333333333334
26166,21248.199999999997,14068.62,-3589.789999999998,1622,938.0,-25.516290865770756,0.5782983970406905
26167,1027.2,899.64,-63.78000000000003,60,36.0,-7.089502467653731,0.6
26168,135.0,203.88,34.44,12,12.0,16.89228958210712,1.0
26169,223.92,335.76,55.92,24,24.0,16.654753395282345,1.0
26175,18313.28,17926.18,-193.54999999999927,2416,1582.0,-1.0797057711124136,0.6548013245033113
26181,163130.72,301076.22000000003,68972.75000000001,35696,34290.0,22.90873387476434,0.9606118332586284
26183,473.28,29.98,-221.64999999999998,48,2.0,-739.3262174783188,0.041666666666666664
26186,2819.98,3347.34,263.68000000000006,362,266.0,7.877299587134861,0.7348066298342542
26187,4366.04,4560.64,97.30000000000018,434,336.0,2.1334724950884123,0.7741935483870968
26197,7887.6,4700.64,-1593.48,840,336.0,-33.89921372408863,0.4
26198,4210.08,1595.04,-1307.52,358,96.0,-81.974119771291,0.2681564245810056
26199,3429.14,1307.26,-1060.94,286,74.0,-81.15753560883068,0.25874125874125875
26201,20975.68,16508.1,-2233.790000000001,3232,2310.0,-13.531478486318843,0.7147277227722773
26203,705.5999999999999,359.76,-172.91999999999996,72,24.0,-48.06537691794529,0.3333333333333333
26204,719.28,749.5,15.110000000000014,72,50.0,2.0160106737825236,0.6944444444444444
26205,719.28,359.76,-179.76,72,24.0,-49.96664442961974,0.3333333333333333
26211,854.4,1317.6,231.59999999999997,240,240.0,17.577413479052822,1.0
26219,4826.58,8205.26,1689.3400000000001,426,474.0,20.58850054720996,1.1126760563380282
26222,3405.36,0.0,-1702.68,24,0.0,-inf,0.0
26223,2588.04,219.98,-1184.03,36,2.0,-538.2443858532594,0.05555555555555555
26224,3381.84,3839.36,228.76,84,64.0,5.958284714119019,0.7619047619047619
26225,4193.0,2339.82,-926.5899999999999,50,18.0,-39.60090947166876,0.36
26227,5526.0,2239.84,-1643.08,60,16.0,-73.35702550182155,0.26666666666666666
26233,4798.08,1399.4399999999998,-1699.3200000000002,288,56.0,-121.42857142857146,0.19444444444444445
26234,4930.5599999999995,1449.4199999999998,-1740.5699999999997,288,58.0,-120.08734528294076,0.2013888888888889
26235,396.96,119.9,-138.52999999999997,48,10.0,-115.53794829024184,0.20833333333333334
26236,62832.0,93699.68000000001,15433.840000000004,13200,11032.0,16.47160374507149,0.8357575757575758
26238,378.72,287.76,-45.48000000000002,48,24.0,-15.804837364470398,0.5
26239,21260.2,30763.8,4751.799999999999,1690,1620.0,15.446076232455027,0.9585798816568047
26240,6771.6,9879.76,1554.08,836,824.0,15.729936759597399,0.9856459330143541
26242,6806.8,9742.5,1467.85,770,750.0,15.06646138054914,0.974025974025974
26243,6258.599999999999,8885.16,1313.2800000000002,732,684.0,14.780600461893767,0.9344262295081968
26246,588.0,443.88,-72.06,24,12.0,-16.23411732900784,0.5
26247,15061.439999999999,21203.78,3071.17,464,422.0,14.484068406670886,0.9094827586206896
26248,126612.64,173571.88,23479.620000000003,956,812.0,13.52731790425961,0.8493723849372385
26250,113183.52,173435.22,30125.85,8304,7978.0,17.37008780569483,0.9607418111753372
26253,554.88,407.76,-73.56,48,24.0,-18.04002354326074,0.5
26254,335.76,251.88,-41.94,24,12.0,-16.650786088613625,0.5
26255,206.76,299.88,46.56,12,12.0,15.526210484193678,1.0
26256,1489.32,0.0,-744.66,36,0.0,-inf,0.0
26257,1223.46,623.9399999999999,-299.76000000000005,18,6.0,-48.04308106548708,0.3333333333333333
26258,15483.599999999999,0.0,-7741.799999999999,120,0.0,-inf,0.0
26259,7198.800000000001,1847.7199999999998,-2675.540000000001,168,28.0,-144.80224276405522,0.16666666666666666
26260,11585.279999999999,1799.82,-4892.73,168,18.0,-271.8455178851218,0.10714285714285714
26266,3051.84,67.96,-1491.94,264,4.0,-2195.320776927605,0.015151515151515152
26268,9865.92,9530.04,-167.9399999999996,956,596.0,-1.7622171575355359,0.6234309623430963
26269,1314.72,0.0,-657.36,48,0.0,-inf,0.0
26273,1223.04,37.98,-592.53,96,2.0,-1560.1105845181673,0.020833333333333332
26274,3181.9,2307.8,-437.04999999999995,470,220.0,-18.937949562353754,0.46808510638297873
26275,68827.5,78641.46,4906.980000000003,8050,6054.0,6.239685784063524,0.7520496894409938
26277,23343.039999999997,18317.68,-2512.6799999999985,2452,1732.0,-13.717239301046849,0.7063621533442088
26278,926.24,215.82,-355.21000000000004,112,18.0,-164.58622926512837,0.16071428571428573
26280,94234.40000000001,82252.56,-5990.9200000000055,8840,5144.0,-7.283566614826342,0.5819004524886878
26281,10980.92,12415.859999999999,717.4699999999993,542,414.0,5.7786572980043225,0.7638376383763837
26283,2037.6,1896.54,-70.52999999999997,240,146.0,-3.718877534879305,0.6083333333333333
26285,120533.4,230778.75999999998,55122.67999999999,2652,3124.0,23.88550835440835,1.1779788838612368
26287,310.08,0.0,-155.04,24,0.0,-inf,0.0
26288,7970.4,11041.44,1535.5200000000004,738,656.0,13.906881711081168,0.8888888888888888
26290,16418.6,24793.56,4187.480000000001,1870,1844.0,16.88938579211699,0.986096256684492
26291,5940.4800000000005,3837.6,-1051.4400000000003,546,240.0,-27.398373983739845,0.43956043956043955
26298,825.6,701.46,-62.06999999999999,96,54.0,-8.848687024206653,0.5625
26299,8425.2,9145.2,360.0,1180,1180.0,3.9364912741110083,1.0
26300,648.48,39.98,-304.25,48,2.0,-761.0055027513757,0.041666666666666664
26302,2757.2,2111.36,-322.91999999999985,122,64.0,-15.294407396180654,0.5245901639344263
26303,1160.6399999999999,999.5999999999999,-80.51999999999998,72,40.0,-8.055222088835533,0.5555555555555556
26304,347.28,527.76,90.24000000000001,24,24.0,17.09868121873579,1.0
26314,652.8,279.85999999999996,-186.47,48,14.0,-66.62974344315016,0.2916666666666667
26315,3871.9199999999996,417.78,-1727.0699999999997,312,22.0,-413.39221599885104,0.07051282051282051
26316,418.56,575.52,78.47999999999999,48,48.0,13.636363636363635,1.0
26317,42870.42,44003.53999999999,566.5599999999977,2826,2446.0,1.287532775772126,0.8655343241330502
26318,35642.7,43499.82,3928.5600000000013,3070,2418.0,9.031209784316353,0.7876221498371335
26319,12524.539999999999,14189.82,832.6400000000003,1918,1418.0,5.867868655134458,0.7393117831074035
26320,2642.22,2089.7799999999997,-276.22,42,22.0,-13.217659275139013,0.5238095238095238
26324,313.68,479.76,83.03999999999999,24,24.0,17.30865432716358,1.0
26327,126.96,191.76,32.4,24,24.0,16.896120150187734,1.0
26328,2284.7999999999997,2463.12,89.16000000000008,120,88.0,3.61979927896327,0.7333333333333333
26329,3129.3,4600.820000000001,735.7600000000002,122,118.0,15.991931873013943,0.9672131147540983
26330,27155.8,25170.579999999998,-992.6100000000006,1630,942.0,-3.9435324891202375,0.5779141104294478
26331,2978.3999999999996,3911.9399999999996,466.77,240,206.0,11.931931471341587,0.8583333333333333
26335,3932.2799999999997,5038.32,553.02,198,168.0,10.97627780688801,0.8484848484848485
26336,519.84,395.28,-62.28000000000003,144,72.0,-15.755919854280517,0.5
26339,12373.039999999999,18295.94,2961.45,1466,1406.0,16.186377961449374,0.9590723055934516
26340,9964.64,8393.06,-785.79,868,494.0,-9.362377964651749,0.5691244239631337
26341,16762.5,19912.28,1574.8899999999994,1490,1172.0,7.909139485784649,0.7865771812080536
26342,6737.92,7456.26,359.1700000000001,752,574.0,4.817026230308493,0.7632978723404256
26344,1336.94,2004.82,333.93999999999994,118,118.0,16.656856974690992,1.0
26345,1368.0,1597.06,114.52999999999997,120,94.0,7.171302267917297,0.7833333333333333
26347,694.8,559.6,-67.59999999999997,72,40.0,-12.080057183702639,0.5555555555555556
26348,7850.14,6299.099999999999,-775.5200000000004,166,90.0,-12.311600069851258,0.5421686746987951
26349,2727.0,2239.68,-243.66000000000008,60,32.0,-10.879232747535367,0.5333333333333333
26351,92.88,143.88,25.5,12,12.0,17.723102585487908,1.0
26352,16231.3,21628.54,2698.620000000001,1682,1546.0,12.477125131885929,0.9191438763376932
26353,15088.64,19874.7,2393.0300000000007,1684,1530.0,12.040584260391354,0.9085510688836105
26354,6479.639999999999,9456.72,1488.54,738,728.0,15.740552749790627,0.986449864498645
26355,13222.68,18809.52,2793.42,1506,1448.0,14.851096678703124,0.9614873837981408
26356,11754.26,15671.74,1958.7399999999998,1582,1426.0,12.498548342430386,0.9013906447534766
26357,5145.6,6613.38,733.8899999999999,768,662.0,11.09704871034176,0.8619791666666666
26358,31021.32,24177.74,-3421.789999999999,4686,3026.0,-14.152646194392027,0.6457533077251387
26359,17280.9,25256.7,3987.8999999999996,6330,6330.0,15.789473684210526,1.0
26361,33139.72,27661.56,-2739.08,5006,4644.0,-9.902116872656494,0.9276867758689572
26363,6533.76,0.0,-3266.88,1992,0.0,-inf,0.0
26372,6691.08,3594.0,-1548.54,1644,600.0,-43.086811352253754,0.36496350364963503
26374,25629.6,34896.46,4633.43,590,554.0,13.277650512401545,0.9389830508474576
26376,14622.720000000001,20323.16,2850.2199999999993,512,484.0,14.024492254157323,0.9453125
26377,25227.28,19900.62,-2663.33,1016,538.0,-13.383150876706354,0.5295275590551181
26378,7931.5199999999995,10182.34,1125.4100000000003,648,566.0,11.052567484487852,0.8734567901234568
26379,19867.68,29525.58,4828.950000000001,648,642.0,16.35514018691589,0.9907407407407407
26380,18568.38,26807.62,4119.619999999999,894,838.0,15.367347045355013,0.9373601789709173
26381,7561.740000000001,11190.14,1814.1999999999994,386,386.0,16.212487064504995,1.0
26382,1584.24,883.4799999999999,-350.38000000000005,138,52.0,-39.65907547426089,0.37681159420289856
26383,211546.68,322660.52,55556.92000000001,26812,25948.0,17.21838172206504,0.9677756228554378
26388,297.84,287.84,-5.0,24,16.0,-1.737076153418566,0.6666666666666666
26390,13802.4,22150.14,4173.87,2556,2986.0,18.843537783508367,1.1682316118935838
26391,9208.199999999999,16429.96,3610.88,1788,2204.0,21.977411996133895,1.232662192393736
26392,9849.98,18756.86,4453.4400000000005,1862,2514.0,23.74299323021018,1.3501611170784102
26394,2148.4,1090.18,-529.11,524,182.0,-48.53418701498835,0.3473282442748092
26395,21725.16,48982.2,13628.519999999999,5514,5980.0,27.823413403236273,1.084512150888647
26396,2240.64,3450.24,604.8,576,576.0,17.529215358931552,1.0
26398,851.04,1293.84,221.39999999999998,216,216.0,17.1118530884808,1.0
26399,139397.2,270248.06,65425.42999999999,35380,35394.0,24.209398579956503,1.0003957037874505
26402,402.6,91.98,-155.31,12,2.0,-168.85192433137638,0.16666666666666666
26403,30723.76,24090.76,-3316.5,3116,1724.0,-13.76668897120722,0.5532734274711169
26404,2315.28,0.0,-1157.64,88,0.0,-inf,0.0
26405,603.36,311.76,-145.8,72,24.0,-46.76674364896075,0.3333333333333333
26419,9148.36,11698.48,1275.0599999999995,3796,3352.0,10.899364703790573,0.8830347734457323
26420,4087.38,3698.52,-194.43000000000006,242,148.0,-5.2569676519256365,0.6115702479338843
26421,3673.46,1763.1599999999999,-955.1500000000001,266,84.0,-54.17262188343657,0.3157894736842105
26422,2077.68,773.94,-651.8699999999999,24,6.0,-84.22745949298394,0.25
26423,3079.2000000000003,3228.2999999999997,74.54999999999973,240,170.0,2.309264938202761,0.7083333333333334
26426,123989.59999999999,193265.86000000002,34638.13000000001,6326,6014.0,17.922529100587145,0.9506797344293393
26427,80883.0,122376.68,20746.839999999997,5700,5532.0,16.953262664095806,0.9705263157894737
26428,38442.840000000004,59226.12,10391.64,4206,4188.0,17.545704496597107,0.9957203994293866
26429,43964.16,42734.54,-614.8100000000013,856,546.0,-1.438672324541229,0.6378504672897196
26430,268.4,399.8,65.70000000000002,20,20.0,16.433216608304154,1.0
26431,29044.239999999998,32467.62,1711.6900000000005,3308,2438.0,5.271990986712302,0.7370012091898428
26434,13293.0,17702.3,2204.6499999999996,844,770.0,12.4540313970501,0.9123222748815166
26435,8817.2,8491.5,-162.85000000000036,1316,850.0,-1.9178001530942752,0.6458966565349544
26436,3160.52,3916.08,377.78,484,392.0,9.646891789748931,0.8099173553719008
26437,18523.4,20775.059999999998,1125.829999999998,1414,1094.0,5.419141990444303,0.7736916548797736
26439,696.5999999999999,1079.82,191.61,18,18.0,17.74462410401734,1.0
26442,53503.2,46754.76,-3374.2199999999975,4954,2924.0,-7.216848081350428,0.5902301170771094
26443,41107.5,38289.64,-1408.9300000000003,3654,2636.0,-3.6796637419416856,0.7214012041598249
26445,1341.6000000000001,1195.08,-73.2600000000001,156,92.0,-6.130133547544943,0.5897435897435898
26450,15657.9,21510.06,2926.080000000001,2010,1794.0,13.603309335259878,0.8925373134328358
26454,987.24,1480.8600000000001,246.81000000000006,114,114.0,16.666666666666668,1.0
26456,87210.0,148017.74,30403.869999999995,19380,20306.0,20.54069329797901,1.047781217750258
26457,815.04,1247.04,216.0,96,96.0,17.321016166281755,1.0
26458,794.16,127.92,-333.12,72,8.0,-260.4127579737336,0.1111111111111111
26460,9518.64,6034.22,-1742.2099999999996,408,178.0,-28.872165748017135,0.4362745098039216
26461,5745.6,4290.04,-727.7800000000002,380,196.0,-16.964410588246267,0.5157894736842106
26462,40932.0,59877.119999999995,9472.559999999998,3790,3488.0,15.819999358686587,0.9203166226912929
26463,201261.3,325131.02,61934.860000000015,43282,42938.0,19.049200534602946,0.9920521232845063
26464,7595.280000000001,6404.44,-595.4200000000005,616,356.0,-9.296987714772884,0.577922077922078
26473,3566.3999999999996,1407.36,-1079.52,240,64.0,-76.70532060027286,0.26666666666666666
26478,8910.38,10824.3,956.96,718,570.0,8.84084883087128,0.7938718662952646
26479,4896.0,2999.0,-948.5,240,100.0,-31.627209069689897,0.4166666666666667
26484,10669.48,15342.04,2336.2800000000007,1436,1396.0,15.22796186165595,0.9721448467966574
26485,5822.08,8033.3,1105.6100000000001,704,670.0,13.762837190195812,0.9517045454545454
26490,752.64,1150.08,198.71999999999997,192,192.0,17.278797996661098,1.0
26491,12660.76,17432.58,2385.9100000000008,1442,1342.0,13.686499646065014,0.9306518723994452
26492,12561.12,18293.899999999998,2866.3899999999985,624,610.0,15.668556185395124,0.9775641025641025
26493,2634.24,3793.08,579.4200000000001,294,292.0,15.27571261349616,0.9931972789115646
26495,6557.04,4785.48,-885.7800000000002,504,252.0,-18.509741969457615,0.5
26496,14265.6,3527.1800000000003,-5369.21,480,82.0,-152.22387289562766,0.17083333333333334
26497,16579.079999999998,21634.059999999998,2527.49,1428,1194.0,11.682920357991057,0.8361344537815126
26498,3276.0,1659.8,-808.1,60,20.0,-48.68658874563201,0.3333333333333333
26499,20244.96,28891.94,4323.49,1654,1606.0,14.964346457870256,0.9709794437726723
26500,1869.6000000000001,575.88,-646.8600000000001,60,12.0,-112.32548447593251,0.2
26501,45248.340000000004,30338.86,-7454.740000000002,3462,1714.0,-24.571589044545515,0.4950895436164067
26502,5060.16,703.68,-2178.24,336,32.0,-309.54979536152797,0.09523809523809523
26503,10254.4,12020.66,883.1300000000001,416,334.0,7.346767981125829,0.8028846153846154
26508,13.62,20.98,3.6800000000000006,2,2.0,17.540514775977122,1.0
26510,564.48,221.82,-171.33,72,18.0,-77.23830132539898,0.25
26514,6268.8,5102.24,-583.2800000000002,320,176.0,-11.431841700900002,0.55
26515,639.6,447.71999999999997,-95.94000000000003,60,28.0,-21.428571428571434,0.4666666666666667
26516,518.4,383.76,-67.32,48,24.0,-17.542213883677295,0.5
26517,2713.38,3567.8999999999996,427.25999999999976,246,210.0,11.975111410073147,0.8536585365853658
26518,5832.200000000001,5899.56,33.679999999999836,1210,844.0,0.5708900324769955,0.6975206611570248
26520,1175.28,1822.6799999999998,323.69999999999993,332,332.0,17.75956284153005,1.0
26521,124.08,179.88,27.9,12,12.0,15.51034022681788,1.0
26530,23958.72,41808.86,8925.07,5076,5114.0,21.347317291119634,1.0074862096138693
26534,6745.6,6616.64,-64.48000000000002,1088,736.0,-0.9745127436281861,0.6764705882352942
26535,6572.88,6670.58,48.84999999999991,1074,742.0,0.7323201280848128,0.6908752327746741
26538,15487.68,12027.32,-1730.1800000000003,1326,668.0,-14.3854158698696,0.5037707390648567
26539,180.72,263.88,41.58,12,12.0,15.757162346521145,1.0
26551,44698.5,69532.37999999999,12416.939999999995,3150,3162.0,17.857780792200696,1.0038095238095237
26557,81236.40000000001,101081.84,9922.719999999994,7126,5616.0,9.816520949757141,0.788099915801291
26558,51075.52,54663.04,1793.760000000002,3088,2096.0,3.281485991265766,0.6787564766839378
26560,12420.0,12760.02,170.01000000000022,1150,798.0,1.3323646828139784,0.6939130434782609
26561,762.24,43.96,-359.14,96,4.0,-816.9699727024569,0.041666666666666664
26562,253.44,15.96,-118.74,96,4.0,-743.984962406015,0.041666666666666664
26567,444.48,55.96,-194.26000000000002,48,4.0,-347.14081486776274,0.08333333333333333
26568,575.52,323.82,-125.85,48,18.0,-38.86418380581805,0.375
26569,564.48,407.65999999999997,-78.41000000000003,72,34.0,-19.234165726340585,0.4722222222222222
26570,495.36,383.76,-55.80000000000001,48,24.0,-14.540337711069421,0.5
26571,20568.239999999998,4078.98,-8244.63,792,102.0,-202.12479590485856,0.12878787878787878
26575,486.24,719.52,116.63999999999999,48,48.0,16.210807204803203,1.0
26580,139786.91999999998,136030.13999999998,-1878.3899999999994,9282,6186.0,-1.380863094017252,0.6664511958629605
26583,12570.460000000001,4835.74,-3867.3600000000006,98,26.0,-79.97452303060133,0.2653061224489796
26586,2103.12,1979.56,-61.77999999999997,72,44.0,-3.1208955525470294,0.6111111111111112
26591,931.84,901.1800000000001,-15.329999999999984,128,82.0,-1.7011029982911274,0.640625
26592,8783.039999999999,7116.44,-833.2999999999997,672,356.0,-11.709506438612562,0.5297619047619048
26594,3812.7599999999998,1793.7399999999998,-1009.51,84,26.0,-56.27961688985026,0.30952380952380953
26596,2479.6800000000003,791.82,-843.9300000000001,84,18.0,-106.58104114571493,0.21428571428571427
26606,38070.340000000004,39869.44,899.5499999999993,9218,6656.0,2.256239365288299,0.7220655239748318
26611,987.8399999999999,439.79999999999995,-274.02,72,20.0,-62.305593451568896,0.2777777777777778
26615,1457.0600000000002,1773.04,157.9899999999999,358,296.0,8.910684474123535,0.8268156424581006
26617,174.72,263.76,44.519999999999996,24,24.0,16.878980891719745,1.0
26620,4569.599999999999,639.68,-1964.9599999999998,336,32.0,-307.1785892946473,0.09523809523809523
26621,1815.36,0.0,-907.68,48,0.0,-inf,0.0
26623,470.15999999999997,719.28,124.56,72,72.0,17.31731731731732,1.0
26624,551.52,827.28,137.88,72,72.0,16.666666666666664,1.0
26625,1853.0400000000002,1628.98,-112.03000000000009,168,102.0,-6.877309727559583,0.6071428571428571
26626,783.36,1151.28,183.95999999999998,72,72.0,15.978736710444025,1.0
26627,1790.88,1726.92,-31.980000000000018,168,108.0,-1.8518518518518527,0.6428571428571429
26629,163.2,239.76,38.28,24,24.0,15.965965965965967,1.0
26631,4112.639999999999,1511.5800000000002,-1300.5299999999997,168,42.0,-86.03778827452068,0.25
26632,5423.88,9812.380000000001,2194.2500000000005,1174,1162.0,22.362056911778797,0.989778534923339
26645,1945.5199999999998,441.73999999999995,-751.8899999999999,166,26.0,-170.210983836646,0.1566265060240964
26646,11062.02,16577.4,2757.6900000000005,1114,1060.0,16.63523833653046,0.9515260323159784
26652,2593.7599999999998,3533.92,470.08000000000015,232,208.0,13.301942319011188,0.896551724137931
26654,522.24,0.0,-261.12,48,0.0,-inf,0.0
26655,626.4000000000001,26.98,-299.71000000000004,72,2.0,-1110.859896219422,0.027777777777777776
26663,2840.4,4317.84,738.72,216,216.0,17.10855427713857,1.0
26666,190.56,251.68,30.560000000000002,48,32.0,12.142403051493961,0.6666666666666666
26670,4767.84,1539.3,-1614.27,336,70.0,-104.87039563437925,0.20833333333333334
26671,3428.46,1439.96,-994.25,14,4.0,-69.04705686269062,0.2857142857142857
26672,50110.56,37894.06,-6108.25,4094,3494.0,-16.119280963823883,0.8534440644846116
26673,295.68,431.52,67.91999999999999,48,48.0,15.739710789766406,1.0
26674,248.16,0.0,-124.08,24,0.0,-inf,0.0
26677,8104.0,9476.84,686.4200000000001,400,316.0,7.243131676803662,0.79
26678,5652.54,5456.36,-98.09000000000015,558,364.0,-1.7977186256038853,0.6523297491039427
26679,9011.4,5814.18,-1598.6099999999997,1380,582.0,-27.49502079398986,0.4217391304347826
26680,13034.24,15884.12,1424.9400000000005,2396,1988.0,8.970846354724092,0.8297161936560935
26681,5797.68,8513.82,1358.0699999999997,1218,1218.0,15.951359084406292,1.0
26682,7327.360000000001,6398.72,-464.32000000000016,214,128.0,-7.256451290258053,0.5981308411214953
26683,40880.0,56852.76,7986.380000000001,7000,6324.0,14.047479840908341,0.9034285714285715
26684,46645.76,38418.06,-4113.850000000002,5206,3794.0,-10.708114881386521,0.7287744909719555
26685,6177.360000000001,1025.82,-2575.7700000000004,168,18.0,-251.0937591390303,0.10714285714285714
26686,2367.72,0.0,-1183.86,12,0.0,-inf,0.0
26687,3039.0,0.0,-1519.5,60,0.0,-inf,0.0
26688,5344.08,1371.72,-1986.1799999999998,168,28.0,-144.7948560930802,0.16666666666666666
26689,5344.08,979.8000000000001,-2182.14,168,20.0,-222.71279853031228,0.11904761904761904
26690,5823.74,4848.0599999999995,-487.84000000000015,338,194.0,-10.062581733724421,0.5739644970414202
26691,3394.56,0.0,-1697.28,24,0.0,-inf,0.0
26692,3413.76,2393.62,-510.07000000000016,84,38.0,-21.30956459254185,0.4523809523809524
26693,6004.32,3616.66,-1193.83,336,134.0,-33.00918527038759,0.39880952380952384
26694,1860.12,1077.86,-391.13,36,14.0,-36.28764403540349,0.3888888888888889
26695,4469.76,543.84,-1962.96,192,16.0,-360.9443954104148,0.08333333333333333
26696,3387.6,2029.3,-679.15,180,70.0,-33.46720544029961,0.3888888888888889
26697,5490.0,2659.62,-1415.19,120,38.0,-53.21023304081035,0.31666666666666665
26699,4169.759999999999,2316.7799999999997,-926.4899999999998,336,122.0,-39.99041773495972,0.3630952380952381
26701,5012.54,5977.4,482.42999999999984,338,260.0,8.070900391474552,0.7692307692307693
26702,273.6,407.76,67.07999999999998,24,24.0,16.45085344320188,1.0
26704,270.24,399.84,64.79999999999998,16,16.0,16.20648259303721,1.0
26705,2273.04,2303.52,15.240000000000009,72,48.0,0.6615961658678895,0.6666666666666666
26706,1934.4,2349.06,207.32999999999993,120,94.0,8.826083624939335,0.7833333333333333
26707,13573.04,20541.78,3484.369999999999,842,822.0,16.962356718843253,0.9762470308788599
26708,57011.04,28165.8,-14422.62,1272,520.0,-51.206143620987156,0.4088050314465409
26709,2895.2000000000003,3218.42,161.6099999999999,470,358.0,5.021408020084387,0.7617021276595745
26710,92507.40000000001,52064.1,-20221.650000000005,9990,9990.0,-38.839910802261066,1.0
26713,719.28,402.74,-158.26999999999998,72,26.0,-39.298306599791424,0.3611111111111111
26716,52572.159999999996,57454.04,2440.9400000000023,2416,1796.0,4.248508895109904,0.7433774834437086
26717,23776.2,29770.2,2997.0,3570,2980.0,10.06711409395973,0.834733893557423
26728,6713.28,1588.94,-2562.17,672,106.0,-161.25026747391342,0.15773809523809523
26729,4169.759999999999,6380.639999999999,1105.44,336,336.0,17.324907846234865,1.0
26730,2110.04,269.82,-920.11,214,18.0,-341.00882069527836,0.08411214953271028
26732,167292.02,285332.46,59020.220000000016,24638,21754.0,20.68471985276404,0.8829450442406039
26735,253.92,223.72,-15.099999999999994,48,28.0,-6.749508313963881,0.5833333333333334
26739,25152.96,35881.16,5364.100000000002,912,884.0,14.949628161408388,0.9692982456140351
26740,136.8,0.0,-68.4,24,0.0,-inf,0.0
26742,48929.840000000004,43061.22,-2934.3100000000013,5284,3078.0,-6.814275118076081,0.5825132475397427
26744,71351.88,127497.74,28072.93,11114,10930.0,22.0183746002086,0.983444304480835
26750,430.08,623.52,96.72,48,48.0,15.511932255581218,1.0
26754,11641.6,12688.939999999999,523.6699999999992,680,506.0,4.1269798738113606,0.7441176470588236
26755,37538.94,64601.159999999996,13531.109999999997,3882,3884.0,20.945614598870975,1.0005151983513654
26756,1026.0,1247.04,110.51999999999998,120,96.0,8.86258660508083,0.8
26760,21.32,0.0,-10.66,2,0.0,-inf,0.0
26762,104762.16,102828.4,-966.8800000000047,10778,6860.0,-0.9402849796359806,0.63648172202635
26763,3122.4,2468.7,-326.85000000000014,240,130.0,-13.239761817960877,0.5416666666666666
26764,2359.7999999999997,1415.76,-472.01999999999987,60,24.0,-33.340396677402936,0.4
26766,3314.64,3658.7799999999997,172.06999999999994,168,122.0,4.702933764806846,0.7261904761904762
26767,2438.52,1979.5600000000002,-229.4799999999999,84,44.0,-11.592475095475756,0.5238095238095238
26768,12633.720000000001,12597.48,-18.1200000000008,374,252.0,-0.14383829146782373,0.6737967914438503
26769,12118.26,14997.0,1439.37,366,300.0,9.59771954390878,0.819672131147541
26770,3796.7999999999997,2903.56,-446.6199999999999,84,44.0,-15.381807160864591,0.5238095238095238
26771,4282.08,391.92,-1945.08,132,8.0,-496.2951622780158,0.06060606060606061
26772,4639.2,2319.6,-1159.8,120,40.0,-50.0,0.3333333333333333
26774,18223.68,15139.4,-1542.1400000000003,1968,1260.0,-10.186268940644942,0.6402439024390244
26779,13314.4,20799.6,3742.5999999999995,1958,2040.0,17.99361526183196,1.0418794688457609
26781,838.08,883.4799999999999,22.699999999999932,72,52.0,2.5693847059356107,0.7222222222222222
26787,69560.4,113807.32,22123.460000000006,10140,10168.0,19.4393998558265,1.0027613412228797
26802,6138.72,4027.2400000000002,-1055.74,168,76.0,-26.21497601334909,0.4523809523809524
26803,4505.28,6485.0599999999995,989.8899999999999,96,94.0,15.264161010075464,0.9791666666666666
26804,9266.88,8637.84,-314.5199999999995,336,216.0,-3.6411880747964713,0.6428571428571429
26811,7617.72,11438.52,1910.4,2388,2388.0,16.701461377870565,1.0
26812,6280.56,719.76,-2780.4,312,24.0,-386.29543181060353,0.07692307692307693
26813,5712.0,349.86,-2681.07,336,14.0,-766.3265306122449,0.041666666666666664
26814,7365.120000000001,1461.1399999999999,-2951.9900000000007,672,86.0,-202.03334382742247,0.12797619047619047
26815,7230.72,1299.8,-2965.46,168,20.0,-228.14740729342975,0.11904761904761904
26816,7890.96,559.92,-3665.52,168,8.0,-654.6506643806259,0.047619047619047616
26817,104280.08,142297.34,19008.629999999997,19064,18666.0,13.358387444206615,0.9791229542593369
26818,25477.100000000002,42201.52,8362.209999999997,2438,2448.0,19.814949793277584,1.0041017227235438
26820,1756.8400000000001,1182.52,-287.1600000000001,334,148.0,-24.28373304468424,0.4431137724550898
26821,47544.92,94513.08,23484.08,9644,9892.0,24.84743910578303,1.0257154707590213
26826,1145.52,1318.9,86.69000000000005,148,110.0,6.572901660474642,0.7432432432432432
26827,43214.08,69034.46,12910.190000000002,6272,6354.0,18.70108059076583,1.0130739795918366
26833,8526.56,9275.36,374.40000000000055,644,464.0,4.036501009125258,0.7204968944099379
26834,3667.68,2987.7,-339.99,432,230.0,-11.379656592027313,0.5324074074074074
26835,2786.3999999999996,3058.2999999999997,135.95000000000005,240,170.0,4.445280057548313,0.7083333333333334
26836,3798.4800000000005,4266.0599999999995,233.7899999999995,266,194.0,5.480232345536621,0.7293233082706767
26837,1932.0,1398.78,-266.61,240,122.0,-19.0601810148844,0.5083333333333333
26838,700.92,89.94,-305.49,54,6.0,-339.6597731821214,0.1111111111111111
26839,130.6,199.8,34.60000000000001,20,20.0,17.317317317317322,1.0
26840,2397.6,3160.14,381.27,216,186.0,12.064971805046612,0.8611111111111112
26842,1389.6,2014.56,312.48,144,144.0,15.51107934238742,1.0
26844,9793.359999999999,10596.42,401.53000000000065,758,558.0,3.7892986499213945,0.7361477572559367
26845,410.4,285.78000000000003,-62.309999999999974,48,22.0,-21.803485198404353,0.4583333333333333
26846,590.8,571.5600000000001,-9.619999999999948,70,44.0,-1.683112884036662,0.6285714285714286
26847,4329.12,6379.4400000000005,1025.1600000000003,464,456.0,16.069749068883795,0.9827586206896551
26848,3019.8,3599.52,289.8599999999999,60,48.0,8.052740365382048,0.8
26849,7175.14,3957.36,-1608.89,742,264.0,-40.65563911294399,0.3557951482479784
26850,7112.88,9383.74,1135.4299999999998,712,626.0,12.099972931901352,0.8792134831460674
26851,9535.68,5398.92,-2068.38,288,108.0,-38.310995532439826,0.375
26852,8682.960000000001,2599.48,-3041.7400000000007,264,52.0,-117.01340268053613,0.19696969696969696
26853,5004.5599999999995,3178.94,-912.8099999999997,242,106.0,-28.71428841060227,0.4380165289256198
26854,7690.32,2111.52,-2789.3999999999996,264,48.0,-132.1038872471016,0.18181818181818182
26860,4190.400000000001,3975.66,-107.37000000000035,360,234.0,-2.7006836600715443,0.65
26861,4448.639999999999,6158.46,854.9100000000003,168,154.0,13.881879560799296,0.9166666666666666
26862,4730.400000000001,6396.0,832.7999999999997,432,400.0,13.020637898686674,0.9259259259259259
26864,4377.84,5596.5,609.3299999999999,408,350.0,10.88769766818547,0.8578431372549019
26865,6948.48,2128.58,-2409.95,672,142.0,-113.21867160266467,0.2113095238095238
26866,3185.9199999999996,1763.02,-711.4499999999998,262,98.0,-40.35405157060043,0.37404580152671757
26867,6741.68,7977.34,617.8299999999999,326,266.0,7.744812180501269,0.8159509202453987
26868,6718.32,5999.0,-359.65999999999985,168,100.0,-5.995332555425902,0.5952380952380952
26869,7539.78,8267.22,363.7199999999998,106,78.0,4.399544224055969,0.7358490566037735
26870,12152.4,10678.22,-737.0900000000001,312,178.0,-6.90274221733585,0.5705128205128205
26871,3622.08,4929.259999999999,653.5899999999997,308,274.0,13.259393904967476,0.8896103896103896
26872,2621.52,2878.08,128.27999999999997,264,192.0,4.457138092061373,0.7272727272727273
26876,2918.7,24316.96,10699.13,54,304.0,43.99863305281581,5.62962962962963
26877,307.92,455.76,73.91999999999999,24,24.0,16.219062664560294,1.0
26882,3220.7999999999997,3679.54,229.37000000000012,60,46.0,6.233659642237892,0.7666666666666667
26883,6813.6,4437.04,-1188.2800000000002,668,296.0,-26.78091700773489,0.4431137724550898
26885,56985.200000000004,85186.28,14100.539999999997,4360,4172.0,16.552595089256155,0.9568807339449541
26886,1872.36,1143.48,-364.43999999999994,126,52.0,-31.871130234022456,0.4126984126984127
26889,2102.4,4925.62,1411.61,180,238.0,28.65852420608979,1.3222222222222222
26890,30137.6,23649.18,-3244.209999999999,2216,1482.0,-13.718065488951412,0.6687725631768953
26891,17020.0,14339.84,-1340.08,1850,1016.0,-9.345153083995358,0.5491891891891892
26892,9466.8,7939.12,-763.8399999999997,966,648.0,-9.621217464907945,0.6708074534161491
26896,4343.78,5647.74,651.98,266,226.0,11.544086661213159,0.849624060150376
26913,3855.06,3898.7,21.819999999999936,198,130.0,0.5596737373996444,0.6565656565656566
26919,512.64,743.52,115.44,48,48.0,15.526145900581021,1.0
26921,552.48,839.52,143.51999999999998,48,48.0,17.09548313321898,1.0
26923,479.52,719.52,120.0,48,48.0,16.67778519012675,1.0
26935,2450.0,3357.76,453.8800000000001,250,224.0,13.517344896597736,0.896
26939,4875.12,9337.74,2231.31,216,226.0,23.8956107152266,1.0462962962962963
26943,8409.94,30193.96,10892.009999999998,254,604.0,36.07347297274024,2.377952755905512
26944,6762.96,11956.14,2596.5899999999997,372,386.0,21.717627930084458,1.0376344086021505
26945,250205.66,420458.64,85126.49,36958,34136.0,20.246103160111065,0.9236430542778289
26947,22061.76,34935.6,6436.92,1608,1640.0,18.425102188025967,1.0199004975124377
26948,400413.84,590718.9,95152.53,34728,30110.0,16.107920366184324,0.8670237272517853
26949,261587.32,384806.62,61609.649999999994,16844,16738.0,16.010548363227223,0.9937069579672286
26950,7.98,11.58,1.7999999999999998,2,2.0,15.544041450777202,1.0
26966,43920.78,71319.18000000001,13699.200000000004,6726,6882.0,19.20829712287775,1.023193577163247
26983,10978.800000000001,5999.400000000001,-2489.7000000000003,168,60.0,-41.4991499149915,0.35714285714285715
26985,6772.08,4247.5,-1262.29,696,250.0,-29.71842260153031,0.35919540229885055
26990,19543.68,30069.74,5263.030000000001,6032,6026.0,17.502745284794617,0.9990053050397878
26992,11419.199999999999,4690.9800000000005,-3364.109999999999,360,102.0,-71.71443920033764,0.2833333333333333
26994,17275.68,15907.58,-684.0500000000002,744,442.0,-4.300151248650016,0.5940860215053764
26995,31447.0,36281.520000000004,2417.260000000002,820,648.0,6.662510280715918,0.7902439024390244
26996,17752.98,9608.5,-4072.24,1966,750.0,-42.381641255138675,0.3814852492370295
26997,313.68,255.85999999999999,-28.91000000000001,24,14.0,-11.299147971546944,0.5833333333333334
27005,5876.64,4199.3,-838.6700000000001,144,70.0,-19.971661943657278,0.4861111111111111
27009,15830.400000000001,6660.08,-4585.160000000001,1360,392.0,-68.84541927424297,0.28823529411764703
27010,29925.0,17928.78,-5998.110000000001,1750,722.0,-33.455204425510274,0.4125714285714286
27011,7708.32,6494.84,-606.7399999999998,212,116.0,-9.341877552025913,0.5471698113207547
27012,16230.24,10363.9,-2933.17,1404,610.0,-28.301797585850885,0.43447293447293445
27013,8897.279999999999,3199.2,-2849.0399999999995,336,80.0,-89.05476369092273,0.23809523809523808
27014,17003.14,5319.24,-5841.95,362,76.0,-109.82677976553042,0.20994475138121546
27015,5917.44,1799.8,-2058.8199999999997,96,20.0,-114.39159906656293,0.20833333333333334
27016,15693.04,12464.74,-1614.1500000000005,2098,1126.0,-12.949728594419142,0.5367016205910391
27017,15356.94,15943.52,293.28999999999996,2166,1448.0,1.8395561331500194,0.6685133887349953
27022,214.62,321.85999999999996,53.619999999999976,14,14.0,16.65941713788603,1.0
27027,3168.3399999999997,1519.6200000000001,-824.3599999999998,122,38.0,-54.24777246943313,0.3114754098360656
27031,144937.08,104936.04000000001,-20000.51999999999,804,396.0,-19.059724380679878,0.4925373134328358
27033,39.46,1781.46,871.0,2,54.0,48.89248144780124,27.0
27042,106073.31999999999,159232.14,26579.41000000001,16244,15986.0,16.692239393378756,0.9841172125092342
27051,21297.6,0.0,-10648.8,2088,0.0,-inf,0.0
27053,473.04,419.58,-26.730000000000018,72,42.0,-6.370656370656374,0.5833333333333334
27056,11295.0,10771.66,-261.6700000000001,1004,634.0,-2.429244888902918,0.6314741035856574
27061,3893.4000000000005,2239.68,-826.8600000000004,84,32.0,-36.918666952421795,0.38095238095238093
27062,2316.72,1919.52,-198.5999999999999,84,48.0,-10.346336584146032,0.5714285714285714
27063,2097.6,1979.4,-59.09999999999991,96,60.0,-2.985753258563196,0.625
27064,2320.32,2043.7199999999998,-138.30000000000018,48,28.0,-6.767071810228417,0.5833333333333334
27065,39587.28,51800.880000000005,6106.800000000003,1686,1512.0,11.78898891292967,0.896797153024911
27066,2181.48,1919.52,-130.98000000000002,84,48.0,-6.823580895223808,0.5714285714285714
27067,3817.38,367.92,-1724.73,122,8.0,-468.7785388127854,0.06557377049180328
27069,161.04,0.0,-80.52,12,0.0,-inf,0.0
27071,568.32,431.76,-68.28000000000003,48,24.0,-15.814341300722631,0.5
27083,17468.44,16331.84,-568.2999999999993,1276,816.0,-3.4797058996414316,0.6394984326018809
27089,349.44,527.76,89.16,24,24.0,16.894042746703047,1.0
27091,2337.12,1447.4399999999998,-444.84000000000003,144,56.0,-30.732880119383193,0.3888888888888889
27092,1505.28,2158.2,326.4599999999999,192,180.0,15.126494300806225,0.9375
27093,568.08,599.5,15.70999999999998,72,50.0,2.620517097581314,0.6944444444444444
27094,7229.120000000001,7127.08,-51.02000000000044,1312,892.0,-0.7158611942057678,0.6798780487804879
27095,8772.0,9476.84,352.4200000000001,430,316.0,3.718750131900508,0.7348837209302326
27097,11999.039999999999,25346.62,6673.79,232,338.0,26.330098450996626,1.456896551724138
27098,22102.08,599.9399999999999,-10751.070000000002,336,6.0,-1792.0242024202423,0.017857142857142856
27100,6469.38,8605.38,1067.9999999999995,762,662.0,12.410840660145162,0.868766404199475
27103,62231.7,95164.74,16466.520000000004,7330,7326.0,17.303173423265804,0.9994542974079127
27105,9949.86,8728.06,-610.9000000000005,334,194.0,-6.999264441353527,0.5808383233532934
27106,5560.8,4548.179999999999,-506.3100000000004,336,182.0,-11.13214516575862,0.5416666666666666
27111,34301.52,47392.1,6545.290000000001,852,790.0,13.810930513735414,0.9272300469483568
27121,218.16,0.0,-109.08,12,0.0,-inf,0.0
27123,257.64,0.0,-128.82,12,0.0,-inf,0.0
27124,29743.2,21677.92,-4032.6400000000012,2916,1808.0,-18.602522751260274,0.6200274348422496
27131,1960.2,2199.56,119.67999999999995,60,44.0,5.441088217643526,0.7333333333333333
27132,1847.52,2658.6,405.53999999999996,144,140.0,15.253893026404874,0.9722222222222222
27133,1727.6399999999999,719.9,-503.86999999999995,36,10.0,-69.99166550909848,0.2777777777777778
27134,1632.0,79.96,-776.02,120,4.0,-970.5102551275638,0.03333333333333333
27135,2592.0,3261.96,334.98,240,204.0,10.26928595077806,0.85
27136,1555.92,1071.84,-242.04000000000008,36,16.0,-22.581728616211382,0.4444444444444444
27137,1121.76,719.6999999999999,-201.03000000000003,72,30.0,-27.93247186327637,0.4166666666666667
27138,4406.4,5404.62,499.1100000000001,408,338.0,9.234876827603053,0.8284313725490197
27139,2963.52,1781.34,-591.09,168,66.0,-33.18232341944828,0.39285714285714285
27140,2651.04,2590.9199999999996,-30.060000000000173,168,108.0,-1.1602056412394122,0.6428571428571429
27141,1350.6,475.86,-437.36999999999995,60,14.0,-91.91148657168074,0.23333333333333334
27142,36687.6,23716.22,-6485.689999999999,4740,1978.0,-27.347064582804503,0.41729957805907175
27143,42029.28,12089.279999999999,-14970.0,3726,672.0,-123.82871436512349,0.18035426731078905
27144,52429.44,27524.699999999997,-12452.370000000003,4648,1530.0,-45.2407110704204,0.3291738382099828
27145,89847.0,142136.8,26144.899999999994,14900,14720.0,18.39418081735342,0.9879194630872483
27146,7778.88,15001.24,3611.18,1184,1476.0,24.072543336417525,1.2466216216216217
27157,20859.12,13341.1,-3759.0099999999993,2088,890.0,-28.176162385410493,0.42624521072796934
27158,14900.16,11165.84,-1867.1599999999999,1992,1016.0,-16.722073753519663,0.5100401606425703
27159,15827.039999999999,3626.7,-6100.17,2088,330.0,-168.20167094052445,0.15804597701149425
27161,6903.12,719.88,-3091.62,168,12.0,-429.463243873979,0.07142857142857142
27162,4362.96,639.84,-1861.56,168,16.0,-290.9414853713428,0.09523809523809523
27163,9253.44,5978.56,-1637.44,1296,544.0,-27.388535031847134,0.41975308641975306
27164,5927.04,1349.5,-2288.77,336,50.0,-169.60133382734347,0.1488095238095238
27165,5026.56,5321.58,147.50999999999976,336,242.0,2.7719211211707755,0.7202380952380952
27166,4253.759999999999,2810.52,-721.6199999999997,336,148.0,-25.675675675675663,0.44047619047619047
27167,9535.2,3959.34,-2787.9300000000003,240,66.0,-70.41400839533863,0.275
27168,2373.1,2810.52,218.71000000000004,190,148.0,7.781833966668092,0.7789473684210526
27169,3944.64,4198.8,127.08000000000015,168,120.0,3.026579022577883,0.7142857142857143
27170,6543.599999999999,8398.6,927.5000000000005,168,140.0,11.04350725120854,0.8333333333333334
27171,6789.12,5916.3,-436.40999999999985,624,370.0,-7.376400791034935,0.592948717948718
27172,3822.0,2810.52,-505.74,312,148.0,-17.99453481917937,0.47435897435897434
27173,6469.68,683.88,-2892.9,168,12.0,-423.0128092647833,0.07142857142857142
27176,23092.0,36725.5,6816.75,2510,2450.0,18.56135382772188,0.9760956175298805
27178,3263.76,1223.82,-1019.9700000000001,72,18.0,-83.3431386968672,0.25
27180,21626.6,18939.5,-1343.5499999999993,1420,1050.0,-7.093904274136061,0.7394366197183099
27189,846.96,1295.76,224.39999999999998,24,24.0,17.31802185589924,1.0
27191,3387.84,1943.82,-722.0100000000001,48,18.0,-37.1438713461123,0.375
27192,3638.3999999999996,2537.46,-550.4699999999998,120,54.0,-21.69374098507956,0.45
27193,12787.2,4319.2,-4234.0,360,80.0,-98.0274124837933,0.2222222222222222
27194,5636.400000000001,999.8000000000001,-2318.3,168,20.0,-231.876375275055,0.11904761904761904
27195,9727.2,8475.76,-625.7200000000003,720,424.0,-7.38246481731432,0.5888888888888889
27196,5671.68,2547.02,-1562.3300000000002,336,98.0,-61.3395261913923,0.2916666666666667
27197,4590.0,3305.42,-642.29,120,58.0,-19.431418700195437,0.48333333333333334
27198,4940.88,5848.7,453.90999999999985,168,130.0,7.760869936909054,0.7738095238095238
27201,41587.92,9155.42,-16216.25,3204,458.0,-177.1218578721675,0.14294631710362046
27202,108160.8,113066.82,2453.010000000002,15906,11318.0,2.169522411614656,0.7115553879039356
27203,90521.6,102776.88,6127.639999999999,10240,7912.0,5.962080187684233,0.77265625
27204,1632.0,2399.04,383.52,96,96.0,15.986394557823127,1.0
27206,17874.239999999998,0.0,-8937.119999999999,2064,0.0,-inf,0.0
27212,16619.36,28275.06,5827.85,482,494.0,20.61127368076319,1.0248962655601659
27214,6934.240000000001,5438.400000000001,-747.9200000000001,304,160.0,-13.75257428655487,0.5263157894736842
27219,19198.800000000003,10888.56,-4155.120000000002,360,144.0,-38.16041790650005,0.4
27220,9289.199999999999,459.96,-4414.62,120,4.0,-959.7834594312549,0.03333333333333333
27221,14316.42,14943.42,313.5,358,258.0,2.0979133290772793,0.7206703910614525
27233,31660.2,45883.4,7111.6,7722,7660.0,15.49928732395594,0.9919709919709919
27235,86.64,0.0,-43.32,24,0.0,-inf,0.0
27243,32454.1,23336.64,-4558.73,4970,2336.0,-19.534645947317177,0.47002012072434607
27250,264.48,111.86,-76.31,48,14.0,-68.21920257464689,0.2916666666666667
27251,130.56,191.76,30.599999999999994,24,24.0,15.957446808510637,1.0
27255,44853.2,22976.8,-10938.199999999999,3320,1520.0,-47.60541067511576,0.4578313253012048
27259,61428.32,53538.68,-3944.8199999999997,3032,2132.0,-7.368168210348107,0.7031662269129287
27262,23614.74,0.0,-11807.37,2034,0.0,-inf,0.0
27264,534.96,373.65999999999997,-80.65000000000003,72,34.0,-21.58379275276991,0.4722222222222222
27267,3362.3999999999996,567.92,-1397.2399999999998,72,8.0,-246.0276095224679,0.1111111111111111
27269,2012.64,0.0,-1006.32,24,0.0,-inf,0.0
27273,10691.279999999999,6393.6,-2148.8399999999992,1116,640.0,-33.60923423423422,0.5734767025089605
27274,47763.0,419.98,-23671.51,348,2.0,-5636.34220677175,0.005747126436781609
27275,4952.88,0.0,-2476.44,18,0.0,-inf,0.0
27276,42154.56,54767.08,6306.260000000002,6888,6092.0,11.514690942076886,0.8844367015098722
27279,6657.6,3095.64,-1780.9800000000002,120,36.0,-57.53188355235106,0.3
27284,2940.02,3599.4,329.69000000000005,74,60.0,9.159582152580988,0.8108108108108109
27285,6039.6,1479.8,-2279.9,120,20.0,-154.06811731315045,0.16666666666666666
27286,3220.8,2599.48,-310.6600000000001,96,52.0,-11.950851708803302,0.5416666666666666
27287,7282.44,10398.699999999999,1558.1299999999997,132,130.0,14.98389221729639,0.9848484848484849
27288,39535.2,32253.1,-3641.0499999999993,3420,2690.0,-11.288992375926652,0.7865497076023392
27289,7512.96,1495.12,-3008.92,672,88.0,-201.24939804162878,0.13095238095238096
27290,28734.72,2079.84,-13327.44,336,16.0,-640.7915993537964,0.047619047619047616
27291,17794.56,7036.48,-5379.040000000001,1344,352.0,-76.44504070216928,0.2619047619047619
27303,23805.48,36263.18,6228.85,4028,4082.0,17.176789239112512,1.0134061569016881
27316,9182.88,2295.72,-3443.58,168,28.0,-150.0,0.16666666666666666
27318,4183.200000000001,859.9,-1661.6500000000003,72,10.0,-193.23758576578675,0.1388888888888889
27319,5573.5199999999995,0.0,-2786.7599999999998,72,0.0,-inf,0.0
27320,4897.200000000001,1439.76,-1728.7200000000003,120,24.0,-120.07001166861144,0.2
27322,7977.599999999999,1803.78,-3086.91,144,22.0,-171.13561520806306,0.1527777777777778
27325,3976.5600000000004,1918.4,-1029.0800000000002,504,160.0,-53.64261884904087,0.31746031746031744
27326,3525.12,1414.82,-1055.15,432,118.0,-74.57839159751771,0.27314814814814814
27327,246.48,0.0,-123.24,24,0.0,-inf,0.0
27328,3572.64,1558.7,-1006.9699999999999,432,130.0,-64.60319497016744,0.30092592592592593
27330,30297.600000000002,48858.66,9280.53,3840,3934.0,18.99464700832974,1.0244791666666666
27331,22107.780000000002,34929.58,6410.9,2802,2842.0,18.353784958193025,1.0142755174875089
27332,5231.52,3997.5,-617.0100000000002,504,250.0,-15.43489681050657,0.49603174603174605
27333,289.44,197.68,-45.879999999999995,72,32.0,-23.209227033589634,0.4444444444444444
27334,5554.5599999999995,3677.7,-938.4299999999998,528,230.0,-25.516763194387792,0.4356060606060606
27342,18573.6,77.94,-9247.83,2130,6.0,-11865.3194765204,0.0028169014084507044
27348,6068.16,3358.7999999999997,-1354.68,336,120.0,-40.33226152197214,0.35714285714285715
27349,2478.96,0.0,-1239.48,264,0.0,-inf,0.0
27350,226281.6,347594.16,60656.279999999984,20952,20984.0,17.45031619633655,1.0015273004963727
27351,371936.16000000003,598644.46,113354.14999999997,35832,35954.0,18.935137226526738,1.003404777852199
27360,4108.8,599.88,-1754.46,120,12.0,-292.46849369873974,0.1
27361,42169.6,65271.46,11550.93,7040,7054.0,17.69675444673675,1.0019886363636363
27367,9239.3,5717.139999999999,-1761.08,670,286.0,-30.803513644934355,0.42686567164179107
27368,60884.92,90288.22,14701.650000000001,4234,4178.0,16.28302119589909,0.9867737364194615
27369,16860.96,1595.1599999999999,-7632.9,1296,84.0,-478.50372376438725,0.06481481481481481
27370,1376.7,6072.36,2347.83,130,364.0,38.664209631840016,2.8
27371,16798.32,1199.92,-7799.2,168,8.0,-649.9766651110074,0.047619047619047616
27393,37706.7,20599.38,-8553.659999999998,5846,2062.0,-41.52387110680029,0.35271980841601097
27395,2929.92,2495.04,-217.44000000000005,168,96.0,-8.714890342439402,0.5714285714285714
27396,2299.92,919.54,-690.19,168,46.0,-75.05818126454533,0.27380952380952384
27398,4108.8,699.86,-1704.47,120,14.0,-243.54442317034835,0.11666666666666667
27399,2627.52,1839.1999999999998,-394.1600000000001,168,80.0,-21.431056981296223,0.47619047619047616
27403,4596.48,719.28,-1938.6,672,72.0,-269.5195195195195,0.10714285714285714
27404,2432.64,2350.88,-40.87999999999988,168,112.0,-1.7389232968079988,0.6666666666666666
27405,6044.639999999999,4156.46,-944.0899999999997,336,154.0,-22.713799723803422,0.4583333333333333
27406,6160.8,759.8000000000001,-2700.5,240,20.0,-355.4224795998947,0.08333333333333333
27407,10162.800000000001,1871.7399999999998,-4145.530000000001,216,26.0,-221.48001324970355,0.12037037037037036
27408,9663.6,2639.7799999999997,-3511.9100000000003,120,22.0,-133.0379804377638,0.18333333333333332
27409,7944.0,863.82,-3540.09,240,18.0,-409.8180176425644,0.075
27410,6004.32,2159.2,-1922.56,336,80.0,-89.04038532789923,0.23809523809523808
27411,1759.68,329.94,-714.87,48,6.0,-216.66666666666666,0.125
27412,32275.8,26449.94,-2912.9300000000003,4170,2206.0,-11.012992846108537,0.5290167865707434
27425,933.1,1399.3,233.09999999999997,70,70.0,16.658329164582288,1.0
27429,54463.8,82759.73999999999,14147.969999999994,4222,4026.0,17.095232536979932,0.9535765040265277
27432,11647.68,16112.16,2232.24,1056,984.0,13.854380790657489,0.9318181818181818
27433,6136.32,7431.44,647.56,564,456.0,8.713788983023479,0.8085106382978723
27437,14948.76,18573.1,1812.1699999999992,2082,1690.0,9.756960335108298,0.8117195004803074
27440,611.52,398.58,-106.47,96,42.0,-26.71232876712329,0.4375
27442,930.24,183.92,-373.16,72,8.0,-202.89256198347113,0.1111111111111111
27443,3264.96,623.88,-1320.54,96,12.0,-211.6657049432583,0.125
27444,1168.56,329.88,-419.34,72,12.0,-127.11895234630775,0.16666666666666666
27460,35457.9,53946.0,9244.05,5430,5400.0,17.135746857969078,0.994475138121547
27461,358827.83999999997,540117.2,90644.68,58632,58680.0,16.78240944743104,1.0008186655751126
27472,12659.2,19879.18,3609.99,1472,1482.0,18.159652460513964,1.0067934782608696
27473,6807.360000000001,329.78000000000003,-3238.7900000000004,672,22.0,-982.106252653284,0.03273809523809524
27474,6625.92,1528.98,-2548.4700000000003,672,102.0,-166.67778519012677,0.15178571428571427
27480,9615.599999999999,3461.1200000000003,-3077.239999999999,360,88.0,-88.90879252958575,0.24444444444444444
27481,3903.6000000000004,1139.8799999999999,-1381.8600000000001,60,12.0,-121.22855037372358,0.2
27483,6206.4,1799.64,-2203.3799999999997,180,36.0,-122.43448689737946,0.2
27484,1324.4,399.98,-462.21000000000004,10,2.0,-115.55827791389571,0.2
27488,2970.24,4520.5199999999995,775.1399999999999,336,348.0,17.147142364152796,1.0357142857142858
27489,469.6,419.88,-24.860000000000014,20,12.0,-5.9207392588358605,0.6
27491,378.71999999999997,575.28,98.28,72,72.0,17.083854818523157,1.0
27492,4892.16,3606.3599999999997,-642.9000000000001,336,164.0,-17.826839250657176,0.4880952380952381
27493,4925.759999999999,2902.68,-1011.5399999999997,336,132.0,-34.84848484848484,0.39285714285714285
27494,4226.88,1215.36,-1505.7600000000002,336,64.0,-123.89415481832546,0.19047619047619047
27496,383.52,287.76,-47.879999999999995,48,24.0,-16.638865721434527,0.5
27497,676.08,671.52,-2.2800000000000296,72,48.0,-0.33952823445318525,0.6666666666666666
27499,244.8,359.76,57.47999999999999,24,24.0,15.977318212141425,1.0
27501,3386.88,5461.84,1037.48,216,216.0,18.995063934498262,1.0
27502,6854.400000000001,989.34,-2932.53,672,66.0,-296.41276002183275,0.09821428571428571
27503,45716.32,76853.34,15568.509999999998,6448,6266.0,20.25742797905725,0.9717741935483871
27504,6854.400000000001,959.36,-2947.5200000000004,672,64.0,-307.238158772515,0.09523809523809523
27506,7944.0,299.88,-3822.06,480,12.0,-1274.52981192477,0.025
27512,71971.72,113453.65999999999,20740.969999999994,5108,4834.0,18.281446363211195,0.9463586530931871
27513,3842.16,1609.54,-1116.31,168,46.0,-69.35584079923456,0.27380952380952384
27514,43050.880000000005,65289.38,11119.249999999996,3928,3662.0,17.030717706309964,0.9322810590631364
27515,65838.08,104711.72,19436.82,7348,7428.0,18.562220160264772,1.010887316276538
27516,11032.2,3419.94,-3806.13,30,6.0,-111.29230337374341,0.2
27520,13153.92,3597.12,-4778.4,1632,288.0,-132.8396050173472,0.17647058823529413
27521,8006.879999999999,1295.64,-3355.6199999999994,336,36.0,-258.993238862647,0.10714285714285714
27522,3220.56,1959.3,-630.63,168,70.0,-32.18649517684887,0.4166666666666667
27523,3250.7999999999997,2459.18,-395.80999999999995,168,82.0,-16.095202465862606,0.4880952380952381
27528,18398.3,25738.579999999998,3670.1399999999994,2510,2342.0,14.259294801811132,0.9330677290836653
27534,1959.6000000000001,0.0,-979.8000000000001,120,0.0,-inf,0.0
27546,627.36,519.74,-53.81,48,26.0,-10.35325354985185,0.5416666666666666
27549,40754.44,12709.4,-14022.52,4964,1060.0,-110.33188034053536,0.21353746978243351
27551,8235.36,2659.3,-2788.03,336,70.0,-104.84074756514872,0.20833333333333334
27553,8098.56,53.98,-4022.2900000000004,456,2.0,-7451.444979622083,0.0043859649122807015
27556,211232.6,286872.3,37819.84999999999,23734,21770.0,13.18351405834582,0.9172495154630488
27558,8625.599999999999,5303.04,-1661.2799999999993,240,96.0,-31.32693700217233,0.4
27562,4939.48,4799.700000000001,-69.88999999999942,46,30.0,-1.4561326749588392,0.6521739130434783
27563,3787.6400000000003,2897.54,-445.0500000000002,92,46.0,-15.359580885854903,0.5
27566,1950.48,251.94,-849.27,72,6.0,-337.0921648011431,0.08333333333333333
27567,77346.54000000001,104058.28,13355.869999999995,10698,8972.0,12.834990161282692,0.8386614320433726
27569,2067.6,0.0,-1033.8,120,0.0,-inf,0.0
27572,486.0,0.0,-243.0,24,0.0,-inf,0.0
27579,9099.300000000001,15479.679999999998,3190.1899999999987,210,232.0,20.608888555835772,1.1047619047619048
27581,35244.72,54990.84,9873.059999999998,3528,3516.0,17.954008340298127,0.9965986394557823
27591,37021.92,58215.799999999996,10596.939999999999,1768,1820.0,18.202859017654998,1.0294117647058822
27596,83509.44,134039.08,25264.819999999992,16184,16172.0,18.848846172325263,0.9992585269401878
27611,1799.52,2735.52,468.0,48,48.0,17.108264607825934,1.0
27612,10129.199999999999,11959.54,915.170000000001,60,46.0,7.652217392976661,0.7666666666666667
27613,4831.92,3199.84,-816.04,36,16.0,-25.50252512625631,0.4444444444444444
27617,635.52,959.76,162.12,24,24.0,16.891722930732683,1.0
27619,5308.56,0.0,-2654.28,12,0.0,-inf,0.0
27626,22437.0,8279.98,-7078.51,810,202.0,-85.48945770400412,0.24938271604938272
27627,2643.8399999999997,377.86,-1132.9899999999998,144,14.0,-299.84385751336464,0.09722222222222222
27644,108400.31999999999,159820.02,25709.85,15848,15998.0,16.08675183497036,1.009464916708733
27650,3213.0000000000005,1748.9999999999998,-732.0000000000003,270,100.0,-41.85248713550603,0.37037037037037035
27679,12296.939999999999,18171.48,2937.2700000000004,1318,1252.0,16.164175950445426,0.9499241274658573
27689,4641.6,2222.52,-1209.5400000000002,480,148.0,-54.422007451001576,0.30833333333333335
27693,4254.599999999999,153.98,-2050.31,84,2.0,-1331.5430575399405,0.023809523809523808
27694,1823.3999999999999,153.98,-834.7099999999999,36,2.0,-542.0898818028315,0.05555555555555555
27695,3713.64,0.0,-1856.82,84,0.0,-inf,0.0
27696,6672.96,1739.3999999999999,-2466.78,336,60.0,-141.8178682304243,0.17857142857142858
27697,3336.48,89.94,-1623.27,336,6.0,-1804.8365577051368,0.017857142857142856
27698,1763.6399999999999,145.98,-808.8299999999999,36,2.0,-554.0690505548705,0.05555555555555555
27699,7996.799999999999,399.84,-3798.4799999999996,480,16.0,-950.0,0.03333333333333333
27700,4950.12,177.98,-2386.07,84,2.0,-1340.6393976851334,0.023809523809523808
27707,5398.8,6047.04,324.1199999999999,132,96.0,5.359977774249879,0.7272727272727273
27708,25018.559999999998,0.0,-12509.279999999999,2016,0.0,-inf,0.0
27723,4896.0,1149.54,-1873.23,288,46.0,-162.9547471162378,0.1597222222222222
27724,4798.08,1649.34,-1574.37,288,66.0,-95.45454545454545,0.22916666666666666
27735,348558.34,517974.3,84707.97999999998,53378,50658.0,16.35370326288389,0.949042676758215
27746,15170.399999999998,419.93999999999994,-7375.229999999999,336,6.0,-1756.258036862409,0.017857142857142856
27747,8936.64,2519.44,-3208.5999999999995,288,56.0,-127.35369764709617,0.19444444444444445
27749,8840.16,639.84,-4100.16,336,16.0,-640.8102025506377,0.047619047619047616
27750,7439.04,857.74,-3290.65,336,26.0,-383.64189614568517,0.07738095238095238
27758,438.72,615.56,88.41999999999996,48,44.0,14.364156215478582,0.9166666666666666
27763,5154.24,1599.9,-1777.1699999999998,48,10.0,-111.08006750421899,0.20833333333333334
27764,8396.64,1519.6000000000001,-3438.5199999999995,336,40.0,-226.2779678862858,0.11904761904761904
27765,8352.14,5528.42,-1411.8599999999997,358,158.0,-25.538218876279295,0.441340782122905
27769,6355.2,0.0,-3177.6,480,0.0,-inf,0.0
27773,3199.68,199.98,-1499.85,48,2.0,-750.0,0.041666666666666664
27774,2638.8,197.94,-1220.43,120,6.0,-616.5656259472568,0.05
27775,2895.6,279.92,-1307.84,120,8.0,-467.219205487282,0.06666666666666667
27778,3096.0,319.92,-1388.04,120,8.0,-433.87096774193543,0.06666666666666667
27780,1905.0,939.8000000000001,-482.59999999999997,60,20.0,-51.35135135135135,0.3333333333333333
27781,1240.8,539.8199999999999,-350.49,60,18.0,-64.92719795487386,0.3
27782,2708.3999999999996,489.86,-1109.2699999999998,120,14.0,-226.4463316049483,0.11666666666666667
27783,1271.4,319.9,-475.75000000000006,60,10.0,-148.71834948421386,0.16666666666666666
27784,1363.1999999999998,209.94,-576.6299999999999,60,6.0,-274.66418976850525,0.1
27785,1207.8,839.7199999999999,-184.04000000000002,60,28.0,-21.91682941933026,0.4666666666666667
27786,1588.8,559.86,-514.47,60,14.0,-91.89261601114565,0.23333333333333334
27787,2203.92,0.0,-1101.96,24,0.0,-inf,0.0
27789,1238.64,319.96,-459.34000000000003,24,4.0,-143.5616952119015,0.16666666666666666
27790,2799.6,1679.7599999999998,-559.9200000000001,60,24.0,-33.33333333333334,0.4
27791,2586.6,835.6199999999999,-875.49,180,38.0,-104.77130753213184,0.2111111111111111
27792,1641.6,519.8,-560.9,96,20.0,-107.90688726433244,0.20833333333333334
27793,1869.12,419.86,-724.6299999999999,96,14.0,-172.58848187491066,0.14583333333333334
27794,1191.36,215.94,-487.7099999999999,48,6.0,-225.85440400111142,0.125
27797,2245.84,2961.72,357.9399999999998,268,228.0,12.085544886079704,0.8507462686567164
27798,5555.44,9391.2,1917.8800000000006,856,880.0,20.422097282562405,1.02803738317757
27799,35655.68,55799.78,10072.05,2048,1822.0,18.05033998341929,0.8896484375
27800,2064.6,0.0,-1032.3,60,0.0,-inf,0.0
27801,83481.72,118102.32,17310.300000000003,2668,2568.0,14.657036373205878,0.9625187406296851
27802,67965.46,96098.76,14066.649999999994,4162,3924.0,14.63770188085673,0.9428159538683325
27805,2383.8,839.86,-771.97,60,14.0,-91.91650989450622,0.23333333333333334
27806,1550.3999999999999,835.78,-357.30999999999995,60,22.0,-42.75168106439493,0.36666666666666664
27807,3882.24,7707.32,1912.54,1152,1268.0,24.81459184256006,1.1006944444444444
27808,56341.4,100172.28,21915.44,12410,12572.0,21.87774901399868,1.0130539887187753
27810,1993.92,511.84,-741.0400000000001,96,16.0,-144.77961863082217,0.16666666666666666
27811,1879.8,845.82,-516.99,60,18.0,-61.122933957579626,0.3
27813,82800.90000000001,123396.62,20297.859999999993,8762,8538.0,16.449283618951632,0.974435060488473
27816,534.96,43.98,-245.49,36,2.0,-558.1855388813098,0.05555555555555555
27817,75971.1,149172.06,36600.479999999996,6938,9194.0,24.535747511967053,1.3251657538195445
27826,1999.8,979.8000000000001,-509.99999999999994,60,20.0,-52.05143906919779,0.3333333333333333
27827,2587.2000000000003,131.96,-1227.6200000000001,120,4.0,-930.2970597150653,0.03333333333333333
27830,60487.8,95219.95999999999,17366.079999999994,5524,5004.0,18.237856852701885,0.9058653149891384
27831,64938.96,135084.02,35072.53,9494,11198.0,25.963492943132728,1.1794817779650306
27835,98072.20000000001,212591.08,57259.43999999999,10730,12892.0,26.93407456230054,1.2014911463187326
27849,4416.0,1454.96,-1480.52,480,104.0,-101.75674932644196,0.21666666666666667
27850,2464.7999999999997,599.6,-932.5999999999999,240,40.0,-155.53702468312204,0.16666666666666666
27851,3144.0,75.96,-1534.02,240,4.0,-2019.5102685624015,0.016666666666666666
27852,4795.2,1858.76,-1468.2199999999998,480,124.0,-78.98921861886417,0.25833333333333336
27853,4536.0,979.3000000000001,-1778.35,480,70.0,-181.59399571122228,0.14583333333333334
27854,629727.6,886384.24,128328.32,61738,61536.0,14.477730335097114,0.9967281091062231
27867,64437.44,112679.92,24121.239999999998,13652,14108.0,21.406866458549136,1.0334016993847055
27868,9945.6,1619.82,-4162.89,168,18.0,-256.9970737489351,0.10714285714285714
27870,4982.4,1461.12,-1760.6399999999999,480,88.0,-120.4993429697766,0.18333333333333332
27871,2630.4,691.5999999999999,-969.4000000000001,240,40.0,-140.1677270098323,0.16666666666666666
27872,48679.68,2806.96,-22936.36,2688,104.0,-817.1245760538092,0.03869047619047619
27873,3309.6,399.90000000000003,-1454.85,120,10.0,-363.80345086271564,0.08333333333333333
27874,23323.2,1688.7,-10817.25,2712,130.0,-640.5667081186712,0.04793510324483776
27878,3019.2000000000003,73.98,-1472.6100000000001,120,2.0,-1990.551500405515,0.016666666666666666
27879,2841.6000000000004,1007.4399999999999,-917.0800000000002,240,56.0,-91.03073135869136,0.23333333333333334
27880,3631.2,229.98,-1700.61,48,2.0,-739.4599530393947,0.041666666666666664
27886,28489.920000000002,2308.46,-13090.730000000001,2832,154.0,-567.076319277787,0.054378531073446326
27900,264.48,271.66,3.5900000000000034,48,34.0,1.321504822204227,0.7083333333333334
27901,57.48,0.0,-28.74,12,0.0,-inf,0.0
27907,631.44,959.76,164.15999999999997,24,24.0,17.104276069017253,1.0
27911,10400.76,18088.8,3844.0199999999995,1002,1120.0,21.250829242404137,1.1177644710578842
27924,3114.72,0.0,-1557.36,84,0.0,-inf,0.0
27925,3325.56,0.0,-1662.78,84,0.0,-inf,0.0
27926,5302.08,0.0,-2651.04,336,0.0,-inf,0.0
27932,22325.38,33959.7,5817.159999999998,1862,1830.0,17.129597729072984,0.9828141783029001
27934,6.74,9.98,1.62,2,2.0,16.23246492985972,1.0
27969,8178.24,73.98,-4052.13,336,2.0,-5477.331711273317,0.005952380952380952
27973,96.56,0.0,-48.28,8,0.0,-inf,0.0
27988,282.26,0.0,-141.13,22,0.0,-inf,0.0
27989,18430.8,0.0,-9215.4,60,0.0,-inf,0.0
28005,3445.7999999999997,0.0,-1722.8999999999999,60,0.0,-inf,0.0
28006,4054.6800000000003,0.0,-2027.3400000000001,84,0.0,-inf,0.0
28007,2978.3999999999996,0.0,-1489.1999999999998,240,0.0,-inf,0.0
28029,4929.599999999999,0.0,-2464.7999999999997,240,0.0,-inf,0.0
28038,3027.36,4590.3,781.47,816,770.0,17.024377491667213,0.9436274509803921
28039,10595.76,16415.739999999998,2909.989999999999,1802,1826.0,17.726828032120387,1.0133185349611542
28050,1350.0,135.92,-607.04,120,8.0,-446.6156562683932,0.06666666666666667
28069,58424.0,98742.9,20159.449999999997,10720,10478.0,20.416100803196986,0.9774253731343283
28070,32634.0,49550.4,8458.2,4900,4960.0,17.06989247311828,1.0122448979591836
28081,52730.700000000004,83659.16,15464.23,9570,9684.0,18.48480190334208,1.0119122257053292
28092,86179.04000000001,134230.8,24025.87999999999,8912,8720.0,17.898932286777693,0.9784560143626571
28114,50896.64,87276.23999999999,18189.799999999996,4678,5176.0,20.841640290644968,1.1064557503206498
28122,24447.36,39034.92,7293.779999999999,1712,1708.0,18.68526949715793,0.9976635514018691
28138,102995.2,198544.26,47774.530000000006,16720,20822.0,24.062408049469678,1.245334928229665
28146,4578.5599999999995,9956.0,2688.7200000000003,584,800.0,27.006026516673366,1.36986301369863
28147,360427.2,617579.02,128575.91,50480,55898.0,20.819345514684095,1.1073296354992077
28148,125.4,155.88,15.239999999999995,12,12.0,9.776751347190144,1.0
28155,4974.24,8526.72,1776.2399999999998,482,528.0,20.831456879081287,1.095435684647303
28156,30313.399999999998,44659.98,7173.290000000003,3406,3202.0,16.06200898433005,0.9401056958308867
28162,14634.9,24237.5,4801.3,1818,1850.0,19.80938628158845,1.0176017601760177
28163,205309.28,343581.28,69136.00000000001,30104,30384.0,20.1221673078347,1.0093010895562051
28214,49507.200000000004,73378.8,11935.8,6112,6120.0,16.266005985379973,1.0013089005235603
28223,21507.36,33204.22,5848.43,2072,1978.0,17.61351418584746,0.9546332046332047
28238,9710.400000000001,14971.56,2630.579999999999,1632,1644.0,17.57051369396375,1.0073529411764706
28239,19596.6,32339.22,6371.310000000001,2292,2478.0,19.70149558338142,1.081151832460733
28252,575.9399999999999,747.56,85.81,58,44.0,11.478677296805609,0.7586206896551724
28258,39803.35999999999,61903.52,11050.080000000002,7426,7648.0,17.850487339007543,1.0298949636412604
28260,83289.12,131062.18,23886.53,16048,16182.0,18.225341589770597,1.0083499501495514
28262,40685.0,66881.58,13098.29,7900,8242.0,19.584301088580744,1.0432911392405064
28266,9026.24,14342.3,2658.0299999999997,1684,1770.0,18.53280157296947,1.0510688836104514
28272,840.96,2139.0,649.02,288,300.0,30.342215988779802,1.0416666666666667
28275,385.92,323.46,-31.230000000000018,96,54.0,-9.654980523094052,0.5625
28312,29056.32,43351.979999999996,7147.829999999998,6156,6202.0,16.487897438594498,1.007472384665367
28313,1940.3600000000001,2856.84,458.24,716,716.0,16.040100250626566,1.0
28316,1283.44,1725.84,221.19999999999993,244,216.0,12.81694710981319,0.8852459016393442
28317,497.14,683.14,93.0,106,86.0,13.613607752437277,0.8113207547169812
28323,1506.96,1928.42,210.73000000000002,312,258.0,10.92759875960631,0.8269230769230769
28457,33704.16,105781.2,36038.52,2866,5880.0,34.06892718176764,2.051639916259595
28474,114796.92000000001,186006.36000000002,35604.72,16078,15364.0,19.141668059092172,0.9555914914790397
28497,14133.12,20231.86,3049.37,1732,1614.0,15.072118925299009,0.9318706697459584
28538,490.0,689.54,99.76999999999998,50,46.0,14.469066334077791,0.92
28548,76261.42000000001,119786.58,21762.579999999994,6914,7142.0,18.16779475630742,1.0329765692797224
28565,83.8,389.7,152.95,10,30.0,39.248139594559916,3.0
28567,458.8,423.5,-17.650000000000006,74,50.0,-4.167650531286896,0.6756756756756757
28578,6027.96,8584.84,1278.44,764,716.0,14.891832579290936,0.93717277486911
28579,88976.88,157070.94,34047.03,27462,27050.0,21.67621203514794,0.9849974510232321
28580,38973.24,85611.64,23319.2,2628,3436.0,27.238352167999587,1.3074581430745815
28606,19608.44,28291.68,4341.620000000001,2962,2832.0,15.345925021066268,0.9561107359891965
28639,340.32,65.94,-137.19,48,6.0,-208.05277525022748,0.125
28658,113313.42,193995.48,40341.030000000006,25014,23682.0,20.79482985892249,0.9467498201007436
28681,44958.200000000004,79173.74,17107.77,7556,7826.0,21.60788412925801,1.0357331921651667
28682,50441.64,106504.9,28031.629999999997,9446,10510.0,26.319568395444715,1.1126402710141858
28690,10722.6,16423.96,2850.6799999999994,1610,1604.0,17.356837206130553,0.9962732919254659
28736,22837.0,34107.06,5635.029999999999,5570,5694.0,16.521594062930077,1.022262118491921
28753,3328.56,4746.719999999999,709.0799999999997,552,528.0,14.938315299828087,0.9565217391304348
28775,40507.52,58890.46,9191.470000000001,5344,5154.0,15.60774020104445,0.9644461077844312
28776,88.56,143.88,27.659999999999997,12,12.0,19.22435362802335,1.0
28856,185146.5,297063.7,55958.600000000006,16170,14198.0,18.83723928571549,0.8780457637600495
28887,39235.16,60273.6,10519.219999999998,4682,4640.0,17.45245016060099,0.9910294745835113
28888,42622.2,63403.12,10390.460000000003,5262,5288.0,16.38793169799846,1.0049410870391486
28889,261303.08,378289.16,58493.03999999999,24628,24384.0,15.462520787008541,0.9900925775540036
28890,101158.74,150289.74,24565.499999999993,10126,10026.0,16.345427172872874,0.9901244321548489
28893,576.72,889.38,156.32999999999998,162,162.0,17.577413479052822,1.0
28919,14358.76,21720.54,3680.8900000000003,2084,2146.0,16.946586042520124,1.0297504798464492
28920,379.96000000000004,548.9,84.46999999999997,118,110.0,15.388959737657126,0.9322033898305084
28943,3810.6,4860.96,525.1800000000001,348,304.0,10.80403870840328,0.8735632183908046
28946,45150.0,72449.4,13649.699999999997,2500,2260.0,18.84032165897854,0.904
28947,429219.66000000003,715271.32,143025.82999999996,72626,71268.0,19.996024725274875,0.9813014622862336
28954,6388.1,8329.880000000001,970.8900000000003,254,212.0,11.655510043361971,0.8346456692913385
28980,38927.88,19528.74,-9699.569999999998,426,126.0,-49.668181357322574,0.29577464788732394
28983,18651.24,21787.54,1568.1499999999996,1854,1446.0,7.197462402822897,0.7799352750809061
28984,23283.199999999997,33229.659999999996,4973.23,1712,1634.0,14.966237993407095,0.9544392523364486
29039,14623.26,18196.100000000002,1786.420000000001,502,390.0,9.81759827655377,0.7768924302788844
29077,58903.6,85862.68,13479.539999999997,6104,5932.0,15.698950929554027,0.971821756225426
29081,16352.640000000001,26082.64,4864.999999999999,3006,2936.0,18.652252992795205,0.9767132401862941
29112,23742.879999999997,32053.3,4155.210000000001,1204,1070.0,12.963439021879186,0.8887043189368771
29118,12076.8,22570.54,5246.870000000001,1776,2146.0,23.24654173094663,1.2083333333333333
29128,58652.78,87597.76,14472.489999999998,14774,14624.0,16.521529774277333,0.989847028563693
29129,7972.200000000001,12247.74,2137.7699999999995,1236,1226.0,17.454403832870387,0.9919093851132686
29130,396.48,335.44,-30.52000000000001,96,56.0,-9.09849749582638,0.5833333333333334
29131,537.24,766.72,114.74000000000001,132,128.0,14.96504590984975,0.9696969696969697
29155,303.24,329.4,13.079999999999984,84,60.0,3.9708561020036384,0.7142857142857143
29169,245757.44,377672.62,65957.59,22588,22738.0,17.4642233794973,1.0066406941738977
29181,913.9200000000001,1343.04,214.55999999999995,96,96.0,15.97569692637598,1.0
29182,10525.22,18380.12,3927.45,1282,1388.0,21.367923604416074,1.0826833073322932
29192,39142.2,48813.2,4835.5,1780,1680.0,9.906131947915728,0.9438202247191011
29201,307.68,227.76,-39.96000000000001,48,24.0,-17.544783983140153,0.5
29202,682.1,922.3199999999999,120.10999999999996,190,168.0,13.022595194726339,0.8842105263157894
29203,235.44,113.88,-60.78,36,12.0,-53.37197049525817,0.3333333333333333
29204,177.0,197.64000000000001,10.320000000000007,50,36.0,5.221615057680635,0.72
29205,153.84,170.82,8.489999999999995,24,18.0,4.970144011239898,0.75
29207,231.2,220.74,-5.22999999999999,40,26.0,-2.369303252695474,0.65
29212,98785.98,171693.18,36453.6,21522,20496.0,21.231827612488743,0.9523278505715083
29248,454527.18,721566.84,133519.83,69606,67716.0,18.50415271300438,0.9728471683475562
29352,46544.28,78033.81999999999,15744.769999999997,3908,4018.0,20.176854087112485,1.0281473899692937
29353,41505.439999999995,74427.84,16461.2,2384,2616.0,22.116992781195854,1.0973154362416107
29361,40.86,62.94,11.04,6,6.0,17.54051477597712,1.0
29371,16383.48,25331.28,4473.9,878,872.0,17.661563095114026,0.9931662870159453
29400,18435.239999999998,30583.46,6074.110000000001,1476,1454.0,19.860767879108515,0.9850948509485095
29407,41629.9,98370.28,28370.19,4030,6172.0,28.840204582115653,1.5315136476426798
29427,26793.92,38854.2,6030.139999999999,592,580.0,15.519918052617221,0.9797297297297297
29431,94374.72,201477.32,53551.3,4752,6268.0,26.579319200791435,1.319023569023569
29433,34006.14,49916.5,7955.18,2466,2350.0,15.936974747828875,0.9529602595296026
29434,17130.48,26125.96,4497.74,1042,1004.0,17.215597053658506,0.963531669865643
29461,13653.199999999999,21596.7,3971.750000000001,2354,2130.0,18.39054114749013,0.9048428207306712
29469,3380.4,4700.639999999999,660.1199999999997,360,336.0,14.043194118247722,0.9333333333333333
29470,5020.08,7819.540000000001,1399.7300000000005,52,46.0,17.900413579315412,0.8846153846153846
29472,1070.16,1582.24,256.03999999999996,182,176.0,16.182121549196076,0.967032967032967
29473,904.8,1168.7,131.95000000000005,156,130.0,11.290322580645165,0.8333333333333334
29477,21365.5,42062.46,10348.48,4498,4754.0,24.602650439370404,1.0569141840818141
29489,26574.399999999998,37209.979999999996,5317.789999999999,1954,1802.0,14.29130034469247,0.9222108495394064
29554,345.76,0.0,-172.88,16,0.0,-inf,0.0
29558,553.32,655.18,50.92999999999995,106,82.0,7.77343630757959,0.7735849056603774
29616,42339.6,66448.56,12054.48,4952,4944.0,18.141070325677486,0.9983844911147012
29619,42554.4,64556.08,11000.84,4470,4392.0,17.04074968616434,0.9825503355704698
29620,7340.88,10833.66,1746.3899999999999,876,834.0,16.12003699580751,0.952054794520548
29621,15976.66,26730.94,5377.139999999999,1946,2106.0,20.115790914947247,1.0822199383350461
29646,18549.72,33444.22,7447.25,2598,2578.0,22.267674354492346,0.9923017705927637
29648,108.96,167.88,29.46,12,12.0,17.548248749106506,1.0
29649,81242.6,122645.92,20701.659999999996,8020,7808.0,16.87920804866562,0.97356608478803
29650,8543.52,13046.26,2251.37,1396,1374.0,17.25682302820885,0.9842406876790831
29676,209.12,1011.4799999999999,401.17999999999995,16,52.0,39.66267251947641,3.25
29691,20040.56,30301.72,5130.58,2524,2428.0,16.931646124378418,0.9619651347068146
29696,2152.2,5215.42,1531.6100000000001,170,258.0,29.366954147508732,1.5176470588235293
29714,3990.96,3610.06,-190.45000000000005,552,394.0,-5.275535586666151,0.7137681159420289
29810,29271.600000000002,44647.42,7687.909999999998,2820,2658.0,17.219158464251684,0.9425531914893617
29835,137707.4,213605.02,37948.81,28570,28498.0,17.765879285046765,0.9974798739936996
29847,194.4,287.76,46.67999999999999,24,24.0,16.221851542952457,1.0
29902,3328.64,4310.04,490.70000000000005,224,196.0,11.385045150393038,0.875
29942,43129.2,66482.82,11676.810000000005,5080,5118.0,17.563650278372673,1.00748031496063
29955,7627.0,11154.48,1763.7399999999998,1450,1352.0,15.811942824766371,0.9324137931034483
29996,72681.84,140177.9,33748.03,7182,8210.0,24.075143086035673,1.1431356168198274
30602,103689.26,158943.46,27627.1,12538,12054.0,17.381715485494023,0.9613973520497687
30638,1447.04,3821.36,1187.16,152,264.0,31.06642661251492,1.736842105263158
30656,27796.32,52220.619999999995,12212.149999999998,2388,2938.0,23.385685577842622,1.230318257956449
30713,12521.6,33565.56,10521.98,1120,1644.0,31.347547903267515,1.4678571428571427
30735,74601.84,111403.58,18400.870000000003,3912,3842.0,16.51730581728164,0.9821063394683026
31045,12077.82,17317.2,2619.6900000000005,306,280.0,15.127676529693023,0.9150326797385621
31070,25985.96,59856.06,16935.05,2002,1994.0,28.29295813991098,0.996003996003996
31075,3931.4,8691.0,2379.8,220,300.0,27.382349557013004,1.3636363636363635
31083,149727.84,156551.22,3411.6900000000023,8024,5278.0,2.179280365876422,0.6577766699900299
31086,1449.78,1588.94,69.58000000000004,146,106.0,4.379019975581207,0.726027397260274
31119,43989.0,67935.26000000001,11973.130000000005,1650,1474.0,17.624323510353832,0.8933333333333333
31120,13250.04,17346.239999999998,2048.0999999999985,654,576.0,11.807169738225683,0.8807339449541285
31157,731.04,1695.28,482.12,48,72.0,28.43895993582181,1.5
31160,88893.36,144862.19999999998,27984.41999999999,6714,6580.0,19.317958722151115,0.9800417039022937
31163,39982.62,58158.62,9088.0,4258,4138.0,15.62623047108064,0.9718177548144669
31172,37550.88,62383.299999999996,12416.21,3204,3270.0,19.903099066577113,1.0205992509363295
31176,95.88,1259.82,581.97,2,18.0,46.19469448016384,9.0
31186,194508.0,296664.77999999997,51078.389999999985,18010,17922.0,17.21754432730437,0.9951138256524154
31194,10741.28,13756.5,1507.6099999999997,718,550.0,10.959255624613816,0.766016713091922
31195,12691.720000000001,18963.6,3135.9399999999987,724,640.0,16.536628066400887,0.8839779005524862
31200,60405.619999999995,94573.23999999999,17083.809999999998,5038,4876.0,18.064105660332668,0.9678443826915443
31201,66812.4,115059.28,24123.440000000002,11080,11072.0,20.96609678072034,0.9992779783393502
31202,28480.440000000002,51162.82,11341.189999999999,4692,4918.0,22.16685866807185,1.0481670929241262
31203,35700.4,61930.54,13115.07,5960,5946.0,21.177063852503142,0.9976510067114094
31204,7975.9800000000005,15559.3,3791.6599999999994,1314,1470.0,24.36909115448638,1.1187214611872147
31231,191493.94,315003.66,61754.859999999986,29506,29234.0,19.604489674818378,0.990781535958788
31233,33836.22,51956.38,9060.079999999998,4554,4562.0,17.43785844972263,1.0017566974088714
31277,46822.2,135856.64,44517.22000000001,4276,7936.0,32.767791106860884,1.8559401309635173
31318,12931.48,17564.7,2316.6100000000006,1706,1530.0,13.189009775287937,0.8968347010550997
31320,190545.32,291631.26,50542.97,40628,39974.0,17.33112218491255,0.9839027271832234
31323,1566.72,1662.96,48.120000000000005,144,104.0,2.8936354452301924,0.7222222222222222
31345,12230.48,16314.839999999998,2042.1799999999994,782,716.0,12.5173155237808,0.9156010230179028
31346,13449.04,17320.24,1935.6000000000004,1798,1576.0,11.175364775545836,0.8765294771968855
31347,18107.86,25518.78,3705.459999999999,2554,2322.0,14.520521749080478,0.9091620986687549
31349,58679.04,91599.9,16460.429999999997,12432,12410.0,17.96992136454297,0.9982303732303732
31356,99570.3,79510.06,-10030.120000000003,1830,994.0,-12.614906843234683,0.5431693989071038
31384,50541.119999999995,81920.76,15689.819999999998,2898,2924.0,19.15243462096787,1.0089717046238786
31419,15513.52,24503.84,4495.16,2074,2016.0,18.344716583196753,0.9720347155255545
31452,27356.8,44437.12,8540.160000000002,5312,5288.0,19.21852721328475,0.9954819277108434
31454,108206.09999999999,169253.18,30523.54,22590,22482.0,18.034249046310386,0.9952191235059761
31456,30714.48,49414.94,9350.230000000001,5884,5906.0,18.92186856849366,1.003738953093134
31458,31762.8,49362.32,8799.76,5882,5968.0,17.82687685667935,1.014620877252635
31465,432057.12,695127.08,131534.97999999998,41624,41692.0,18.92243645579165,1.0016336728810302
31466,52469.04,78263.4,12897.179999999997,3484,3460.0,16.479197172624747,0.9931113662456946
31482,293.76,431.76,69.0,24,24.0,15.981100611450808,1.0
31487,340464.39999999997,515457.82,87496.71000000002,64360,64826.0,16.97456253549515,1.0072405220633933
31488,96877.28,166932.46,35027.59,28162,28454.0,20.98309100578761,1.0103685817768624
31489,239431.72,413331.32,86949.8,41932,39172.0,21.036344402838868,0.9341791471906897
31493,58594.68,100121.90000000001,20763.610000000004,17596,17130.0,20.73832997575955,0.9735167083428052
31494,139435.24,234054.7,47309.73000000001,23162,21938.0,20.213108303315426,0.9471548225541836
31496,1523.24,2238.48,357.62,452,372.0,15.976019441764056,0.8230088495575221
31497,59492.159999999996,84161.88,12334.860000000004,8172,7972.0,14.656112719915482,0.9755261869799314
31500,35555.24,61985.36,13215.060000000001,11042,10604.0,21.31964709086146,0.9603332729577975
31501,22605.06,30841.14,4118.039999999999,3002,2862.0,13.352424715817895,0.9533644237175216
31502,482.40000000000003,682.84,100.22,144,116.0,14.676937496338818,0.8055555555555556
31503,454.79999999999995,543.52,44.360000000000014,60,48.0,8.161613188107156,0.8
31522,1361.92,3430.96,1034.52,64,104.0,30.152493762678667,1.625
31524,9720.36,15846.66,3063.1499999999996,1612,1734.0,19.3299408203369,1.0756823821339951
31541,43289.8,94549.87999999999,25630.039999999994,3292,4412.0,27.10742731772901,1.3402187120291615
31542,116048.8,190842.03999999998,37396.61999999999,7208,6996.0,19.595588058060997,0.9705882352941176
31558,54100.4,119768.46,32834.03,6410,7954.0,27.414588114433464,1.2408736349453977
31561,25242.879999999997,37643.4,6200.260000000002,1664,1660.0,16.47104140433649,0.9975961538461539
31573,15939.439999999999,24105.98,4083.2700000000004,2456,2402.0,16.938825967664457,0.9780130293159609
31581,34903.96,47586.78,6341.41,3122,2922.0,13.325990957992955,0.9359385009609225
31618,43046.64,65253.54,11103.45,6552,6246.0,17.015858449978346,0.9532967032967034
31621,5574.04,9965.16,2195.56,842,884.0,22.032360744835007,1.0498812351543942
31787,58600.8,95585.73999999999,18492.469999999994,5426,5626.0,19.34647364763823,1.0368595650571324
31788,259.2,255.68,-1.759999999999991,48,32.0,-0.6883604505632004,0.6666666666666666
31789,92.0,315.72,111.86000000000001,20,28.0,35.43012796148486,1.4
31790,10485.4,17335.02,3424.8100000000004,2036,2098.0,19.756596761930474,1.030451866404715
31796,16030.56,23958.2,3963.8200000000006,2202,2180.0,16.54473207503068,0.9900090826521344
31847,27531.0,44074.64,8271.82,1260,1336.0,18.76775397371368,1.0603174603174603
31866,124975.2,215610.08,45317.439999999995,13840,14592.0,21.018238108348182,1.0543352601156069
31873,6499.9,10601.759999999998,2050.9299999999994,622,624.0,19.34518419583163,1.0032154340836013
31909,225956.40000000002,374023.82,74033.70999999999,17516,19618.0,19.793848958603757,1.1200045672527974
31910,17779.5,27453.4,4836.950000000001,2634,2660.0,17.618764888866227,1.0098709187547457
31915,302185.8,418740.18,58277.19,36540,36022.0,13.917267265825792,0.985823754789272
31971,42109.7,61761.3,9825.800000000003,7030,6870.0,15.909315380343358,0.9772403982930299
32054,128258.09999999999,203737.26,37739.58000000001,18090,18074.0,18.523651491141095,0.9991155334438917
32055,27188.940000000002,36365.42,4588.239999999998,3446,3258.0,12.617041134132364,0.9454439930354034
32065,323.68,3690.7200000000003,1683.5200000000002,68,528.0,45.614947760870514,7.764705882352941
32074,25129.2,36605.82,5738.3099999999995,2922,2818.0,15.675949889935534,0.9644079397672827
32084,164025.34,253522.03999999998,44748.34999999999,8674,8796.0,17.650674473903727,1.0140650219045424
32090,57045.119999999995,101790.57999999999,22372.729999999996,4884,4742.0,21.979175283213827,0.9709254709254709
32107,38372.799999999996,59844.9,10736.050000000003,4640,4510.0,17.939791026470093,0.9719827586206896
32108,219953.54,328016.3,54031.37999999999,21334,20986.0,16.472163121161966,0.9836880097496953
32136,14410.900000000001,33562.54,9575.82,490,746.0,28.53127325881772,1.5224489795918368
32137,25052.52,43447.24,9197.359999999999,2668,2876.0,21.16903168072356,1.077961019490255
32138,34224.0,49275.020000000004,7525.510000000002,3720,3498.0,15.27246462812192,0.9403225806451613
32203,27017.12,41588.22,7285.550000000001,3224,3178.0,17.518302057649983,0.9857320099255583
32263,279425.6,382691.14,51632.77000000002,41092,37246.0,13.49202126811716,0.906405139686557
32294,40885.020000000004,64523.76,11819.369999999999,13766,13724.0,18.317856863890135,0.9969490047944211
32296,3466.92,5176.98,855.0299999999997,334,302.0,16.515999675486476,0.9041916167664671
32303,3035.52,5423.74,1194.11,372,426.0,22.01635771626221,1.1451612903225807
32338,13461.279999999999,15793.759999999998,1166.2399999999998,808,624.0,7.3841821073639204,0.7722772277227723
32367,25783.36,46167.16,10191.900000000001,6544,6484.0,22.076081786274056,0.9908312958435208
32368,243500.4,392012.08,74255.84000000001,37752,36712.0,18.9422325965057,0.9724517906336089
32479,107838.0,127828.88,9995.440000000002,15976,12976.0,7.819391048407843,0.8122183274912369
32508,16622.100000000002,32321.359999999997,7849.629999999997,1518,1464.0,24.28619959061128,0.9644268774703557
32514,498.24,139.92,-179.16000000000003,48,8.0,-128.04459691252148,0.16666666666666666
32543,888.7199999999999,1342.32,226.8,168,168.0,16.896120150187734,1.0
32545,46810.659999999996,100368.04,26778.69,4558,6196.0,26.680495105812568,1.3593681439227732
32546,51930.24,101918.92,24994.34,4128,4908.0,24.523748878029714,1.188953488372093
32592,5294.48,25392.579999999998,10049.05,458,1342.0,39.57474978911162,2.930131004366812
32604,25467.0,41517.22,8025.110000000001,3918,3726.0,19.32959384082075,0.9509954058192955
32619,17498.1,28053.879999999997,5277.889999999999,1410,1412.0,18.813404776808056,1.001418439716312
32648,412509.6,689948.86,138719.63,77832,77914.0,20.105784362046776,1.0010535512385652
32649,112500.90000000001,203929.68,45714.38999999999,21930,22232.0,22.41674188867456,1.0137710898312813
32650,20270.16,35687.68,7708.76,3384,3432.0,21.60061959757541,1.0141843971631206
32652,37035.18,56851.14,9907.98,9282,9086.0,17.42793548203255,0.9788838612368024
32656,378.24,323.46,-27.390000000000015,96,54.0,-8.467816731589691,0.5625
32669,1296.0,1702.8,203.39999999999998,120,120.0,11.945031712473572,1.0
32670,9839.62,15424.8,2792.5899999999992,2098,2120.0,18.104545926041176,1.0104861773117255
32675,119322.70000000001,211696.68,46186.98999999999,26110,26132.0,21.817531573948155,1.0008425890463424
32679,7496.32,14580.5,3542.09,1378,1950.0,24.29333699118686,1.4150943396226414
32749,232765.52,406032.22,86633.34999999999,44252,43978.0,21.336570284988714,0.9938081894603634
32782,373.92,671.52,148.79999999999998,48,48.0,22.15868477483917,1.0
32796,71362.8,115495.23999999999,22066.219999999994,5532,5676.0,19.105739769015585,1.0260303687635575
32803,6950.16,10574.199999999999,1812.0199999999995,394,380.0,17.13623725671918,0.9644670050761421
32805,16861.52,31388.579999999998,7263.529999999999,1046,1142.0,23.14067727816932,1.0917782026768643
32807,348.68,3091.62,1371.47,46,238.0,44.36088523169083,5.173913043478261
32809,11782.76,22368.78,5293.009999999999,1342,1722.0,23.662488521948895,1.2831594634873322
32823,73.44,161.94,44.25,4,6.0,27.324935161170806,1.5
32826,476929.62,696706.84,109888.60999999999,21282,20548.0,15.772575162316476,0.9655107602668922
32827,14731.359999999999,20780.94,3024.79,784,706.0,14.555597581245122,0.9005102040816326
32831,183735.0,363997.76,90131.38,27220,32624.0,24.761520510455888,1.1985304922850846
32832,55339.68,135515.38,40087.850000000006,2676,4462.0,29.58177145649446,1.6674140508221225
32835,17870.399999999998,25310.179999999997,3719.8899999999994,1460,1382.0,14.69720879108722,0.9465753424657535
32900,22116.32,35404.82,6644.25,376,318.0,18.76651258218514,0.8457446808510638
32906,394496.16000000003,659723.48,132613.65999999997,61448,61704.0,20.10140066562433,1.004166124202578
32907,314542.38,516913.18,101185.4,58574,59258.0,19.574931325991727,1.011677536108171
32908,168099.19999999998,286887.66,59394.229999999996,25664,26526.0,20.70295738757115,1.0335879052369077
32915,616223.16,944198.62,163987.72999999998,61684,61738.0,17.367927311734473,1.0008754296089748
32924,203023.80000000002,347081.78,72028.99,7380,7622.0,20.752743056694015,1.0327913279132792
32968,48565.6,87601.14,19517.77,7142,7886.0,22.28026941201907,1.104172500700084
32969,20711.34,34046.28,6667.469999999999,3006,3172.0,19.583549215949585,1.0552228875582168
32988,42849.439999999995,75165.94,16158.250000000004,13144,12926.0,21.49677101091266,0.9834144856968959
32989,109981.84,184572.64,37295.40000000001,19028,17528.0,20.20635344436749,0.921168803867984
33028,24380.8,41252.26,8435.730000000001,802,774.0,20.449134180769736,0.9650872817955112
33032,95303.4,159372.72,32034.660000000003,4938,5560.0,20.100466378436664,1.1259619279060349
33035,6197.52,10143.06,1972.7699999999995,1054,1094.0,19.449456081300905,1.0379506641366223
33037,100422.4,164675.62,32126.61,9230,9038.0,19.509026290594807,0.9791982665222102
33038,69703.2,120303.48,25300.14,6454,6652.0,21.03026446117768,1.0306786488999071
33039,46109.76,85996.87999999999,19943.559999999994,4468,4712.0,23.19102739541248,1.054610564010743
33052,3100.44,329.94,-1385.25,84,6.0,-419.8490634660847,0.07142857142857142
33055,23666.72,35203.98,5768.630000000001,3842,3802.0,16.386300639870836,0.9895887558563248
33067,1134.72,1006.88,-63.920000000000016,192,112.0,-6.348323534085494,0.5833333333333334
33075,15276.04,24206.86,4465.41,1508,1514.0,18.446878281611077,1.0039787798408488
33076,951.72,1427.16,237.72000000000003,84,84.0,16.656856974690996,1.0
33111,1528.2,727.44,-400.38,180,56.0,-55.03959089409436,0.3111111111111111
33115,502.8,389.7,-56.55000000000001,60,30.0,-14.511162432640495,0.5
33143,91437.6,142519.64,25541.020000000004,14748,14836.0,17.921052845769186,1.0059669107675617
33147,492.96,149.9,-171.52999999999997,48,10.0,-114.42961974649764,0.20833333333333334
33148,33305.439999999995,60271.88,13483.220000000001,7336,6668.0,22.370664396066626,0.9089422028353326
33149,421472.1,765664.22,172096.06,87990,87370.0,22.476701340438762,0.9929537447437209
33204,209.12,239.88,15.379999999999995,16,12.0,6.411539102884774,0.75
33206,8634.6,13402.019999999999,2383.709999999999,810,798.0,17.78619939382272,0.9851851851851852
33209,1903.0000000000002,2877.7599999999998,487.37999999999977,550,544.0,16.936089180473697,0.9890909090909091
33210,23074.8,33161.94,5043.5700000000015,4020,3906.0,15.20891117950277,0.9716417910447761
33211,1440.24,1735.12,147.43999999999994,408,328.0,8.497394992853517,0.803921568627451
33212,31350.000000000004,46219.56,7434.779999999997,5500,5444.0,16.08578705638911,0.9898181818181818
33213,2352.0,3480.8199999999997,564.4099999999999,672,658.0,16.214857418654223,0.9791666666666666
33214,16808.16,24671.94,3931.8899999999994,2888,2906.0,15.936687589220789,1.0062326869806095
33215,347.52,550.16,101.32,96,104.0,18.416460665988076,1.0833333333333333
33216,7008.5599999999995,9678.6,1335.0200000000004,1196,1140.0,13.793523856756146,0.9531772575250836
33264,210.72,263.88,26.58,12,12.0,10.072760345611641,1.0
33265,15855.619999999999,23571.46,3857.92,2134,2054.0,16.366911510784654,0.9625117150890347
33267,30518.399999999998,51702.78,10592.19,2244,2522.0,20.48669336542445,1.123885918003565
33278,18695.68,29255.6,5279.959999999999,3488,3440.0,18.04769001490313,0.9862385321100917
33307,14656.56,22897.68,4120.56,1384,1432.0,17.99553491882147,1.0346820809248556
33325,185.28,51.92,-66.68,48,8.0,-128.42835130970724,0.16666666666666666
33326,15464.2,24782.68,4659.24,3340,3548.0,18.8003880129187,1.0622754491017965
33331,157516.4,130131.28,-13692.559999999998,14680,14472.0,-10.522112746451121,0.9858310626702997
33333,289.44,179.8,-54.81999999999999,48,20.0,-30.489432703003335,0.4166666666666667
33334,55676.0,79489.58,11906.79,8980,8842.0,14.979057632459499,0.9846325167037862
33348,82971.48,130718.7,23873.61,11476,11330.0,18.26334717221025,0.9872777971418613
33370,36924.08,66222.52,14649.220000000001,1604,1748.0,22.121205897933212,1.0897755610972568
33425,143.52,210.72,33.599999999999994,48,48.0,15.94533029612756,1.0
33441,33647.6,42335.72,4344.060000000001,1220,1028.0,10.260980562040757,0.8426229508196721
33446,21696.64,32619.94,5461.65,5344,5186.0,16.743286468338077,0.9704341317365269
33513,1078.48,645.54,-216.47000000000003,122,46.0,-33.533166031539494,0.3770491803278688
33573,20614.68,30069.94,4727.629999999999,2076,2006.0,15.722113180139367,0.9662813102119461
33574,11220.960000000001,16122.999999999998,2451.0199999999986,964,900.0,15.202009551572282,0.9336099585062241
33578,16367.599999999999,24813.98,4223.1900000000005,1660,1602.0,17.019397936163408,0.9650602409638555
33579,41028.0,67241.28,13106.64,3900,3872.0,19.49195494196422,0.9928205128205129
33581,9733.5,14370.54,2318.5200000000004,1442,1346.0,16.133840481986063,0.9334257975034674
33582,302405.52,517823.24,107708.85999999999,46812,47076.0,20.800314022213445,1.0056395795949757
33586,211.68,809.4,298.86,24,60.0,36.9236471460341,2.5
33587,64341.600000000006,95453.72,15556.059999999998,3154,3028.0,16.296965691855693,0.9600507292327204
33672,16155.0,25091.98,4468.49,2250,2202.0,17.8084391905302,0.9786666666666667
33682,62190.08,104964.92,21387.42,5716,5708.0,20.37577887926747,0.9986004198740378
33683,55408.44,95793.68,20192.619999999995,5338,5232.0,21.079282057020876,0.9801423754215062
33684,18121.920000000002,32430.359999999997,7154.2199999999975,1756,1764.0,22.060254650272146,1.0045558086560364
33685,282.24,215.76,-33.24000000000001,48,24.0,-15.406006674082317,0.5
33706,5620.200000000001,8222.42,1301.1099999999997,1020,958.0,15.823930181138882,0.9392156862745098
33707,135.72,1122.74,493.51,26,126.0,43.95585799027379,4.846153846153846
33717,6841.58,17010.38,5084.400000000001,214,362.0,29.889984821032805,1.691588785046729
33719,9313.92,5344.38,-1984.77,432,162.0,-37.1375164191169,0.375
33731,98511.6,142249.32,21868.86,13170,11468.0,15.373613033791656,0.8707668944570994
33734,12260.16,4053.7599999999998,-4103.2,1056,224.0,-101.21960846226715,0.21212121212121213
33735,4984.56,0.0,-2492.28,168,0.0,-inf,0.0
33765,17138.0,25028.02,3945.01,440,398.0,15.762373531745618,0.9045454545454545
33767,10438.68,17333.54,3447.4300000000003,1462,1446.0,19.888782095290402,0.9890560875512996
33768,15193.499999999998,23133.219999999998,3969.8599999999997,1050,878.0,17.16086217137087,0.8361904761904762
33819,36590.4,56175.28,9792.439999999999,3388,3472.0,17.431938033953724,1.024793388429752
33873,66734.08,92326.74,12796.330000000002,14896,14226.0,13.859830857235945,0.9550214822771214
33874,282806.4,463642.98,90418.28999999998,42720,42702.0,19.501705816833457,0.9995786516853933
33879,9094.5,14096.08,2500.79,1410,1392.0,17.741031549196656,0.9872340425531915
33923,2835.84,1637.82,-599.0100000000001,48,18.0,-36.57361614829469,0.375
33930,1206.1,1819.32,306.61,70,68.0,16.85300002198624,0.9714285714285714
33953,8773.02,15767.36,3497.17,1098,1264.0,22.179806892212774,1.151183970856102
33960,24147.2,39476.82,7664.8099999999995,2464,2518.0,19.41597626151245,1.0219155844155845
33961,25014.879999999997,24796.899999999998,-108.98999999999978,466,310.0,-0.4395307477950865,0.6652360515021459
33963,25962.4,44839.04,9438.32,5644,5896.0,21.049335578995446,1.0446491849751949
33965,30348.639999999996,48999.86,9325.610000000002,2212,2214.0,19.031911519747204,1.0009041591320071
33966,5132.82,16466.78,5666.98,154,322.0,34.41462143782816,2.090909090909091
33971,9725.7,14485.18,2379.74,510,482.0,16.428791357787752,0.9450980392156862
33982,123444.0,116281.9,-3581.050000000003,11430,12010.0,-3.079628041853464,1.0507436570428696
33987,21248.62,36693.02,7722.199999999999,3254,3434.0,21.045419537557823,1.055316533497234
33988,63472.2,106691.3,21609.550000000003,9780,9822.0,20.25427565321634,1.0042944785276073
34014,19957.8,33702.38,6872.289999999999,580,562.0,20.39111184432672,0.9689655172413794
34020,8432.0,11270.16,1419.08,620,584.0,12.591480511368072,0.9419354838709677
34021,50.64,759.5999999999999,354.47999999999996,4,40.0,46.666666666666664,10.0
34022,1207.44,4886.12,1839.34,72,188.0,37.64418393326402,2.611111111111111
34060,27603.199999999997,43705.24,8051.02,3040,3076.0,18.421177872493093,1.0118421052631579
34074,697.2,515.88,-90.66000000000003,24,12.0,-17.573854384740642,0.5
34082,236.06,2718.3,1241.1200000000001,22,170.0,45.657947982194756,7.7272727272727275
34101,3425.7599999999998,4264.16,419.20000000000005,216,184.0,9.830775580653635,0.8518518518518519
34123,14263.5,21051.24,3393.870000000001,5550,5276.0,16.12194816077343,0.9506306306306306
34133,92681.28,188208.3,47763.509999999995,15144,18570.0,25.378004051893566,1.2262282091917591
34134,143383.68,284657.68,70637.0,24552,27832.0,24.81471780420609,1.1335940045617465
34135,2094.4,3055.22,480.40999999999985,280,278.0,15.724235897905874,0.9928571428571429
34136,1263.6799999999998,1604.54,170.43000000000006,176,146.0,10.621735824597708,0.8295454545454546
34137,38495.52,62682.7,12093.59,5628,5730.0,19.29334569187352,1.0181236673773988
34138,11298.56,20623.54,4662.490000000001,1552,1846.0,22.60761246614306,1.1894329896907216
34144,15567.4,11999.960000000001,-1783.7199999999993,554,204.0,-14.864382881276264,0.36823104693140796
34153,3131.82,2861.96,-134.93000000000006,254,204.0,-4.714601182406465,0.8031496062992126
34175,111160.72,176062.8,32451.039999999994,17128,17160.0,18.431514209702446,1.0018682858477348
34193,179.52,263.88,42.17999999999999,12,12.0,15.984538426557524,1.0
34215,180.6,279.96,49.67999999999999,4,4.0,17.745392198885554,1.0
34219,27927.64,36121.04,4096.700000000001,2498,2096.0,11.341589278714014,0.8390712570056045
34333,309.6,149.88,-79.86000000000001,48,12.0,-53.28262610088071,0.25
34339,231.36,27.96,-101.7,48,4.0,-363.73390557939916,0.08333333333333333
34388,12432.36,16716.64,2142.1399999999994,1252,1136.0,12.814417251313658,0.9073482428115016
34393,70308.7,103889.84,16790.57,8734,8616.0,16.161898025831977,0.9864895809480192
34395,383.52,335.72,-23.899999999999977,48,28.0,-7.119027761229589,0.5833333333333334
34397,210.72,311.76,50.519999999999996,24,24.0,16.204772902232488,1.0
34427,184639.7,238811.15999999997,27085.72999999998,13370,11548.0,11.341902949594141,0.8637247569184742
34428,249369.6,421255.06,85942.73,26112,26886.0,20.40158995360198,1.029641544117647
34429,52411.84,74688.04,11138.099999999999,4472,4396.0,14.912829416865137,0.983005366726297
34430,59456.88,83738.06,12140.59,3948,3994.0,14.498293846310748,1.0116514690982776
34431,58328.64,92488.3,17079.83,5652,5370.0,18.46701690916581,0.9501061571125266
34439,113130.0,177029.58,31949.789999999994,13500,13242.0,18.047712704283654,0.9808888888888889
34460,133205.52000000002,228261.46,47527.96999999999,18424,18254.0,20.821723474475274,0.9907729049066435
34472,495.03999999999996,503.28,4.1200000000000045,104,72.0,0.8186297885868711,0.6923076923076923
34473,1314.56,1528.98,107.21000000000004,128,102.0,7.011864118562704,0.796875
34474,274.20000000000005,307.59999999999997,16.69999999999996,60,40.0,5.429128738621574,0.6666666666666666
34501,1405.5600000000002,1918.08,256.2599999999999,204,192.0,13.36023523523523,0.9411764705882353
34504,49329.0,79763.68,15217.339999999997,5220,5232.0,19.07803150506596,1.0022988505747126
34507,2871.0,3995.0,562.0,550,500.0,14.06758448060075,0.9090909090909091
34508,2101.2,2956.2999999999997,427.54999999999995,408,370.0,14.462334675100633,0.9068627450980392
34509,1305.6,1917.6,306.0,240,240.0,15.957446808510639,1.0
34525,1025.48,16421.68,7698.1,62,632.0,46.877664161035895,10.193548387096774
34532,5501.6,11024.12,2761.26,598,788.0,25.047441428431476,1.3177257525083612
34539,103.38,149.94,23.28,6,6.0,15.526210484193678,1.0
34580,7904.4,14437.019999999999,3266.3099999999995,420,498.0,22.62454440043721,1.1857142857142857
34628,431.28,233.74,-98.76999999999998,72,26.0,-42.25635321297167,0.3611111111111111
34635,12029.46,20380.48,4175.51,2274,2352.0,20.48779027775597,1.0343007915567282
34646,271.68,381.56,54.94,48,44.0,14.398783939616312,0.9166666666666666
34647,20280.7,33987.14,6853.219999999999,3938,3786.0,20.164156207318413,0.9614017267648552
34674,7720.48,12298.32,2288.92,1322,1368.0,18.611647769776685,1.0347957639939485
34694,7194.4800000000005,10629.18,1717.35,744,682.0,16.156937788239542,0.9166666666666666
34703,2224.3199999999997,3198.4,487.0400000000002,168,160.0,15.227613806903456,0.9523809523809523
34733,1052.1000000000001,1055.56,1.7299999999999045,70,44.0,0.16389404676189934,0.6285714285714286
34735,2524.8,4437.78,956.4899999999998,192,222.0,21.55334423968741,1.15625
34746,557.28,823.28,133.0,72,72.0,16.154892624623457,1.0
34752,35963.2,55342.02,9689.41,2470,2198.0,17.50823334601809,0.8898785425101214
34761,174.72,263.76,44.519999999999996,24,24.0,16.878980891719745,1.0
34763,11061.800000000001,19927.760000000002,4432.9800000000005,1420,1624.0,22.245249842430862,1.143661971830986
34777,1555.68,563.88,-495.90000000000003,48,12.0,-87.94424345605448,0.25
34792,155.29999999999998,1057.54,451.12,10,46.0,42.65748813283658,4.6
34802,5510.04,4857.299999999999,-326.37000000000035,444,270.0,-6.719164968192214,0.6081081081081081
34803,1223.04,3226.2999999999997,1001.6299999999999,104,170.0,31.04577999566066,1.6346153846153846
34822,241.44,0.0,-120.72,48,0.0,-inf,0.0
34825,104344.52,140580.7,18118.090000000004,10724,10530.0,12.888035128577396,0.9819097351734427
34841,3422.24,4199.58,388.6700000000001,292,242.0,9.254973116359256,0.8287671232876712
34842,2167.2000000000003,0.0,-1083.6000000000001,168,0.0,-inf,0.0
34850,36137.200000000004,52895.16,8378.98,4202,3884.0,15.8407309855949,0.9243217515468825
34870,73397.12,111259.08,18930.980000000003,12568,12092.0,17.015222487908403,0.9621260343730108
34893,556.8,375.64,-90.57999999999998,96,36.0,-24.113512937919282,0.375
34903,245592.54,386039.48,70223.46999999999,53506,50512.0,18.190748262327986,0.9440436586551041
34904,230845.68,353689.72000000003,61422.02000000002,49326,46688.0,17.36607442251927,0.9465190771601184
34905,133861.14,212829.92,39484.39,30354,27628.0,18.552086097668973,0.9101930552810173
34906,6723.9,11996.02,2636.0600000000004,1446,1438.0,21.97445486086219,0.9944674965421854
34907,5474.52,13689.4,4107.44,822,1420.0,30.004529051675018,1.7274939172749393
34947,22997.36,39529.72,8266.18,3662,3628.0,20.911304203520796,0.9907154560349536
34950,5587.2,7218.6,815.7000000000003,160,140.0,11.299975064416925,0.875
34951,41350.96,56764.479999999996,7706.759999999998,3602,3152.0,13.576729673204085,0.8750694058856191
34971,21624.68,33335.64,5855.48,1298,1236.0,17.565224486465535,0.9522342064714946
34982,860.8799999999999,1823.04,481.08000000000004,68,96.0,26.38888888888889,1.411764705882353
34996,46033.200000000004,97352.7,25659.749999999996,4038,5730.0,26.357512426465828,1.4190193164933136
34998,19081.4,31425.339999999997,6171.9699999999975,1790,1866.0,19.640105723597575,1.0424581005586593
35048,14387.28,26163.24,5887.9800000000005,1812,2076.0,22.5047815178854,1.1456953642384107
35049,29790.4,44568.38,7388.989999999998,3440,3362.0,16.578996140312928,0.9773255813953489
35075,5851.759999999999,10224.18,2186.2100000000005,772,782.0,21.382741696644626,1.0129533678756477
35088,42444.399999999994,72119.54,14837.57,7318,7246.0,20.573578256322765,0.9901612462421426
35103,61854.4,95766.72,16956.16,9232,9328.0,17.705691497004388,1.0103986135181975
35104,538.56,791.76,126.60000000000002,24,24.0,15.98969384662019,1.0
35123,16798.72,28075.44,5638.359999999999,772,856.0,20.08289095380161,1.1088082901554404
35130,25026.420000000002,38563.1,6768.339999999998,4542,4490.0,17.55133793704344,0.9885512989872303
35180,176.39999999999998,108.86,-33.76999999999999,36,14.0,-31.021495498805795,0.3888888888888889
35266,1215.9,5597.2,2190.6499999999996,90,280.0,39.13831915957978,3.111111111111111
35290,17.08,454.3,218.61,4,70.0,48.12018489984592,17.5
35294,69907.68000000001,96044.34,13068.329999999994,20322,18766.0,13.606559220460046,0.9234327329987206
35318,18262.079999999998,27185.34,4461.630000000001,2448,2366.0,16.411897000368587,0.9665032679738562
35319,20498.52,29562.96,4532.219999999999,2122,1704.0,15.33073819401034,0.8030160226201697
35358,235.29999999999998,1564.84,664.77,26,116.0,42.481659466782546,4.461538461538462
35365,5990.76,5542.12,-224.32000000000016,324,188.0,-4.04754859151372,0.5802469135802469
35375,120589.76,177914.74,28662.489999999998,6112,5726.0,16.110239095422898,0.9368455497382199
35380,8772.0,20991.84,6109.92,1020,1616.0,29.106166967736037,1.584313725490196
35392,6033.6,7660.56,813.48,720,544.0,10.619067013377611,0.7555555555555555
35393,91332.0,148721.62,28694.809999999998,10620,10638.0,19.29430973116081,1.0016949152542374
35407,416.15999999999997,161.82,-127.16999999999999,68,18.0,-78.587319243604,0.2647058823529412
35411,57733.9,96702.6,19484.350000000002,12310,12740.0,20.148734367018054,1.0349309504467912
35412,612450.36,983832.1799999999,185690.90999999997,102588,101594.0,18.87424641873373,0.9903107575934808
35413,53354.88,87488.6,17066.860000000004,11304,11540.0,19.50752440889442,1.0208775654635527
35414,382230.02,603183.44,110476.70999999996,62354,62016.0,18.315607271976823,0.9945793373320075
35430,8437.44,6765.5,-835.9700000000003,408,250.0,-12.356366861281504,0.6127450980392157
35442,146926.16,240650.38,46862.11,17896,17362.0,19.473108664943727,0.9701609298167189
35464,391220.63999999996,613448.9,111114.13000000003,13756,12182.0,18.113021312777647,0.8855772026751962
35471,80004.7,133245.4,26620.35,23882,22684.0,19.97843828004569,0.9498366970940457
35472,555154.32,939086.72,191966.2,94414,93528.0,20.441796898160803,0.9906157985044591
35480,832.04,2182.84,675.4000000000001,62,116.0,30.941342471275956,1.8709677419354838
35490,10490.72,16654.12,3081.7,1384,1388.0,18.50412990899549,1.0028901734104045
35577,426.24,1278.72,426.24,64,128.0,33.33333333333333,2.0
35578,54063.100000000006,101303.28,23620.089999999997,11830,11592.0,23.31621444044062,0.9798816568047337
35581,37840.64,50372.520000000004,6265.940000000002,1504,1348.0,12.439202962250056,0.8962765957446809
35589,1074.8400000000001,1430.68,177.91999999999996,156,132.0,12.436044398467857,0.8461538461538461
35590,9864.3,14465.14,2300.42,1310,1286.0,15.90319900118492,0.981679389312977
35605,24069.24,39850.48,7890.620000000001,3614,3552.0,19.800564510138898,0.9828444936358606
35606,20334.5,36653.04,8159.27,3350,3496.0,22.260827478430166,1.0435820895522387
35607,10574.92,26558.8,7991.94,2284,2520.0,30.091495097670073,1.1033274956217163
35644,193.2,263.78,35.28999999999999,24,22.0,13.378573053301993,0.9166666666666666
35646,23080.68,36372.84,6646.079999999998,1988,1916.0,18.2720953326713,0.9637826961770624
35650,12403.199999999999,15739.8,1668.3000000000002,960,820.0,10.599245225479361,0.8541666666666666
35663,879.24,968.6600000000001,44.710000000000036,204,154.0,4.615654615654619,0.7549019607843137
35664,96057.0,160414.2,32178.600000000006,14778,15980.0,20.059695463369206,1.081337122750034
35665,394.56,452.88,29.159999999999997,96,72.0,6.43879173290938,0.75
35666,80637.12,145884.62,32623.75,13176,14538.0,22.362706911804686,1.1033697632058288
35667,397.44,603.84,103.20000000000002,96,96.0,17.090620031796504,1.0
35668,27179.64,43779.12,8299.740000000002,3708,4088.0,18.958215697346134,1.1024811218985977
35670,22063.3,34200.3,6068.500000000002,3010,3170.0,17.74399639769242,1.053156146179402
35709,8564.72,14031.92,2733.6000000000004,1208,1208.0,19.481296928716812,1.0
35714,394.6,3958.68,1782.04,20,132.0,45.016015439489934,6.6
35716,3495.08,2051.64,-721.72,92,36.0,-35.177711489345114,0.391304347826087
35747,15431.82,21788.96,3178.5699999999997,1654,1504.0,14.587984006579477,0.909310761789601
35755,1870.5,3849.3,989.4000000000001,50,70.0,25.70337463954485,1.4
35756,2786.84,3959.28,586.22,74,72.0,14.806227394879878,0.972972972972973
35757,2622.2400000000002,109.98,-1256.13,72,2.0,-1142.1440261865794,0.027777777777777776
35759,1856.92,4179.24,1161.1599999999999,52,76.0,27.783999004603704,1.4615384615384615
35795,201.12,311.76,55.31999999999999,24,24.0,17.744418783679752,1.0
35800,8469.4,24339.7,7935.150000000001,1060,2030.0,32.60167545203927,1.9150943396226414
35801,5238.72,7587.56,1174.42,856,844.0,15.47823015567587,0.985981308411215
35837,675.9200000000001,467.73999999999995,-104.09000000000006,56,26.0,-22.253816222687835,0.4642857142857143
35855,124.08,179.76,27.839999999999996,24,24.0,15.48731642189586,1.0
35860,142.8,0.0,-71.4,24,0.0,-inf,0.0
35862,100694.4,134122.41999999998,16714.009999999995,7404,6758.0,12.461756953088079,0.9127498649378715
35864,1572.48,2373.84,400.68000000000006,216,216.0,16.878980891719745,1.0
35885,10166.58,16405.3,3119.3599999999997,1686,1670.0,19.014342925761795,0.9905100830367735
35896,10301.960000000001,11061.42,379.72999999999956,332,258.0,3.432922716974851,0.7771084337349398
35905,16748.8,25912.100000000002,4581.6500000000015,640,590.0,17.681507866981068,0.921875
35910,5346.88,7528.079999999999,1090.5999999999995,434,392.0,14.487093654690167,0.9032258064516129
35913,151628.4,245545.28,46958.44,27720,27272.0,19.124146878327288,0.9838383838383838
35914,225292.88,370170.64,72438.88,40888,40936.0,19.569050641077315,1.0011739385638818
35916,113332.95999999999,191061.92,38864.48000000001,21424,21208.0,20.341300872512956,0.9899178491411501
35918,35993.54,60647.16,12326.810000000001,5546,5484.0,20.325452997304406,0.988820771727371
35941,14987.2,24136.12,4574.459999999999,2720,2788.0,18.9527562839429,1.025
35956,349.44,527.76,89.16,24,24.0,16.894042746703047,1.0
35957,2628.48,3045.9,208.71000000000004,192,210.0,6.852161922584458,1.09375
35959,98159.04,143053.84,22447.4,3024,2616.0,15.691574584785704,0.8650793650793651
35960,39466.48,51763.26,6148.389999999999,1948,1674.0,11.877903362346187,0.8593429158110883
35962,20740.16,27893.24,3576.540000000001,752,676.0,12.82224653715381,0.898936170212766
35967,25420.5,28306.059999999998,1442.7799999999988,1614,1194.0,5.097071086544715,0.7397769516728625
35972,6912.88,10002.3,1544.7099999999996,782,770.0,15.443547983963684,0.9846547314578005
35976,71545.76,106833.06,17643.65,11024,10694.0,16.5151592587538,0.9700653120464441
35977,186.96,263.82,38.42999999999999,24,18.0,14.566750056856945,0.75
35989,28701.1,59799.54,15549.220000000001,34,46.0,26.002240151011197,1.3529411764705883
35990,7203.0,15538.6,4167.8,98,140.0,26.822236237498874,1.4285714285714286
35999,13098.880000000001,17978.16,2439.6399999999994,1552,1384.0,13.570020513778939,0.8917525773195877
36000,5823.6,7612.14,894.27,690,586.0,11.74794473039119,0.8492753623188406
36045,741.5999999999999,1118.5,188.45000000000005,144,150.0,16.848457755923114,1.0416666666666667
36059,1499.9,3149.86,824.98,10,14.0,26.191005314521913,1.4
36060,1738.64,3259.9,760.63,8,10.0,23.33292432283199,1.25
36063,43698.36,65999.4,11150.519999999997,58,60.0,16.894880862553293,1.0344827586206897
36065,4187.5199999999995,10119.6,2966.0400000000004,24,40.0,29.30985414443259,1.6666666666666667
36069,102.0,2127.72,1012.8599999999999,2,28.0,47.603068072866726,14.0
36070,9610.4,15035.58,2712.59,40,42.0,18.0411397498467,1.05
36071,1735.08,2567.94,416.43000000000006,6,6.0,16.216500385523027,1.0
36072,317.4,491.94,87.27000000000001,6,6.0,17.73996828881571,1.0
36075,2853.0,4193.94,670.4699999999998,6,6.0,15.986637863202619,1.0
36076,3675.52,9519.44,2921.96,32,56.0,30.69466271125192,1.75
36078,9501.3,13871.66,2185.1800000000003,34,34.0,15.752837079340182,1.0
36079,217.2,2787.66,1285.23,4,34.0,46.10425948645101,8.5
36080,12060.9,19699.0,3819.05,90,100.0,19.38702472206711,1.1111111111111112
36081,9689.76,21220.920000000002,5765.580000000001,72,108.0,27.16932159397425,1.5
36087,16303.68,21806.260000000002,2751.290000000001,648,574.0,12.616973291155844,0.8858024691358025
36088,1017.28,3228.2999999999997,1105.5099999999998,88,170.0,34.24433912585571,1.9318181818181819
36100,53321.84,78993.66,12835.910000000003,2596,2634.0,16.24929139882872,1.0146379044684128
36101,7290.5199999999995,11627.94,2168.7100000000005,194,206.0,18.650853031577395,1.0618556701030928
36123,17569.440000000002,26684.019999999997,4557.289999999997,1494,1398.0,17.078723520668916,0.9357429718875502
36135,1286.6399999999999,1079.6,-103.51999999999998,72,40.0,-9.588736569099666,0.5555555555555556
36138,12117.960000000001,18897.66,3389.8499999999995,1642,1634.0,17.93793517292617,0.9951278928136419
36139,11676.5,14691.96,1507.7299999999996,1210,1004.0,10.262279505253211,0.8297520661157025
36153,24908.0,32810.48,3951.2400000000016,2600,2552.0,12.042615652072145,0.9815384615384616
36154,19990.0,30488.239999999998,5249.119999999999,1000,976.0,17.216867880861603,0.976
36155,1615.6799999999998,1649.5,16.910000000000082,72,50.0,1.0251591391330754,0.6944444444444444
36161,65139.36,107757.04000000001,21308.840000000004,11154,11096.0,19.774893593959153,0.9948000717231487
36197,1241.1999999999998,1708.1,233.45000000000005,214,190.0,13.667232597623094,0.8878504672897196
36199,51761.5,77441.36,12839.93,6430,6264.0,16.580196938690126,0.9741835147744946
36200,32084.68,52369.46,10142.39,3908,4254.0,19.366993663864395,1.0885363357215967
36208,4963.2,6684.96,860.8800000000001,480,304.0,12.877863143534144,0.6333333333333333
36209,7189.4,10208.380000000001,1509.4900000000007,1396,1362.0,14.78677321964896,0.9756446991404012
36235,1783.3200000000002,4399.5599999999995,1308.1199999999997,44,44.0,29.73297329732973,1.0
36262,59119.84,86446.92,13663.54,5288,4908.0,15.805699034737156,0.9281391830559758
36267,11715.1,17229.76,2757.329999999999,1214,1224.0,16.00329894322381,1.0082372322899507
36268,28297.600000000002,42691.939999999995,7197.169999999996,2390,2406.0,16.858381230742847,1.0066945606694562
36284,56697.54,109707.68,26505.069999999996,7186,6832.0,24.159721543651273,0.95073754522683
36306,1522.56,137.94,-692.31,96,6.0,-501.8921270117442,0.0625
36307,750.72,1103.52,176.39999999999998,48,48.0,15.985210961287514,1.0
36308,312.24,455.76,71.75999999999999,24,24.0,15.745129015271194,1.0
36344,35019.52,50741.56,7861.02,4016,3844.0,15.492271029901328,0.9571713147410359
36360,645.12,2989.96,1172.42,72,204.0,39.21189581131521,2.8333333333333335
36370,1879.78,4739.22,1429.7200000000003,406,678.0,30.16783352534806,1.6699507389162562
36371,12380.4,19976.920000000002,3798.260000000001,1810,1908.0,19.01324128043763,1.0541436464088398
36373,482.88,719.52,118.32,48,48.0,16.444296197464976,1.0
36376,13486.64,19286.2,2899.7800000000007,1282,1180.0,15.035517624000583,0.9204368174726989
36378,930027.44,1391632.82,230802.69000000006,136168,134390.0,16.58502779490355,0.9869426003172551
36380,159770.82,293066.64,66647.91,24618,29336.0,22.741554617065933,1.191648387358843
36383,52584.0,78380.5,12898.25,5600,5150.0,16.455942485694784,0.9196428571428571
36386,16168.0,20843.92,2337.959999999999,1880,1408.0,11.216508219183337,0.7489361702127659
36419,6321.04,11301.92,2490.44,968,1008.0,22.035547942296528,1.0413223140495869
36435,1516.06,1423.5,-46.27999999999997,238,150.0,-3.2511415525114136,0.6302521008403361
36463,2025.3000000000002,1198.8,-413.2500000000001,314,120.0,-34.47197197197198,0.3821656050955414
36473,65481.32,99522.2,17020.44,7814,7180.0,17.102154092252782,0.9188635781929869
36483,8717.82,12758.0,2020.0900000000001,218,200.0,15.833908136071488,0.9174311926605505
36493,11403.0,19498.64,4047.8199999999997,420,536.0,20.75949912404147,1.276190476190476
36510,12734.460000000001,20563.2,3914.37,1614,1680.0,19.03580182072829,1.0408921933085502
36511,22517.84,37149.86,7316.01,2836,3014.0,19.693237067380604,1.0627644569816643
36523,116242.28,160872.68,22315.199999999997,11242,10732.0,13.871342231633113,0.9546344066892012
36524,72753.66,89220.48,8233.409999999996,7182,5952.0,9.228161516279666,0.8287385129490392
36538,1781.8999999999999,751.06,-515.42,346,94.0,-68.62567571166085,0.27167630057803466
36539,22140.82,25175.8,1517.4899999999998,4154,3620.0,6.027574098936279,0.8714492055849783
36540,611.04,814.98,101.97000000000003,114,102.0,12.511963483766475,0.8947368421052632
36541,2424.4,3467.66,521.6299999999999,440,434.0,15.042708916099038,0.9863636363636363
36543,32243.800000000003,74802.58,21279.39,2452,3742.0,28.447401145789353,1.5261011419249593
36558,64961.64,99313.46,17175.910000000003,9754,9754.0,17.29464465340348,1.0
36570,20866.88,29965.559999999998,4549.339999999998,488,444.0,15.18189548268078,0.9098360655737705
36571,391.92,1087.58,347.8299999999999,24,42.0,31.982015116129382,1.75
36572,1190.6399999999999,2377.06,593.21,82,94.0,24.955617443396466,1.146341463414634
36573,38767.5,51361.03999999999,6296.769999999997,3446,2896.0,12.259817947611648,0.8403946604759142
36579,18972.8,28943.68,4985.4400000000005,4840,4832.0,17.224623821158886,0.9983471074380166
36620,51815.4,74236.5,11210.55,4732,4350.0,15.101129498292618,0.9192730346576501
36623,56320.32,78933.0,11306.34,2856,2700.0,14.323970962715215,0.9453781512605042
36625,9812.56,17462.16,3824.8,692,784.0,21.90336132528851,1.1329479768786128
36648,136581.48,208669.46,36043.98999999999,3486,3454.0,17.273246406062484,0.9908204245553643
36653,1096.24,1897.4,400.58000000000004,284,260.0,21.112048065774218,0.9154929577464789
36660,3474.0,5148.32,837.1599999999999,360,368.0,16.260838487118125,1.0222222222222221
36749,3259.32,3325.92,33.299999999999955,314,208.0,1.0012267282436125,0.6624203821656051
36750,39421.7,60046.56,10312.43,8230,8144.0,17.174056265671172,0.98955042527339
36766,175.2,3124.2,1474.5,16,180.0,47.19608219704244,11.25
36769,1421.3999999999999,3858.82,1218.71,276,318.0,31.582452666877437,1.1521739130434783
36770,418311.2,652409.0,117048.9,68240,67452.0,17.941030856410624,0.9884525205158265
36771,372432.48,607859.76,117713.64000000001,62384,62308.0,19.365262803380833,0.9987817389074122
36773,685.44,417.62,-133.91000000000003,96,38.0,-32.06503519946363,0.3958333333333333
36826,9962.4,11053.5,545.5500000000002,336,250.0,4.935540778938799,0.7440476190476191
36843,25132.5,35902.34,5384.919999999998,2234,2166.0,14.998799521145415,0.9695613249776186
36844,17019.88,24128.36,3554.24,1838,1764.0,14.730549444719824,0.9597388465723613
36845,9968.8,12719.6,1375.4000000000005,1360,1240.0,10.813233120538387,0.9117647058823529
36846,1935.12,1922.36,-6.3799999999999955,264,164.0,-0.33188372625314694,0.6212121212121212
36849,2170.56,2734.56,282.0,168,144.0,10.312445146568368,0.8571428571428571
36850,17231.2,23410.72,3089.76,1810,1728.0,13.198056275073982,0.9546961325966851
36851,1459.28,2142.66,341.68999999999994,136,134.0,15.94700045737541,0.9852941176470589
36852,12415.679999999998,18532.3,3058.3100000000004,1296,1370.0,16.502592770460225,1.0570987654320987
36859,8606.0,14130.380000000001,2762.1900000000005,1300,1362.0,19.547881939480753,1.0476923076923077
36868,10123.38,17678.64,3777.63,162,136.0,21.368329237995685,0.8395061728395061
36874,50142.9,85872.82,17864.960000000003,10830,11318.0,20.803974994649067,1.0450600184672207
36894,489.18,2350.04,930.43,62,196.0,39.592092049497026,3.161290322580645
36907,1765.96,9517.62,3875.8300000000004,68,238.0,40.72268067016754,3.5
36989,6984.2,11701.94,2358.8700000000003,940,1006.0,20.15793962368633,1.0702127659574467
36991,38499.159999999996,60395.44,10948.140000000003,5362,5256.0,18.127428163450755,0.9802312569936591
36992,53277.76,90723.2,18722.719999999998,5296,5280.0,20.63719092800959,0.9969788519637462
37008,3820.08,5805.36,992.6399999999999,264,264.0,17.098681218735788,1.0
37046,63969.06,96565.58,16298.260000000002,6442,6442.0,16.877918612408273,1.0
37047,506.46,1819.8600000000001,656.7,6,14.0,36.0851933665227,2.3333333333333335
37048,46808.96,64775.240000000005,8983.140000000003,1744,1476.0,13.868169380769569,0.8463302752293578
37049,54345.6,80669.42,13161.91,3996,3858.0,16.315860458647155,0.9654654654654654
37071,87809.76,153108.81999999998,32649.52999999999,7596,6718.0,21.32439528957247,0.8844128488678251
37083,15395.5,22957.02,3780.76,2050,1998.0,16.468862247800455,0.9746341463414634
37100,1388.52,2827.48,719.48,38,52.0,25.445980166084286,1.368421052631579
37121,40687.52,61104.96,10208.720000000001,4666,4704.0,16.70685980319765,1.0081440205743677
37126,28002.4,43873.2,7935.399999999998,2320,2280.0,18.08712380223006,0.9827586206896551
37152,8643.0,14397.06,2877.0299999999997,670,694.0,19.983454955386723,1.035820895522388
37156,3968.8,6445.24,1238.2199999999998,968,1076.0,19.211387008086586,1.1115702479338843
37158,11818.08,18315.9,3248.9100000000008,1392,1410.0,17.73819468330795,1.0129310344827587
37166,3473.2799999999997,5276.139999999999,901.4299999999998,648,586.0,17.085028069763123,0.904320987654321
37194,2237.06,3054.48,408.71000000000004,406,352.0,13.380673633482623,0.8669950738916257
37217,18030.12,30902.420000000002,6436.1500000000015,2082,2158.0,20.827333263867366,1.0365033621517772
37235,65529.0,113561.52,24016.260000000002,8090,9248.0,21.14823753679944,1.1431396786155748
37249,14536.62,10493.0,-2021.8100000000004,1494,700.0,-19.26817878585724,0.4685408299866131
37310,22653.0,36601.54,6974.27,3356,3446.0,19.054580763541644,1.0268176400476758
37311,29254.940000000002,47048.02,8896.539999999997,4246,4398.0,18.90948864585587,1.035798398492699
37312,86563.66,134746.14,24091.240000000005,10834,9226.0,17.878983397965982,0.8515783644083441
37313,71617.5,136528.0,32455.25,10610,12000.0,23.77186364701746,1.1310084825636193
37314,9794.640000000001,10865.3,535.329999999999,888,670.0,4.926969342770094,0.7545045045045045
37342,5959.2,8548.859999999999,1294.8299999999995,120,114.0,15.14623002365227,0.95
37387,13121.18,14249.46,564.1399999999994,614,454.0,3.9590272192770772,0.739413680781759
37398,34.44,99.92,32.74,4,8.0,32.7662129703763,2.0
37401,94111.92,139518.18,22703.129999999997,17892,16982.0,16.27252448390597,0.9491392801251957
37419,15184.4,15648.140000000001,231.8700000000008,616,386.0,1.4817735526394882,0.6266233766233766
37420,90784.44,71168.44,-9808.0,7578,3956.0,-13.781389615958982,0.5220374769068356
37421,2785.6400000000003,23428.58,10321.470000000001,26,142.0,44.05503876035167,5.461538461538462
37422,9248.82,9295.24,23.210000000000036,122,76.0,0.24969769473407935,0.6229508196721312
37433,82641.6,167830.92,42594.66,19130,18484.0,25.37950694663415,0.9662310507056978
37435,39812.64,97185.62,28686.489999999998,1904,3038.0,29.517216641721273,1.5955882352941178
37457,3282.24,4857.92,787.8400000000001,624,608.0,16.217640471642188,0.9743589743589743
37526,206.88,25.16,-90.86,48,4.0,-361.1287758346582,0.08333333333333333
37527,17547.92,28819.14,5635.610000000001,2444,2686.0,19.555094288032194,1.0990180032733223
37530,681.0,1100.6,209.79999999999995,150,140.0,19.062329638379065,0.9333333333333333
37537,529.44,767.52,119.03999999999996,48,48.0,15.50969355847404,1.0
37541,55439.64,94555.96,19558.160000000003,2892,1804.0,20.684217049882424,0.623789764868603
37542,48804.8,35112.36,-6846.220000000001,2360,1164.0,-19.498034310425165,0.49322033898305084
37568,2821.94,8927.52,3052.79,22,48.0,34.19527483556463,2.1818181818181817
37569,252.88,1273.74,510.43,8,26.0,40.073327366652535,3.25
37601,24306.4,39423.94,7558.77,2642,2606.0,19.173045616445236,0.9863739591218774
37604,35928.8,58699.18,11385.189999999999,3880,3882.0,19.39582460947495,1.0005154639175258
37607,31212.36,51286.26,10036.95,3324,3374.0,19.570446353467773,1.0150421179302045
37651,554.4,758.48,102.04000000000002,168,152.0,13.45322223394157,0.9047619047619048
37656,162255.1,222730.72,30237.809999999998,12010,11376.0,13.57594946938617,0.947210657785179
37657,69190.4,99376.76,15093.18,5690,5524.0,15.187836673282568,0.9708260105448154
37678,73240.48,123249.76,25004.64,11216,11224.0,20.287779870727537,1.0007132667617689
37708,965.9,1450.68,242.39000000000004,130,132.0,16.70871591253757,1.0153846153846153
37712,2117.0,4895.7,1389.35,290,430.0,28.378985640459998,1.4827586206896552
37722,804.0,1101.0,148.5,120,100.0,13.487738419618529,0.8333333333333334
37731,139051.80000000002,239564.32,50256.259999999995,20754,20568.0,20.97819074226078,0.9910378722174039
37732,632.16,623.52,-4.319999999999993,72,48.0,-0.6928406466512691,0.6666666666666666
37733,106.08,311.76,102.84,12,24.0,32.986913010007704,2.0
37735,26105.519999999997,38806.16,6350.320000000003,3444,3384.0,16.364206095114803,0.9825783972125436
37765,1444.32,6185.12,2370.4,236,688.0,38.324236231471666,2.9152542372881354
37785,44843.02,58082.94,6619.960000000003,5462,5234.0,11.397425819009854,0.9582570487001099
37786,115945.20000000001,183438.56,33746.67999999999,17976,18200.0,18.39672095114571,1.0124610591900312
37790,15529.6,17905.14,1187.7699999999995,920,686.0,6.633681724912509,0.7456521739130435
37792,81608.38,140181.18,29286.399999999994,17626,17282.0,20.891820143046303,0.9804833768296835
37793,293.76,57.94,-117.91,48,6.0,-203.50362443907494,0.125
37794,4972.02,7443.42,1235.6999999999998,958,858.0,16.601239752694326,0.8956158663883089
37798,10876.800000000001,12866.3,994.7499999999991,960,770.0,7.731437942532035,0.8020833333333334
37817,21268.96,30846.38,4788.710000000001,2456,2362.0,15.524382439689846,0.9617263843648208
37821,101200.0,158812.58,28806.289999999994,22000,22342.0,18.138544188376006,1.0155454545454545
37822,283108.32,359673.6,38282.639999999985,24156,21140.0,10.643716970052845,0.8751448915383342
37826,39283.8,64784.28,12750.239999999998,8430,8572.0,19.681070778281395,1.016844602609727
37827,11257.9,18584.74,3663.420000000001,2186,2326.0,19.711978752460354,1.0640439158279964
37828,127325.88,208082.64,40378.380000000005,19118,19236.0,19.404972947286716,1.0061721937441155
37840,54615.6,80155.68000000001,12770.040000000005,10114,10032.0,15.931547209131036,0.9918924263397271
37842,80372.16,126686.34,23157.089999999997,10384,10566.0,18.27907412906553,1.017526964560863
37849,37111.88,44143.24,3515.6800000000003,598,476.0,7.964254549507468,0.7959866220735786
37878,992.64,1259.58,133.46999999999997,48,42.0,10.59638927261468,0.875
37904,120834.3,213366.16,46265.93,18734,18784.0,21.6838180899914,1.002668944165688
37910,9547.380000000001,10238.72,345.66999999999916,186,128.0,3.376105606950861,0.6881720430107527
37913,10335.900000000001,18670.66,4167.379999999999,786,934.0,22.32047501266693,1.188295165394402
37921,28.94,351.84,161.45,2,16.0,45.887335152341976,8.0
37923,9688.72,17143.56,3727.420000000001,1304,1444.0,21.74239189526563,1.107361963190184
37924,412.8,51.96,-180.42000000000002,48,4.0,-347.22863741339495,0.08333333333333333
37926,50489.6,73220.72,11365.560000000001,6272,6128.0,15.522327559739924,0.9770408163265306
37940,44.12,575.8199999999999,265.84999999999997,2,18.0,46.168941683164874,9.0
37943,14334.16,22304.52,3985.1800000000003,3076,3048.0,17.86714083064778,0.9908972691807543
37984,80075.12,119953.98,19939.43,10564,10802.0,16.62256642088908,1.0225293449450965
38011,9533.1,17636.56,4051.7300000000005,1478,1544.0,22.973471017023726,1.0446549391069013
38088,3199.68,1951.6000000000001,-624.0399999999998,96,40.0,-31.975814716130348,0.4166666666666667
38102,2871.84,4037.2599999999998,582.7099999999998,744,674.0,14.43330377533277,0.9059139784946236
38103,7670.04,11342.539999999999,1836.2499999999995,966,946.0,16.18905465618812,0.979296066252588
38104,4389.16,6169.7,890.27,1114,1030.0,14.429712952007392,0.9245960502692998
38105,10239.599999999999,14891.58,2325.9900000000007,1272,1242.0,15.619497729589476,0.9764150943396226
38106,4915.68,7475.5199999999995,1279.9199999999996,1254,1248.0,17.121484525491198,0.9952153110047847
38107,2858.4,4076.6,609.0999999999999,360,340.0,14.941372712554578,0.9444444444444444
38108,293.04,179.7,-56.670000000000016,72,30.0,-31.535893155258776,0.4166666666666667
38109,186.96,0.0,-93.48,24,0.0,-inf,0.0
38110,766.08,1138.1,186.00999999999993,192,190.0,16.343906510851415,0.9895833333333334
38111,373.92,359.7,-7.110000000000014,48,30.0,-1.976647206005008,0.625
38112,198.24,287.52,44.639999999999986,48,48.0,15.525876460767943,1.0
38128,3499.2,5177.5199999999995,839.1599999999999,648,648.0,16.20775969962453,1.0
38131,82134.72,124792.14,21328.71,12008,11986.0,17.09138892882196,0.9981678880746169
38133,122445.12,226982.4,52268.64,31236,31160.0,23.02761800033835,0.9975669099756691
38137,5197.4,12002.119999999999,3402.3599999999997,260,388.0,28.347991854772324,1.4923076923076923
38153,9982.1,7006.38,-1487.8600000000001,346,162.0,-21.235787953265454,0.4682080924855491
38165,10983.46,16400.38,2708.460000000001,1682,1562.0,16.51461734423227,0.9286563614744352
38178,38152.94,59904.68,10875.869999999999,9238,9532.0,18.15529270834933,1.0318250703615501
38179,31140.2,47420.16,8139.980000000001,7540,7584.0,17.16565275190974,1.0058355437665782
38180,25209.5,40635.42,7712.959999999999,6350,6458.0,18.980879242788678,1.017007874015748
38181,50228.44,80409.38,15090.470000000001,12652,12662.0,18.767051804155187,1.0007903888713248
38190,162.0,299.7,68.85,24,30.0,22.972972972972972,1.25
38191,20885.04,17940.22,-1472.4099999999999,1782,1778.0,-8.207312953798782,0.9977553310886644
38197,20575.8,29555.48,4489.84,2556,2452.0,15.191226804639951,0.9593114241001565
38198,6827.2,10995.880000000001,2084.3400000000006,1004,1012.0,18.955645205295077,1.0079681274900398
38241,25404.5,14817.4,-5293.55,682,260.0,-35.725228447635885,0.3812316715542522
38242,946.56,3954.74,1504.09,48,126.0,38.032588741611335,2.625
38244,8107.68,4112.84,-1997.42,336,116.0,-48.565468143667154,0.34523809523809523
38263,12652.640000000001,20789.16,4068.2599999999993,2054,2084.0,19.569140840707366,1.01460564751704
38301,737.36,1031.1399999999999,146.88999999999993,104,86.0,14.245398297030466,0.8269230769230769
38303,2991.36,2494.96,-248.20000000000005,192,104.0,-9.94805527944336,0.5416666666666666
38312,232.08,359.76,63.83999999999999,24,24.0,17.74516344229486,1.0
38314,1656.48,1798.08,70.79999999999995,168,192.0,3.937533368926853,1.1428571428571428
38318,148.8,215.76,33.47999999999999,24,24.0,15.51724137931034,1.0
38322,23117.04,43687.8,10285.380000000001,3492,3620.0,23.542911293313008,1.036655211912944
38348,56597.12,83260.98,13331.929999999997,6112,5902.0,16.012218448545763,0.9656413612565445
38355,4693.36,6578.46,942.5500000000002,476,454.0,14.327821405009686,0.9537815126050421
38369,69480.0,105030.24,17775.120000000003,7720,6776.0,16.92381165652864,0.877720207253886
38370,1201225.2,1780668.82,289721.81000000006,182280,180534.0,16.270392716821988,0.9904213298222515
38392,4915.9,4857.3,-29.299999999999727,410,270.0,-0.603215778313049,0.6585365853658537
38406,36910.72,63313.34,13201.309999999998,2354,2466.0,20.85075593863789,1.0475785896346643
38412,4221.84,6644.96,1211.56,718,704.0,18.232765885723918,0.9805013927576601
38416,20836.98,29591.32,4377.17,2538,2468.0,14.792074162288129,0.9724192277383766
38441,67871.0,110958.68000000001,21543.840000000004,10130,9932.0,19.416092549046187,0.9804540967423495
38457,188887.68,286320.42,48716.369999999995,41152,37598.0,17.014633465541856,0.9136372472783826
38471,1324.8000000000002,2801.78,738.49,144,222.0,26.357886771980667,1.5416666666666667
38473,19389.84,25576.3,3093.2299999999996,1868,1570.0,12.09412620277366,0.8404710920770878
38476,55424.32,67062.86,5819.27,3488,2714.0,8.677336457168693,0.7780963302752294
38481,11595.68,18449.32,3426.8199999999997,1058,1068.0,18.574234714341774,1.00945179584121
38483,41861.700000000004,65622.66,11880.48,5790,5934.0,18.104234116690787,1.0248704663212436
38502,161823.7,260773.96,49475.12999999999,35410,35204.0,18.972419638832033,0.9941824343405817
38526,90.36,395.64,152.64,12,36.0,38.58052775250228,3.0
38528,39901.68,62796.32,11447.32,1566,1568.0,18.229284773375255,1.0012771392081736
38541,31749.52,49541.24,8895.859999999999,2648,2676.0,17.956474242469504,1.0105740181268883
38542,32783.88,48094.68,7655.4000000000015,4566,4532.0,15.917353021165754,0.9925536574682435
38546,713773.72,1351039.24,318632.76,141062,140376.0,23.584271319906296,0.9951368901617729
38549,85641.76000000001,133416.36,23887.29999999999,17768,17564.0,17.904325976214604,0.9885186852769023
38622,6226.08,8885.16,1329.54,714,684.0,14.963602231135962,0.957983193277311
38631,1233.1,1876.8200000000002,321.8600000000001,418,418.0,17.149220489977736,1.0
38632,3268.36,9314.96,3023.2999999999993,404,404.0,32.45639272739764,1.0
38635,31386.32,50221.06,9417.369999999999,2734,2894.0,18.75183438979583,1.0585223116313094
38641,1537.16,1874.66,168.75,166,134.0,9.001632295989673,0.8072289156626506
38644,27256.5,43437.32,8090.41,4038,4068.0,18.625481498398152,1.0074294205052006
38649,1682.88,2752.98,535.05,96,102.0,19.435302835472832,1.0625
38651,27382.96,39687.76,6152.4000000000015,2552,2424.0,15.502008679754164,0.9498432601880877
38652,78023.40000000001,144534.63999999998,33255.61999999999,5716,6976.0,23.008754164399615,1.2204338698390482
38668,59474.36,61463.6,994.619999999999,4582,3640.0,1.6182260720166066,0.7944129201222174
38681,44914.16,75435.59999999999,15260.719999999994,4072,4440.0,20.230130071213058,1.0903732809430255
38690,30774.940000000002,45532.28,7378.669999999998,3038,2772.0,16.205360241130027,0.9124423963133641
38701,81.72,0.0,-40.86,12,0.0,-inf,0.0
38714,389.16,2303.7599999999998,957.2999999999998,6,24.0,41.553807688300864,4.0
38726,624.44,1891.44,633.5,134,256.0,33.49300004229582,1.9104477611940298
38728,247.2,15.98,-115.61,48,2.0,-723.4668335419274,0.041666666666666664
38731,6333.84,9423.06,1544.6099999999997,926,894.0,16.391809030187645,0.9654427645788337
38771,26174.4,42520.5,8173.049999999999,2296,2750.0,19.22143436695241,1.1977351916376306
38772,84786.56,128281.21999999999,21747.329999999994,7736,7478.0,16.952855608950397,0.9666494312306101
38822,8139.599999999999,16687.86,4274.130000000001,1190,1614.0,25.612211511841547,1.3563025210084034
38850,177397.5,286634.7,54618.600000000006,38150,38050.0,19.055124867994003,0.9973787680209698
38852,2715.84,3722.54,503.3499999999999,828,746.0,13.521681432570231,0.9009661835748792
38853,1545.84,2075.84,265.0000000000001,456,416.0,12.765916448281182,0.9122807017543859
38854,199.8,299.40000000000003,49.80000000000001,60,60.0,16.633266533066134,1.0
38859,44340.36,71087.28,13373.46,1366,1272.0,18.81273274206018,0.931185944363104
38888,249520.16,409673.45999999996,80076.64999999998,14782,14654.0,19.546457805687485,0.9913408199161142
38889,19009.199999999997,15176.7,-1916.2499999999982,876,330.0,-12.626262626262614,0.3767123287671233
38897,48887.56,66825.36,8968.900000000001,2644,2664.0,13.421401695404262,1.0075642965204237
38898,136521.66,194575.12,29026.729999999996,6782,6488.0,14.918006988766086,0.956649955765261
38899,348027.68,576933.1,114452.70999999999,47806,44090.0,19.83812507897363,0.9222691712337363
38945,3930.92,5458.34,763.71,404,366.0,13.991616498789009,0.905940594059406
38946,86208.98,141829.56,27810.29,15422,15044.0,19.6082466870799,0.975489560368305
38950,39589.6,59126.2,9768.3,5822,5780.0,16.521102320122043,0.9927859841978701
38952,13974.0,19155.6,2590.7999999999993,1370,1240.0,13.525026624068154,0.9051094890510949
38953,11396.06,18306.4,3455.170000000001,1378,1360.0,18.87410960101386,0.9869375907111756
38966,19.46,29.98,5.26,2,2.0,17.545030020013343,1.0
38968,254.16,383.76,64.8,24,24.0,16.885553470919323,1.0
39013,282.24,917.66,317.71,16,34.0,34.62175533421964,2.125
39062,39935.38,57242.99999999999,8653.809999999998,3218,3100.0,15.117673776706319,0.9633312616532007
39063,1583.56,799.5999999999999,-391.98,122,40.0,-49.022011005502755,0.32786885245901637
39084,1583.28,2266.92,341.82000000000005,108,108.0,15.078608861362556,1.0
39086,198.36,205.76,3.6999999999999886,36,24.0,1.7982115085536494,0.6666666666666666
39087,245434.32,430183.76,92374.72,36852,36824.0,21.473316426449944,0.9992402040594812
39098,1771.2,2271.04,249.91999999999996,120,96.0,11.00464985205016,0.8
39104,105.35999999999999,701.46,298.05,12,54.0,42.48994953382944,4.5
39107,5139.12,11896.78,3378.8300000000004,84,122.0,28.40121444626193,1.4523809523809523
39110,13511.52,18958.5,2723.49,1706,1650.0,14.365535248041775,0.9671746776084408
39111,872.64,1387.3600000000001,257.36000000000007,432,464.0,18.550340214508136,1.0740740740740742
39146,178556.32,315600.54,68522.10999999999,27344,27146.0,21.711658034552155,0.9927589233469866
39209,7258.92,10217.78,1479.4300000000003,964,934.0,14.478976842327787,0.9688796680497925
39219,11350.0,19211.06,3930.5300000000007,1250,1294.0,20.459724762714814,1.0352
39228,15729.12,19525.760000000002,1898.3200000000006,528,424.0,9.722131174407554,0.803030303030303
39234,4697.0,6834.759999999999,1068.8799999999997,350,324.0,15.638881248207687,0.9257142857142857
39254,71635.8,119386.64,23875.42,10382,10336.0,19.998401831226676,0.9955692544789058
39255,354.96,119.92,-117.51999999999998,36,8.0,-97.99866577718477,0.2222222222222222
39256,117101.04000000001,223647.48,53273.22,22694,21652.0,23.820174499618773,0.9540847801180928
39282,574.56,7073.5,3249.4700000000003,84,650.0,45.93864423552697,7.738095238095238
39283,313.44,39.96,-136.74,48,4.0,-342.19219219219224,0.08333333333333333
39285,9762.42,11639.279999999999,938.4299999999994,578,472.0,8.062612120337336,0.8166089965397924
39334,9237.800000000001,13047.84,1905.0199999999995,884,816.0,14.600271002710025,0.9230769230769231
39335,481302.5,724488.18,121592.84000000003,55006,51974.0,16.783274504216205,0.9448787405010363
39346,412.8,449.1,18.150000000000006,120,90.0,4.041416165664664,0.75
39348,97877.0,219416.9,60769.95,15058,19910.0,27.6961118309483,1.3222207464470712
39356,198832.0,313422.04,57295.01999999999,17200,16996.0,18.280469363290468,0.988139534883721
39357,46906.200000000004,75023.26,14058.529999999995,4140,4074.0,18.73889511066301,0.9840579710144928
39358,27575.000000000004,45675.299999999996,9050.149999999996,2500,2470.0,19.81410083787079,0.988
39384,239787.52,406289.14,83250.81000000001,26762,27550.0,20.49053292440945,1.0294447350721172
39400,38509.08,32505.38,-3001.8500000000004,1462,862.0,-9.234932801893104,0.5896032831737346
39410,38972.159999999996,63656.28,12342.060000000001,6368,6372.0,19.38859763718521,1.0006281407035176
39411,42830.56,73446.48,15307.96,7334,7352.0,20.842333083900005,1.0024543223343332
39412,34350.96,57142.8,11395.920000000002,5842,5720.0,19.942879942879944,0.9791167408421774
39413,134575.76,247632.14,56528.19,26596,26586.0,22.827485156006,0.9996240036095654
39414,486.0,299.7,-93.15,72,30.0,-31.081081081081084,0.4166666666666667
39434,116.76,359.76,121.5,12,24.0,33.77251501000667,2.0
39437,17318.399999999998,27542.54,5112.0700000000015,3840,3746.0,18.56063384132328,0.9755208333333333
39438,219.36,453.40000000000003,117.02000000000001,48,60.0,25.80943978826643,1.25
39449,13817.6,30882.26,8532.329999999998,2540,2534.0,27.62858029172735,0.9976377952755906
39450,42364.0,59971.8,8803.900000000001,1780,1620.0,14.680066297826647,0.9101123595505618
39456,5992.4,10582.64,2295.12,142,136.0,21.68759402190758,0.9577464788732394
39461,828.84,14068.66,6619.91,12,134.0,47.05430367924166,11.166666666666666
39470,3194.2400000000002,5638.58,1222.1699999999998,992,982.0,21.675138066676357,0.9899193548387096
39471,2581.7999999999997,6046.0199999999995,1732.11,130,198.0,28.64876398027132,1.523076923076923
39472,11341.68,16869.96,2764.1399999999994,628,604.0,16.384982537006607,0.9617834394904459
39473,1849.0,5560.0199999999995,1855.5099999999998,100,198.0,33.37236196992097,1.98
39479,208817.46,300376.14,45779.34000000001,39474,37602.0,15.240671246391276,0.9525763793889649
39491,28366.2,49272.78,10453.289999999999,3502,3522.0,21.215141504092117,1.0057110222729868
39512,562.8,503.14,-29.829999999999984,120,72.0,-5.9287673410979025,0.6
39517,61373.9,92551.0,15588.55,3010,2900.0,16.843199965424468,0.9634551495016611
39518,41581.26,62007.78,10213.259999999998,2562,2422.0,16.470933163548185,0.9453551912568307
39523,177911.68000000002,265985.83999999997,44037.07999999997,11456,11016.0,16.556174569292853,0.9615921787709497
39524,15458.36,8316.8,-3570.7800000000007,892,320.0,-42.93454213158908,0.35874439461883406
39550,688.0,7184.7,3248.35,80,530.0,45.212047823847904,6.625
39574,10128.6,14080.08,1975.7399999999998,612,392.0,14.03216458997392,0.6405228758169934
39575,19529.18,17750.18,-889.5,638,382.0,-5.011216787660745,0.5987460815047022
39577,189.0,1287.08,549.04,20,92.0,42.657799049010166,4.6
39581,777.84,1596.2,409.18,168,180.0,25.634632251597544,1.0714285714285714
39592,206.88,0.0,-103.44,48,0.0,-inf,0.0
39593,93253.56,156769.74,31758.089999999997,14732,15626.0,20.25779337262408,1.0606842248167254
39598,32130.0,49761.0,8815.5,6750,6300.0,17.715680954964732,0.9333333333333333
39599,31822.559999999998,53947.74,11062.59,7056,6826.0,20.506123148068855,0.9674036281179138
39600,12248.92,20108.56,3929.8200000000006,2698,2544.0,19.543020484808462,0.9429206819866568
39601,1322.58,1819.7,248.56000000000006,282,230.0,13.659394405671268,0.8156028368794326
39631,19660.16,35421.18,7880.51,3614,3882.0,22.2480165821692,1.0741560597675706
39648,56347.2,92969.08,18310.940000000002,6240,6092.0,19.695731096833487,0.9762820512820513
39650,313.68,383.76,35.03999999999999,24,24.0,9.130706691682299,1.0
39652,12315.74,19072.16,3378.21,3166,3184.0,17.712781352505434,1.005685407454201
39653,416.64000000000004,1042.26,312.80999999999995,168,174.0,30.01266478613781,1.0357142857142858
39654,37057.5,53866.08,8404.29,5490,5392.0,15.602193439730533,0.9821493624772313
39665,607.2,1025.7,209.25,120,130.0,20.40070195963732,1.0833333333333333
39681,9366.72,12337.08,1485.1800000000003,3548,3092.0,12.038342946629188,0.8714768883878241
39689,1610.76,15368.679999999998,6878.959999999999,186,932.0,44.7596019957472,5.010752688172043
39691,97412.56,146010.69999999998,24299.069999999992,7064,6730.0,16.64197897825296,0.952718006795017
39708,79541.44,126895.96,23677.260000000002,16852,15144.0,18.658797332870172,0.8986470448611441
39716,19040.399999999998,30248.02,5603.810000000001,3526,3598.0,18.526204359822565,1.0204197390811118
39717,52488.799999999996,98871.48,23191.34,10712,10652.0,23.456046172263225,0.9943988050784167
39718,5755.26,10150.46,2197.5999999999995,142,154.0,21.650250333482422,1.0845070422535212
39736,5566.26,11507.64,2970.6899999999996,174,236.0,25.814936859338662,1.3563218390804597
39747,1140.6200000000001,1700.0,279.68999999999994,214,200.0,16.452352941176468,0.9345794392523364
39750,105811.38,180058.48,37123.55,20626,20792.0,20.617496049061394,1.0080480946378358
39764,30397.98,44420.86,7011.4400000000005,1662,1514.0,15.784115841071063,0.910950661853189
39765,5134.56,7198.56,1032.0,152,144.0,14.336200573448021,0.9473684210526315
39774,21224.92,28767.64,3771.3600000000006,1172,1036.0,13.109730238559717,0.8839590443686007
39775,65945.28,105067.76,19561.239999999998,11292,11224.0,18.617737734201242,0.9939780375487071
39792,691.52,669.9,-10.810000000000002,16,10.0,-1.6136736826392002,0.625
39797,1945.2,2131.04,92.91999999999996,120,96.0,4.360312335760941,0.8
39798,13469.68,21604.72,4067.5200000000004,2872,2728.0,18.82699706360462,0.9498607242339833
39834,578.88,395.56,-91.66,96,44.0,-23.17221154818485,0.4583333333333333
39840,2570.4,2786.9,108.25,432,310.0,3.8842441422368936,0.7175925925925926
39841,2371.04,3362.2599999999998,495.6099999999999,406,374.0,14.740382956701739,0.9211822660098522
39842,2012.6399999999999,2786.9,387.1300000000001,336,310.0,13.891061753202486,0.9226190476190477
39843,1330.56,1977.8,323.62,216,220.0,16.36262513904338,1.0185185185185186
39868,699.3000000000001,297.8,-200.75000000000003,74,20.0,-67.41101410342513,0.2702702702702703
39923,26697.8,40583.96,6943.08,4076,4004.0,17.107941166904364,0.9823356231599607
39932,319.68,479.04,79.68,96,96.0,16.63326653306613,1.0
39971,75128.78,177855.84,51363.53,2966,3416.0,28.87930472229644,1.1517194875252865
39974,6241.24,9669.3,1714.0299999999997,674,670.0,17.726515880156786,0.9940652818991098
39977,3529.44,4535.46,503.01,516,454.0,11.09060602452673,0.8798449612403101
39979,56306.88,89034.42,16363.77,7182,7158.0,18.379150445412012,0.9966583124477861
39981,9859.66,14550.18,2345.26,1234,1182.0,16.118426026344693,0.9578606158833063
39983,20734.920000000002,32835.8,6050.4400000000005,2628,2620.0,18.426351725860187,0.9969558599695586
39995,777.5999999999999,1149.1200000000001,185.7600000000001,288,288.0,16.165413533834595,1.0
39996,990.0,1380.54,195.26999999999998,360,346.0,14.144465209265938,0.9611111111111111
39997,1315.44,2106.7200000000003,395.6400000000001,504,528.0,18.7799043062201,1.0476190476190477
39998,780.48,1045.38,132.45000000000005,288,262.0,12.670033863284166,0.9097222222222222
40041,249.12,383.76,67.32,24,24.0,17.542213883677295,1.0
40051,33623.24,56270.9,11323.830000000002,7406,7510.0,20.1237762324754,1.0140426681069403
40053,58857.74,91936.66,16539.460000000003,9826,9734.0,17.99005967804356,0.9906370852839406
40054,128775.68000000001,198302.42,34763.37,17216,16458.0,17.530481977980905,0.9559711895910781
40055,64908.4,109477.15999999999,22284.379999999994,6170,6284.0,20.355277758392706,1.0184764991896271
40096,514470.08,886766.94,186148.42999999996,48904,48506.0,20.991809866073716,0.9918616064125634
40097,499149.06,853411.78,177131.36000000002,47134,47022.0,20.75567318745003,0.9976237959859126
40098,318479.16,562454.76,121987.80000000002,30682,30524.0,21.688464330891254,0.9948504008865132
40106,6365.4800000000005,3673.62,-1345.9300000000003,506,238.0,-36.63770340971577,0.47035573122529645
40114,29184.12,47687.8,9251.840000000002,4382,4420.0,19.40085304836877,1.0086718393427658
40116,378.0,447.44,34.72,70,56.0,7.759699624530664,0.8
40136,31686.68,40599.54,4456.43,964,846.0,10.976552936314057,0.8775933609958506
40137,941.04,351.84,-294.6,72,16.0,-83.731241473397,0.2222222222222222
40175,70195.5,97838.4,13821.449999999997,8550,8160.0,14.126815238188684,0.9543859649122807
40193,211602.3,351667.46,70032.58000000002,43810,38554.0,19.91443279966819,0.8800273910066195
40203,1262.4,1055.34,-103.53000000000009,120,66.0,-9.810108590596405,0.55
40213,3600.1000000000004,8682.56,2541.2299999999996,370,544.0,29.26821121881104,1.4702702702702704
40219,8248.5,13201.960000000001,2476.7300000000005,1222,1204.0,18.76032043726841,0.9852700490998363
40220,528.96,911.04,191.03999999999996,96,96.0,20.96944151738672,1.0
40240,8389.42,12086.08,1848.33,1574,1392.0,15.293047869946253,0.8843710292249047
40246,1196.1599999999999,1734.84,269.34000000000003,336,316.0,15.525351041018196,0.9404761904761905
40258,2337.74,2377.62,19.940000000000055,358,238.0,0.8386537798302528,0.664804469273743
40296,16848.16,23005.039999999997,3078.4399999999987,1228,1096.0,13.381589425621513,0.8925081433224755
40331,487.43999999999994,556.42,34.49000000000001,72,58.0,6.198555048344778,0.8055555555555556
40332,64990.36,104675.5,19842.57,7916,7750.0,18.95626961418861,0.9790298130368873
40337,300761.46,433561.6,66400.06999999998,45778,43940.0,15.31502559267241,0.9598497094674298
40338,14998.4,12482.84,-1257.7799999999997,860,516.0,-10.07607243223497,0.6
40363,18276.16,14108.02,-2084.0699999999997,1592,998.0,-14.772235933887249,0.6268844221105527
40365,8190.4400000000005,13198.24,2503.8999999999996,166,176.0,18.97146892312914,1.0602409638554218
40366,3657.04,7174.16,1758.56,136,184.0,24.512416784682806,1.3529411764705883
40424,2380.32,3148.06,383.8699999999999,432,394.0,12.193859075112922,0.9120370370370371
40425,493775.04,902495.68,204360.32000000004,76912,74040.0,22.643911159774195,0.9626586228416892
40444,756.6999999999999,1127.06,185.18,94,94.0,16.430358632193496,1.0
40454,444.35999999999996,1878.0,716.82,84,200.0,38.16932907348243,2.380952380952381
40455,375.84000000000003,255.68,-60.08000000000001,72,32.0,-23.49812265331665,0.4444444444444444
40456,14442.839999999998,19781.86,2669.510000000001,1548,1414.0,13.494737097522686,0.91343669250646
40483,21256.8,31631.48,5187.34,2084,2052.0,16.39929589130828,0.9846449136276392
40513,2289.28,2208.7599999999998,-40.26000000000022,196,124.0,-1.8227421720784613,0.6326530612244898
40538,12916.8,17914.8,2499.0,1196,1120.0,13.949360305445776,0.9364548494983278
40545,433941.0,643880.46,104969.72999999998,43700,42954.0,16.30267363603486,0.982929061784897
40559,53154.96,86880.02,16862.530000000002,7352,7198.0,19.408984942683027,0.9790533188248096
40560,765.72,1234.92,234.60000000000002,108,108.0,18.997182003692547,1.0
40561,14421.44,21378.88,3478.7200000000003,1928,1912.0,16.271759792842282,0.991701244813278
40566,28.92,587.44,279.26000000000005,4,56.0,47.538472014163155,14.0
40568,232.08,0.0,-116.04,24,0.0,-inf,0.0
40575,496.32,269.92,-113.19999999999999,24,8.0,-41.9383521043272,0.3333333333333333
40583,14.66,2417.8,1201.5700000000002,2,220.0,49.696831830589794,110.0
40607,2700.0,3024.22,162.1099999999999,240,178.0,5.36039044778488,0.7416666666666667
40608,831.62,1229.18,198.78000000000003,86,82.0,16.171756780943394,0.9534883720930233
40621,55314.159999999996,87575.72,16130.780000000002,5258,4628.0,18.41923766084938,0.8801825789273487
40658,23703.16,34827.939999999995,5562.389999999998,1154,1206.0,15.971056571247102,1.0450606585788562
40666,165.36,239.76,37.19999999999999,24,24.0,15.51551551551551,1.0
40667,32525.2,40435.68,3955.24,3782,3232.0,9.781559256577358,0.854574299312533
40753,412.8,649.5,118.35,48,50.0,18.221709006928403,1.0416666666666667
40755,1149.6,1708.86,279.63,120,114.0,16.36354060601805,0.95
40757,193.2,431.64,119.22,24,36.0,27.620239088128994,1.5
40766,3749.74,5526.32,888.29,626,568.0,16.073806800909104,0.9073482428115016
40767,451.5,867.38,207.94,50,62.0,23.97334501602527,1.24
40771,3755.6400000000003,5473.86,859.1099999999997,238,214.0,15.694774802424611,0.8991596638655462
40782,929.76,935.96,3.1000000000000227,6,4.0,0.3312107355015196,0.6666666666666666
40786,23422.0,35406.38,5992.189999999999,2390,2362.0,16.92404024359451,0.9882845188284519
40801,30375.519999999997,44123.3,6873.890000000003,4144,4070.0,15.578821167047801,0.9821428571428571
40822,1144.56,963.52,-90.51999999999998,76,48.0,-9.394719362338092,0.631578947368421
40837,13100.72,12475.84,-312.4399999999996,664,416.0,-2.504360427834916,0.6265060240963856
40926,6172.96,9341.28,1584.1600000000003,1882,1872.0,16.95870373225083,0.9946865037194474
40965,31071.6,45102.38,7015.389999999999,1890,1762.0,15.554367640909414,0.9322751322751323
41003,7939.68,10643.16,1351.7399999999998,556,484.0,12.700551340015556,0.8705035971223022
41030,24111.58,38805.159999999996,7346.789999999997,2186,2284.0,18.932507944819704,1.0448307410795974
41032,8831.84,14237.619999999999,2702.8899999999994,764,838.0,18.984142012499277,1.0968586387434556
41033,68969.7,111613.16,21321.730000000003,11670,11684.0,19.10324015555155,1.0011996572407884
41034,575843.76,1018744.96,221450.59999999998,109476,109488.0,21.737589749646467,1.0001096130658775
41062,23081.579999999998,35148.56,6033.49,1938,1944.0,17.165681894222693,1.0030959752321982
41065,29135.079999999998,43289.1,7077.01,2606,2490.0,16.348249328352864,0.955487336914812
41070,15317.119999999999,44332.18,14507.53,2104,3382.0,32.72460321148205,1.6074144486692015
41072,229426.56,380941.8,75757.62,28116,28620.0,19.88692760941435,1.0179257362355953
41079,67.56,99.98,16.21,2,2.0,16.213242648529704,1.0
41081,2504.96,4593.5599999999995,1044.2999999999997,206,244.0,22.734001515164707,1.1844660194174756
41087,1215.1,2196.3,490.60000000000014,290,270.0,22.337567727541778,0.9310344827586207
41122,2596.7999999999997,2940.8999999999996,172.04999999999995,160,110.0,5.850249923492807,0.6875
41132,1391.28,2122.2599999999998,365.4899999999999,186,174.0,17.221735319894826,0.9354838709677419
41133,557.28,311.74,-122.76999999999998,72,26.0,-39.38217745557194,0.3611111111111111
41141,1620.48,3638.6,1009.06,96,140.0,27.732094761721545,1.4583333333333333
41143,78815.84,126330.3,23757.230000000003,14984,14682.0,18.805646784658947,0.9798451681793914
41144,6707.5199999999995,10057.28,1674.8800000000006,1096,1072.0,16.653409271691753,0.9781021897810219
41157,18713.12,25999.74,3643.3100000000013,1744,1626.0,14.012870897939752,0.9323394495412844
41159,208398.4,304435.39999999997,48018.499999999985,12944,12540.0,15.77296858381121,0.9687886279357231
41169,176.88,15.96,-80.46,66,4.0,-504.1353383458646,0.06060606060606061
41170,10640.0,14395.92,1877.96,4000,3608.0,13.04508499630451,0.902
41171,2298.2400000000002,3311.7000000000003,506.73,864,830.0,15.301204819277109,0.9606481481481481
41172,307.8,351.12,21.659999999999997,114,88.0,6.1688311688311686,0.7719298245614035
41212,208885.12,242485.34,16800.11,19856,18282.0,6.92829925306,0.9207292506043513
41213,371393.9,448385.56,38495.82999999999,30770,27156.0,8.585430360424628,0.8825479363015925
41215,295.79999999999995,2260.44,982.32,30,156.0,43.45702606572172,5.2
41220,860.64,1027.8,83.57999999999998,24,20.0,8.131932282545241,0.8333333333333334
41222,12095.04,18151.06,3028.01,1172,1094.0,16.68227640699772,0.9334470989761092
41231,13.06,559.6,273.27000000000004,2,40.0,48.83309506790565,20.0
41251,124982.52,194902.08,34959.77999999999,36868,35792.0,17.93709949119065,0.970814798741456
41252,203383.98,351086.88,73851.45,39646,41712.0,21.03509251043502,1.0521111839782071
41253,228375.0,388497.12,80061.06,37500,38568.0,20.60789022065337,1.02848
41254,126114.3,217471.72,45678.71,21558,21164.0,21.004436806771935,0.9817237220521384
41304,13560.48,20768.879999999997,3604.199999999999,1168,1112.0,17.353848642777077,0.952054794520548
41318,292.08,443.88,75.9,12,12.0,17.099216004325495,1.0
41321,279385.72,423709.08,72161.68000000002,25538,24372.0,17.030949631761494,0.9543425483593077
41348,12427.519999999999,17630.199999999997,2601.3399999999992,1022,980.0,14.75502263162074,0.958904109589041
41354,410.4,99.92,-155.23999999999998,48,8.0,-155.3642914331465,0.16666666666666666
41372,9107.28,12921.380000000001,1907.0500000000002,936,862.0,14.758872504330034,0.9209401709401709
41375,498.24,95.94,-201.15,48,6.0,-209.6622889305816,0.125
41377,6856.08,11054.82,2099.37,1166,1118.0,18.990539873105124,0.9588336192109777
41394,3843.0,8934.26,2545.63,244,374.0,28.492902601894283,1.5327868852459017
41405,44629.2,69350.46,12360.630000000005,4554,4554.0,17.823429001047728,1.0
41409,10101.74,16543.52,3220.8900000000003,814,948.0,19.469193980482995,1.1646191646191646
41411,658.6,915.24,128.32,74,76.0,14.020366242734145,1.027027027027027
41412,18899.42,25786.0,3443.290000000001,2302,2200.0,13.353331265027538,0.9556907037358818
41415,3887.2000000000003,6628.76,1370.78,452,524.0,20.679282399724837,1.1592920353982301
41416,13346.279999999999,19709.04,3181.380000000001,1572,1496.0,16.141729886387164,0.9516539440203562
41417,249.12,1071.36,411.11999999999995,24,64.0,38.373655913978496,2.6666666666666665
41418,412.8,935.28,261.24,48,72.0,27.931742365922506,1.5
41485,6506.639999999999,10359.380000000001,1926.3700000000008,252,262.0,18.595417872498167,1.0396825396825398
41529,1445.5,1488.6599999999999,21.579999999999927,118,134.0,1.4496258380019567,1.1355932203389831
41530,86396.95999999999,138326.28,25964.660000000003,14794,14572.0,18.770590808919323,0.9849939164526159
41531,1015.68,990.76,-12.45999999999998,192,124.0,-1.2576204126125379,0.6458333333333334
41532,798.7199999999999,1757.2,479.24000000000007,128,184.0,27.272934213521516,1.4375
41537,139459.32,208301.16,34420.92,7722,7364.0,16.52459352602741,0.9536389536389537
41546,139325.86000000002,220178.1,40426.119999999995,25286,25790.0,18.360645313952656,1.0199319781697382
41558,2241.3599999999997,3121.54,440.09000000000015,264,246.0,14.098489847959666,0.9318181818181818
41575,2093.7400000000002,17290.74,7598.500000000001,62,326.0,43.94548758468406,5.258064516129032
41588,35329.799999999996,25237.74,-5046.029999999997,530,226.0,-19.993985198357684,0.42641509433962266
41589,25816.96,29194.16,1688.6000000000004,754,584.0,5.784033519032575,0.7745358090185677
41605,17070.24,28665.42,5797.589999999998,424,458.0,20.225030716452082,1.080188679245283
41612,17603.04,23847.86,3122.41,728,614.0,13.093040633415324,0.8434065934065934
41614,7297.08,9129.6,916.2600000000002,292,240.0,10.036146161934807,0.821917808219178
41629,14509.84,24154.98,4822.57,1598,1702.0,19.965116924129102,1.065081351689612
41633,20089.600000000002,32676.74,6293.57,2336,2326.0,19.260091428949153,0.9957191780821918
41634,128.82,447.86,159.52,6,14.0,35.61827356763274,2.3333333333333335
41648,410.4,575.52,82.56,48,48.0,14.345287739783153,1.0
41711,57612.24,97806.40000000001,20097.080000000005,17892,17960.0,20.547816911776735,1.00380058126537
41712,67830.4,113607.1,22888.350000000006,20680,20362.0,20.146936239020278,0.9846228239845262
41713,55628.72,93181.02,18776.15,17276,17298.0,20.15018723770141,1.0012734429266035
41714,101236.8,168142.66,33452.93,31440,31334.0,19.895563683838475,0.9966284987277354
41727,333.36,349.5,8.069999999999993,72,50.0,2.3090128755364785,0.6944444444444444
41751,227465.6,314482.74,43508.56999999999,36688,33126.0,13.834962770929812,0.9029110335804623
41759,16080.64,23171.0,3545.1800000000003,2956,2900.0,15.300073367571535,0.9810554803788903
41762,14131.92,19598.04,2733.0600000000004,212,196.0,13.945578231292519,0.9245283018867925
41778,1165.8000000000002,2773.26,803.73,174,274.0,28.981415373964214,1.5747126436781609
41785,273.6,407.52,66.95999999999998,48,48.0,16.43109540636042,1.0
41786,38429.88,56254.74,8912.43,6558,6626.0,15.842984964466995,1.0103690149435804
41787,64336.16,86557.16,11110.5,3052,2884.0,12.836026505490706,0.944954128440367
41795,534.0,467.64,-33.18000000000001,60,36.0,-7.095201437002824,0.6
41820,7061.12,9890.68,1414.7800000000002,544,532.0,14.30417322165918,0.9779411764705882
41827,41713.92,65452.7,11869.39,5112,4930.0,18.13430156433577,0.9643974960876369
41831,541.4399999999999,658.8,58.68000000000001,144,120.0,8.907103825136614,0.8333333333333334
41862,590.4000000000001,395.41999999999996,-97.49000000000007,144,58.0,-24.65479743058016,0.4027777777777778
41864,4222.08,7253.4,1515.6599999999999,576,660.0,20.895855736620067,1.1458333333333333
41868,32293.68,41951.64,4828.98,956,836.0,11.510825321727589,0.8744769874476988
41899,27372.14,35677.02,4152.439999999999,3334,2898.0,11.638976573716075,0.8692261547690462
41912,17093.22,26753.52,4830.15,2082,2048.0,18.05425977590986,0.983669548511047
41918,3913.84,5554.6,820.3800000000001,812,810.0,14.769380333417349,0.9975369458128078
41927,25171.56,40309.12,7568.780000000001,2754,2688.0,18.77684256069098,0.9760348583877996
41940,81053.28,128058.18,23502.449999999997,5676,5582.0,18.35294707452503,0.9834390415785764
41948,179.52,263.88,42.17999999999999,12,12.0,15.984538426557524,1.0
41965,73130.68000000001,110028.62,18448.969999999994,7516,7138.0,16.767428329102003,0.9497072911122938
41970,47732.58,95955.38,24111.4,5418,6062.0,25.12772082190702,1.1188630490956073
41974,15391.76,23486.4,4047.3200000000006,3368,3360.0,17.23261121329791,0.997624703087886
41978,5485.2,8638.2,1576.5000000000005,168,180.0,18.250329929846497,1.0714285714285714
41981,13710.960000000001,28286.5,7287.7699999999995,556,750.0,25.764127764127764,1.3489208633093526
41983,11791.2,16970.68,2589.74,578,532.0,15.260083862284834,0.9204152249134948
41984,1866.84,4550.48,1341.8199999999997,94,152.0,29.487438687786778,1.6170212765957446
41985,6090.4,10412.02,2160.8100000000004,184,198.0,20.753033513189568,1.076086956521739
41990,94873.52,132525.52,18825.999999999993,2674,2448.0,14.205565841205523,0.9154824233358265
42018,3858.84,5539.6,840.3800000000001,486,440.0,15.1704094158423,0.9053497942386831
42053,46827.2,78218.72,15695.760000000002,2072,1928.0,20.066500704690643,0.9305019305019305
42080,676.08,1147.12,235.51999999999992,72,88.0,20.531417811562864,1.2222222222222223
42097,43668.48,38589.78,-2539.350000000002,5686,4822.0,-6.580369206561951,0.848047836792121
42099,203786.40000000002,329125.68,62669.639999999985,17876,17832.0,19.041248923511525,0.9975385992392034
42115,8578.08,9734.96,578.4399999999996,888,504.0,5.941883685192334,0.5675675675675675
42117,11020.800000000001,16141.86,2560.5299999999997,1148,1114.0,15.862670101215098,0.9703832752613241
42118,10827.9,15881.86,2526.9800000000005,1590,1514.0,15.911108648483241,0.9522012578616352
42122,58953.42,109517.36,25281.97,13014,13344.0,23.08489722542618,1.0253573075149838
42124,10781.82,20399.699999999997,4808.939999999999,1194,1030.0,23.573581964440653,0.8626465661641541
42158,1863.68,2715.86,426.09000000000003,256,214.0,15.688953038816432,0.8359375
42162,231.0,390.9,79.94999999999999,50,30.0,20.45280122793553,0.6
42167,7482.0,10866.42,1692.21,870,758.0,15.57283815644895,0.871264367816092
42172,23270.04,36668.86,6699.41,3494,3514.0,18.270025302122836,1.0057240984544935
42188,2028968.58,3067269.04,519150.23,59658,58996.0,16.925487240597583,0.9889034161386571
42211,421.44,47.96,-186.74,48,4.0,-389.36613844870726,0.08333333333333333
42212,13015.86,21126.76,4055.449999999999,3198,3324.0,19.19579717855459,1.0393996247654784
42255,51798.76,87940.48,18070.859999999997,3172,3352.0,20.548966755696576,1.0567465321563683
42256,160.07999999999998,327.98,83.95000000000002,46,62.0,25.596072931276304,1.3478260869565217
42258,992.8799999999999,279.85999999999996,-356.51,72,14.0,-127.3886943471736,0.19444444444444445
42264,35740.98,49480.92,6869.9699999999975,1094,908.0,13.884078954069565,0.829981718464351
42275,11816.400000000001,17311.34,2747.4699999999993,916,866.0,15.870926225237325,0.9454148471615721
42337,960.96,1095.0,67.01999999999998,132,100.0,6.120547945205478,0.7575757575757576
42348,780.84,1138.56,178.85999999999996,162,144.0,15.709317032040468,0.8888888888888888
42350,137065.02,201287.74,32111.36,12774,11226.0,15.952963652927894,0.8788163457022076
42385,2562.2999999999997,3586.62,512.1600000000001,702,678.0,14.27973969921542,0.9658119658119658
42386,25934.12,37950.299999999996,6008.089999999998,4582,4470.0,15.83146905294556,0.975556525534701
42392,385.5,383.04,-1.2299999999999898,150,96.0,-0.3211152882205487,0.64
42399,37357.020000000004,56397.18,9520.079999999998,5686,5482.0,16.880418489009553,0.9641224059092508
42401,20356.2,32879.78,6261.789999999999,3156,3222.0,19.04450090602796,1.020912547528517
42402,774.0,1342.8,284.4,120,120.0,21.179624664879356,1.0
42403,9029.68,7476.599999999999,-776.5400000000004,682,340.0,-10.386271834791222,0.49853372434017595
42410,576.98,3868.5,1645.76,34,150.0,42.542587566240144,4.411764705882353
42413,101265.59999999999,169708.76,34221.58000000001,17340,16724.0,20.164887186730965,0.9644752018454441
42420,47278.8,78020.28,15370.739999999998,10278,10172.0,19.700954674861457,0.9896867094765519
42421,75666.23999999999,117861.14,21097.450000000004,9776,9086.0,17.900259576650967,0.9294189852700491
42422,239590.4,376811.86,68610.73,30560,28014.0,18.208219348509893,0.9166884816753926
42423,1224.7,6813.759999999999,2794.5299999999997,74,224.0,41.01303832245339,3.027027027027027
42436,466.36,622.44,78.04000000000002,178,156.0,12.537754643017804,0.8764044943820225
42437,763.84,845.06,40.60999999999996,124,94.0,4.805575935436533,0.7580645161290323
42438,450.23999999999995,343.14000000000004,-53.549999999999955,168,86.0,-15.60587515299876,0.5119047619047619
42439,1552.32,1887.8999999999999,167.78999999999996,252,210.0,8.887652947719687,0.8333333333333334
42456,13970.699999999999,21753.2,3891.250000000001,722,680.0,17.888172774580298,0.9418282548476454
42462,177555.30000000002,251219.84,36832.26999999999,25770,25184.0,14.661369898173643,0.9772603802871556
42579,116364.6,181005.96,32320.679999999993,17820,17804.0,17.85614131158996,0.9991021324354658
42581,1262.4,439.78,-411.31000000000006,96,22.0,-93.52630860884989,0.22916666666666666
42601,5699.84,12688.94,3494.55,976,1306.0,27.540125495116218,1.3381147540983607
42602,5950.56,12117.460000000001,3083.4500000000003,1012,1254.0,25.446339414365717,1.2391304347826086
42603,6097.82,13903.7,3902.9400000000005,1018,1430.0,28.0712328373023,1.4047151277013752
42640,6024.799999999999,10873.24,2424.2200000000003,886,1076.0,22.295286409570654,1.2144469525959367
42642,20935.5,35074.06,7069.279999999999,2550,2794.0,20.155294254500333,1.095686274509804
42643,198.48,191.84,-3.319999999999993,24,16.0,-1.7306088407005802,0.6666666666666666
42655,5403.6,6799.0,697.6999999999998,120,100.0,10.261803206353873,0.8333333333333334
42663,12272.8,22442.54,5084.870000000001,2116,2146.0,22.65728389032614,1.0141776937618148
42671,463.2,27.98,-217.60999999999999,48,2.0,-777.7340957827018,0.041666666666666664
42672,1899.5800000000002,2507.34,303.88,74,66.0,12.119616805060343,0.8918918918918919
42676,4848.12,4179.24,-334.44000000000005,134,76.0,-8.002411921784825,0.5671641791044776
42677,3336.96,4069.26,366.1500000000001,88,74.0,8.997950487312192,0.8409090909090909
42678,19493.82,30430.74,5468.460000000001,5854,5726.0,17.970184096739022,0.9781346088144858
42685,15434.039999999999,24474.9,4520.430000000001,492,510.0,18.469656668668723,1.0365853658536586
42691,3246.32,5993.38,1373.53,434,462.0,22.917452255655405,1.064516129032258
42733,2138.5,2507.2400000000002,184.37000000000012,94,76.0,7.353504251687118,0.8085106382978723
42734,366.52,149.94,-108.28999999999999,22,6.0,-72.22222222222221,0.2727272727272727
42735,24931.800000000003,35905.2,5486.699999999999,3078,3080.0,15.281073493532968,1.000649772579597
42741,217.92,335.76,58.92,24,24.0,17.548248749106506,1.0
42751,2440.2,3774.84,667.3200000000002,996,996.0,17.678100263852247,1.0
42752,1228.8,1781.3,276.25,480,470.0,15.508336608095211,0.9791666666666666
42753,2558.4,3638.3999999999996,539.9999999999998,984,960.0,14.841688654353558,0.975609756097561
42759,568.08,839.3000000000001,135.61,72,70.0,16.157512212558085,0.9722222222222222
42764,337982.82,547140.88,104579.03,55498,55416.0,19.113729904444355,0.9985224692781722
42765,71709.3,116500.94,22395.82,12258,11742.0,19.22372471844433,0.9579050416054822
42766,171100.8,296471.94,62685.57000000001,29248,29978.0,21.143845856036158,1.0249589715536105
42785,4383.36,15198.48,5407.5599999999995,64,152.0,35.57961059263821,2.375
42789,3420.4,5874.2,1226.8999999999999,340,380.0,20.886248340199515,1.1176470588235294
42794,306.0,443.76,68.88,24,24.0,15.521903731746889,1.0
42797,1021.44,2436.6,707.5799999999999,96,140.0,29.039645407535087,1.4583333333333333
42801,6044.4400000000005,7707.18,831.3699999999997,548,482.0,10.786954502165507,0.8795620437956204
42828,1495.2,2182.3199999999997,343.55999999999983,168,168.0,15.742879137798301,1.0
42874,178324.6,275177.62,48426.509999999995,15670,14518.0,17.598273435172523,0.9264837268666242
42881,77020.16,138173.7,30576.770000000004,19648,19230.0,22.129225749907544,0.9787255700325733
42884,28220.4,30897.940000000002,1338.7700000000004,390,206.0,4.332877855287441,0.5282051282051282
42886,17953.44,27946.019999999997,4996.289999999999,1356,1398.0,17.87835978074874,1.0309734513274336
42894,282.24,71.96,-105.14000000000001,24,4.0,-146.10894941634245,0.16666666666666666
42897,14158.8,2005.66,-6076.57,360,34.0,-302.97109181017714,0.09444444444444444
42933,206.4,389.7,91.64999999999999,24,30.0,23.518090839107003,1.25
42934,8916.06,12709.4,1896.67,1086,1060.0,14.923363809463863,0.9760589318600368
42948,63283.68,102801.42,19758.87,9252,9058.0,19.220425165333317,0.979031560743623
42949,2419.2000000000003,3613.42,597.1099999999999,256,258.0,16.524788150837708,1.0078125
42952,236.76,239.92,1.5799999999999983,12,8.0,0.6585528509503161,0.6666666666666666
42953,20506.8,29187.3,4340.25,1380,1270.0,14.870337441284395,0.9202898550724637
42971,408.65999999999997,629.58,110.46000000000004,42,42.0,17.545030020013346,1.0
43013,95.28,647.46,276.09000000000003,12,54.0,42.64201649522751,4.5
43019,4444.0,5439.36,497.67999999999984,80,64.0,9.1496058359807,0.8
43020,26471.14,33745.64,3637.25,274,236.0,10.778429450441598,0.8613138686131386
43021,953.28,1485.26,265.99,72,74.0,17.908648990749096,1.0277777777777777
43022,4226.88,683.82,-1771.53,168,18.0,-259.0637887163288,0.10714285714285714
43023,4478.88,2319.42,-1079.73,168,58.0,-46.55172413793103,0.34523809523809523
43025,953.28,1438.56,242.64,144,144.0,16.866866866866868,1.0
43027,734.4000000000001,719.52,-7.440000000000055,72,48.0,-1.0340226817878662,0.6666666666666666
43043,24877.16,43719.04,9420.94,5516,5696.0,21.548826323725315,1.0326323422770123
43092,123224.79999999999,186218.94,31497.070000000007,8510,8306.0,16.91399918826732,0.9760282021151586
43097,6488.320000000001,8493.64,1002.6599999999994,274,236.0,11.804832792536526,0.8613138686131386
43124,25403.600000000002,37161.96,5879.1799999999985,6196,6204.0,15.820424972202755,1.0012911555842479
43127,568.08,863.28,147.59999999999997,72,72.0,17.097581317764803,1.0
43128,425.4,719.4,147.0,60,60.0,20.433694745621352,1.0
43129,32159.640000000003,54650.52,11245.439999999997,4076,4148.0,20.57700457378996,1.0176643768400393
43131,38455.2,63366.5,12455.650000000001,4410,4350.0,19.656521979279272,0.9863945578231292
43134,1197.3,10078.56,4440.63,26,144.0,44.06016335667,5.538461538461538
43143,3967.74,6904.32,1468.29,658,768.0,21.266250695216907,1.1671732522796352
43152,7154.3,8509.76,677.73,290,224.0,7.964149400218103,0.7724137931034483
43184,11704.0,16213.86,2254.9300000000003,1120,1014.0,13.90742241514359,0.9053571428571429
43193,8739.960000000001,14413.24,2836.6399999999994,1684,1676.0,19.68079349264981,0.995249406175772
43223,462302.8,731415.48,134556.34,77960,76108.0,18.39670388162963,0.9762442278091329
43224,34168.8,51031.840000000004,8431.52,3714,3616.0,16.522077197294866,0.9736133548734518
43225,259754.58,368983.1,54614.259999999995,14202,12890.0,14.801290357200642,0.9076186452612308
43232,7555.5,13755.5,3100.0,1150,1250.0,22.53643996946676,1.0869565217391304
43237,2817.36,5889.88,1536.26,156,212.0,26.08304413672265,1.358974358974359
43245,59151.84,91828.8,16338.480000000003,8976,8920.0,17.792326590350743,0.9937611408199644
43247,209.28,285.78000000000003,38.250000000000014,24,22.0,13.384421583035905,0.9166666666666666
43289,502.8,155.88,-173.46,60,12.0,-111.27790608160124,0.2
43290,213.6,0.0,-106.8,24,0.0,-inf,0.0
43291,309.6,129.9,-89.85000000000001,36,10.0,-69.16859122401848,0.2777777777777778
43292,61836.72,95962.62,17062.949999999997,9528,9338.0,17.780829660549074,0.9800587741393787
43293,202.56,25.98,-88.29,24,2.0,-339.8383371824481,0.08333333333333333
43308,24693.760000000002,53907.82,14607.029999999999,3584,4418.0,27.09630996022469,1.2327008928571428
43317,412.8,399.2,-6.800000000000011,120,80.0,-1.7034068136272573,0.6666666666666666
43323,705.78,1439.46,366.84000000000003,54,54.0,25.484556708765787,1.0
43350,156.72,239.76,41.519999999999996,24,24.0,17.317317317317315,1.0
43354,97.2,239.76,71.28,24,24.0,29.72972972972973,1.0
43359,51770.32,72658.0,10443.84,1916,1800.0,14.373971207575215,0.9394572025052192
43362,209133.62,377755.46,84310.92000000001,3034,3518.0,22.318914993313403,1.1595253790375741
43363,2427.2,1619.64,-403.77999999999986,82,36.0,-24.930231409449004,0.43902439024390244
43365,84223.36,136004.98,25890.810000000005,12224,12430.0,19.03666321630282,1.0168520942408377
43379,30483.559999999998,42567.9,6042.170000000002,3182,3210.0,14.194193277093778,1.0087994971715901
43380,3374.16,4152.48,389.15999999999985,408,352.0,9.371748930759448,0.8627450980392157
43384,132.24,191.76,29.75999999999999,24,24.0,15.519399249061323,1.0
43385,793.1,1134.58,170.73999999999995,154,142.0,15.048740503093653,0.922077922077922
43393,437.34000000000003,1054.98,308.82,74,102.0,29.272592845361995,1.3783783783783783
43395,353.4,257.94,-47.72999999999999,12,6.0,-18.50430332635496,0.5
43425,685.4399999999999,335.76,-174.83999999999997,72,24.0,-52.07290922087204,0.3333333333333333
43429,159.84,239.76,39.959999999999994,24,24.0,16.666666666666664,1.0
43430,3524.2000000000003,5174.82,825.3099999999997,526,518.0,15.94857405668216,0.9847908745247148
43432,41968.88,59181.2,8606.16,10652,9880.0,14.542050516042258,0.9275253473526098
43433,3613.4,5066.1,726.3500000000001,406,390.0,14.337458794733623,0.9605911330049262
43434,278819.68,440338.89999999997,80759.60999999999,17896,18126.0,18.34033059536643,1.0128520339740723
43450,66212.52,95891.56,14839.519999999997,5844,5644.0,15.47531399009464,0.9657768651608487
43452,394.56000000000006,305.82,-44.37000000000003,36,18.0,-14.508534432018847,0.5
43481,7564.5599999999995,5838.280000000001,-863.1399999999994,344,172.0,-14.784148756140494,0.5
43489,19030.2,31470.98,6220.389999999999,2364,2502.0,19.765479181137668,1.0583756345177664
43490,799.04,923.34,62.150000000000034,88,66.0,6.73099833214201,0.75
43499,811.44,1258.32,223.43999999999994,168,168.0,17.75700934579439,1.0
43513,15616.1,25199.58,4791.740000000001,38,42.0,19.015158189144422,1.105263157894737
43539,611.52,37.98,-286.77,48,2.0,-755.0552922590837,0.041666666666666664
43541,431.32,607.24,87.96000000000001,82,76.0,14.485211777880247,0.926829268292683
43542,1705.6,2142.66,218.52999999999997,160,134.0,10.199004975124378,0.8375
43543,328.2,575.28,123.53999999999999,60,72.0,21.474760116812682,1.2
43544,498.24,575.64,38.69999999999999,48,36.0,6.722951844903062,0.75
43545,151.2,191.76,20.28,28,24.0,10.575719649561952,0.8571428571428571
43546,1965.6000000000001,2366.52,200.45999999999992,182,148.0,8.470665787738955,0.8131868131868132
43547,198.36,223.72,12.679999999999993,36,28.0,5.667799034507417,0.7777777777777778
43548,284.7,479.7,97.5,26,30.0,20.32520325203252,1.1538461538461537
43553,28316.88,43979.08,7831.1,4696,4892.0,17.80642068910946,1.0417376490630323
43590,153367.2,226571.12,36601.95999999999,15036,14240.0,16.154733224605145,0.9470603884011706
43615,20554.24,31849.32,5647.539999999999,1736,1668.0,17.732058329659782,0.9608294930875576
43618,15146.88,22646.76,3749.9399999999996,1932,1724.0,16.558395108174416,0.8923395445134575
43638,11543.16,27897.22,8177.030000000001,186,278.0,29.311271875835658,1.4946236559139785
43639,889.92,1511.46,310.77000000000004,48,54.0,20.56091461236156,1.125
43652,5545.5599999999995,10171.06,2312.75,444,494.0,22.73853462667608,1.1126126126126126
43662,33364.799999999996,41494.58,4064.890000000003,1680,1342.0,9.796195069331953,0.7988095238095239
43667,6551.2,4799.04,-876.0799999999999,190,96.0,-18.25531773021271,0.5052631578947369
43668,5675.04,899.82,-2387.61,168,18.0,-265.3430686137228,0.10714285714285714
43673,6979.72,11123.32,2071.7999999999997,1276,1268.0,18.625734043433074,0.9937304075235109
43681,407.52,0.0,-203.76,48,0.0,-inf,0.0
43685,28969.92,40640.840000000004,5835.460000000003,3024,2916.0,14.358610698007231,0.9642857142857143
43729,1143.36,709.9,-216.72999999999996,24,10.0,-30.529652063670937,0.4166666666666667
43730,838.08,1439.76,300.84,24,24.0,20.89514919153192,1.0
43737,26436.48,45701.94,9632.730000000001,4496,4806.0,21.07728906037687,1.0689501779359432
43747,2651.04,3740.88,544.9200000000001,336,312.0,14.566626034515945,0.9285714285714286
43777,5277.44,8569.06,1645.81,434,494.0,19.206424041843565,1.1382488479262673
43782,2297.06,1737.54,-279.76,86,46.0,-16.100924295268022,0.5348837209302325
43784,23027.52,28854.32,2913.3999999999996,1992,1668.0,10.096928293579609,0.8373493975903614
43785,292.08,443.88,75.9,12,12.0,17.099216004325495,1.0
43788,159166.8,242466.04,41649.62000000001,4680,4596.0,17.177506590201254,0.982051282051282
43789,2990.64,4110.26,559.8100000000002,408,374.0,13.619819670775088,0.9166666666666666
43790,1604.8799999999999,1978.2,186.66000000000008,216,180.0,9.435850773430394,0.8333333333333334
43791,567.6,1318.8,375.59999999999997,120,120.0,28.480436760691536,1.0
43798,41847.600000000006,71101.66,14627.029999999999,6488,6734.0,20.57199508422166,1.0379161528976573
43799,122.16,186.96,32.400000000000006,24,24.0,17.32991014120668,1.0
43801,16422.079999999998,26445.32,5011.620000000001,2812,2768.0,18.950876752483996,0.984352773826458
43803,2021.2,2963.4,471.1,652,660.0,15.8972801511777,1.0122699386503067
43808,40517.4,69661.14,14571.869999999999,12278,11718.0,20.918219253948468,0.9543899657924744
43809,343158.4,579142.62,117992.10999999999,58760,57938.0,20.37358431676121,0.9860108917631042
43819,417.59999999999997,273.7,-71.94999999999999,72,30.0,-26.287906466934597,0.4166666666666667
43820,16405.2,26864.94,5229.869999999999,2790,2906.0,19.467268491945262,1.0415770609318997
43821,257.28,327.68,35.20000000000002,48,32.0,10.742187500000005,0.6666666666666666
43832,6356.799999999999,14571.02,4107.110000000001,1096,1498.0,28.186839356476078,1.3667883211678833
43871,79.44,279.86,100.21000000000001,6,14.0,35.80718930894019,2.3333333333333335
43872,240970.44,388609.22,73819.38999999998,19034,18438.0,18.995789652134345,0.9686876116423243
43873,164429.84,220703.87999999998,28137.01999999999,3524,3212.0,12.748765449886967,0.9114642451759364
43877,95256.0,125755.98,15249.989999999998,5400,4602.0,12.126651949275095,0.8522222222222222
43890,2480.64,3038.1,278.73,228,190.0,9.174484052532835,0.8333333333333334
43900,11853.460000000001,15026.66,1586.5999999999995,382,334.0,10.558567239825747,0.8743455497382199
43916,1114.56,719.4,-197.57999999999998,144,60.0,-27.464553794829023,0.4166666666666667
43918,30178.460000000003,50334.02,10077.779999999997,3874,4198.0,20.02180632502629,1.0836344863190501
43919,441.84000000000003,1246.96,402.56,56,104.0,32.28331301725797,1.8571428571428572
43920,37883.299999999996,56832.6,9474.650000000001,4706,4740.0,16.67115352808072,1.0072248193795155
43922,13513.439999999999,20533.16,3509.8600000000006,2256,2284.0,17.09361832275208,1.0124113475177305
43923,377.66,2805.66,1214.0,46,234.0,43.26967629719923,5.086956521739131
43924,6875.28,9201.06,1162.8899999999999,648,594.0,12.638652503081167,0.9166666666666666
43937,10685.4,1903.92,-4390.74,66,8.0,-230.61578217572162,0.12121212121212122
43939,3255.12,1399.28,-927.92,264,72.0,-66.3141043965468,0.2727272727272727
43950,62.72,0.0,-31.36,4,0.0,-inf,0.0
44025,3695.72,6762.42,1533.3500000000001,134,158.0,22.674575078152497,1.1791044776119404
44033,77.76,691.72,306.98,24,128.0,44.37922858960273,5.333333333333333
44035,44569.44,66354.16,10892.36,6516,6584.0,16.415489247396096,1.0104358502148558
44037,119385.36,204400.66,42507.65,34908,34894.0,20.796239111948072,0.9995989458003895
44038,342165.39999999997,580273.36,119053.98000000001,58390,55160.0,20.516878458800868,0.9446823086144888
44040,215.04,311.52,48.239999999999995,48,48.0,15.485362095531585,1.0
44041,31170.559999999998,49248.56,9039.0,4096,4144.0,18.35383613246763,1.01171875
44063,1505.28,1990.34,242.52999999999997,192,166.0,12.185355265934463,0.8645833333333334
44072,88856.7,137250.56,24196.93,12290,12144.0,17.629749561677563,0.988120423108218
44081,49648.8,85541.48,17946.339999999997,4530,4452.0,20.97969312665621,0.9827814569536424
44082,29347.5,45973.94,8313.220000000001,3250,3206.0,18.082461498840434,0.9864615384615385
44083,15634.56,11840.58,-1896.9899999999998,1088,742.0,-16.021090183082247,0.6819852941176471
44084,13688.56,24663.06,5487.250000000001,1724,1894.0,22.24886125241556,1.0986078886310904
44098,124.53999999999999,181.74,28.60000000000001,26,26.0,15.736766809728186,1.0
44102,4745.16,7478.64,1366.7400000000002,126,136.0,18.275247906036395,1.0793650793650793
44106,22323.039999999997,30485.88,4081.420000000002,2264,2012.0,13.38790285863489,0.8886925795053003
44107,43700.08,64836.44,10568.18,4154,3956.0,16.299753657048413,0.9523350987000482
44109,223.20000000000002,323.64,50.219999999999985,36,36.0,15.51724137931034,1.0
44121,1393.44,2159.52,383.03999999999996,48,48.0,17.737274949988883,1.0
44138,21083.12,33092.020000000004,6004.450000000003,2498,2598.0,18.144706790337978,1.0400320256204965
44145,39416.799999999996,65730.86,13157.030000000002,6796,6714.0,20.016518877130167,0.9879340788699235
44148,37783.28,62560.5,12388.61,8108,8950.0,19.802607076350093,1.1038480513073508
44174,10404.0,2583.32,-3910.34,408,68.0,-151.36878125822585,0.16666666666666666
44176,661.92,0.0,-330.96,48,0.0,-inf,0.0
44177,554.88,33.98,-260.45,48,2.0,-766.480282519129,0.041666666666666664
44182,41138.82,61400.38,10130.779999999999,3834,3762.0,16.49953957939674,0.9812206572769953
44186,3413.3,14126.86,5356.780000000001,110,314.0,37.91911295220594,2.8545454545454545
44199,13412.619999999999,14379.28,483.33000000000084,1306,1072.0,3.3612948631642254,0.8208269525267994
44207,5778.400000000001,9088.9,1655.2499999999995,932,910.0,18.21177480223129,0.9763948497854077
44208,407821.8,666169.4199999999,129173.80999999997,37244,36858.0,19.39053431783164,0.9896359145097197
44217,29389.800000000003,41356.8,5983.5,2684,2520.0,14.46799558960074,0.9388971684053651
44220,2275.8199999999997,3580.96,652.5700000000002,106,104.0,18.223325588668963,0.9811320754716981
44221,522.24,639.6,58.68000000000001,48,40.0,9.174484052532835,0.8333333333333334
44228,163529.86,333037.14,84753.64000000001,29254,31436.0,25.44870521047593,1.074588090517536
44232,1023.84,575.8199999999999,-224.01000000000005,48,18.0,-38.90278211941233,0.375
44233,42927.84,61354.46,9213.310000000001,6276,6154.0,15.016528545765054,0.9805608667941363
44234,61916.4,94691.0,16387.3,6552,6300.0,17.30607977526903,0.9615384615384616
44238,7981.2,12229.62,2124.2100000000005,1478,1438.0,17.369386783890263,0.972936400541272
44249,313.44,39.96,-136.74,48,4.0,-342.19219219219224,0.08333333333333333
44266,40809.92,61562.3,10376.190000000002,6988,6770.0,16.854779629740932,0.9688036634230108
44269,10152.300000000001,15657.64,2752.669999999999,1574,1436.0,17.580363324230213,0.9123252858958069
44272,128.04,189.48000000000002,30.720000000000013,12,12.0,16.212792906903108,1.0
44278,449.18,1575.1599999999999,562.9899999999999,74,84.0,35.741765915843466,1.135135135135135
44292,22961.2,37465.96,7252.379999999999,2740,2804.0,19.357251222176075,1.0233576642335767
44302,1170.58,1741.82,285.62,214,218.0,16.39779081650228,1.0186915887850467
44325,408.96,419.92,5.480000000000018,12,8.0,1.3050104781863254,0.6666666666666666
44334,183001.28,284275.56,50637.14,23342,23244.0,17.812695540904045,0.9958015594207865
44337,54387.36,80625.34,13118.989999999998,6444,6066.0,16.271546885879797,0.9413407821229051
44338,675.12,1188.6,256.73999999999995,116,140.0,21.600201918223117,1.206896551724138
44339,213.6,0.0,-106.8,24,0.0,-inf,0.0
44340,47011.12,68552.24,10770.560000000001,5318,5176.0,15.711463257801642,0.9732982324182023
44362,48111.840000000004,78074.12,14981.139999999996,7224,7188.0,19.188355885407347,0.9950166112956811
44369,889.68,1197.6000000000001,153.9600000000001,264,240.0,12.855711422845697,0.9090909090909091
44370,162.0,59.94,-51.03,24,6.0,-85.13513513513514,0.25
44394,1621.2,1942.56,160.67999999999995,168,144.0,8.271559179639237,0.8571428571428571
44411,4893.04,3478.8399999999997,-707.1000000000001,248,116.0,-20.325740764162774,0.46774193548387094
44452,33786.939999999995,58232.840000000004,12222.950000000004,5206,5316.0,20.989788579777326,1.0211294660007684
44455,6944.16,5771.82,-586.1700000000001,782,418.0,-10.155722111916173,0.5345268542199488
44493,23613.199999999997,24386.88,386.84000000000196,760,512.0,1.5862627773622617,0.6736842105263158
44494,212103.0,339021.14,63459.07000000001,47134,43566.0,18.718322403139815,0.9243009292654983
44511,219978.19999999998,372271.46,76146.63000000002,23180,24310.0,20.454597835676154,1.048748921484038
44529,13697.320000000002,20912.14,3607.409999999999,1988,1986.0,17.250314888863592,0.9989939637826962
44547,301782.6,458327.06,78272.23000000001,6684,6358.0,17.07781120320498,0.9512268102932376
44613,10143.2,16834.24,3345.5200000000004,1636,1976.0,19.873305833824396,1.2078239608801955
44620,88501.04,103646.86,7572.9100000000035,8248,7482.0,7.306453856875166,0.9071290009699321
44637,106.08,155.88,24.9,12,12.0,15.973826020015396,1.0
44650,2780.4,5829.44,1524.5199999999998,42,56.0,26.15208321897129,1.3333333333333333
44653,3113.28,6219.4,1553.0599999999997,48,60.0,24.971219088658067,1.25
44662,142.8,305.65999999999997,81.42999999999998,24,34.0,26.640711902113456,1.4166666666666667
44666,306.0,1399.44,546.72,18,56.0,39.06705539358601,3.111111111111111
44703,10909.800000000001,16457.8,2773.999999999999,1254,1220.0,16.855229739090273,0.9728867623604466
44704,9964.08,14546.34,2291.13,1318,1266.0,15.750559934663977,0.960546282245827
44705,1941.84,3156.66,607.41,216,234.0,19.242173689912757,1.0833333333333333
44708,18719.579999999998,32703.68,6992.050000000001,2486,2432.0,21.380009833755715,0.9782783588093322
44709,1777.4399999999998,2189.2599999999998,205.90999999999997,336,274.0,9.40546120606963,0.8154761904761905
44712,207953.19999999998,384688.68,88367.74,15080,17132.0,22.971234817723257,1.1360742705570293
44714,276738.84,239233.5,-18752.670000000013,20484,19850.0,-7.838647179429308,0.9690490138644796
44715,14118.720000000001,21144.719999999998,3512.999999999998,1146,1128.0,16.614076705674034,0.9842931937172775
44716,7796.879999999999,12495.0,2349.0600000000004,468,500.0,18.800000000000004,1.0683760683760684
44717,210692.32,331962.27999999997,60634.97999999998,23204,22172.0,18.26562343167422,0.9555249094983623
44718,158.88,0.0,-79.44,24,0.0,-inf,0.0
44719,191652.24000000002,302410.8,55379.279999999984,27816,29720.0,18.31259994682729,1.0684498130572333
44724,2520.52,1859.3999999999999,-330.56000000000006,122,60.0,-17.777777777777782,0.4918032786885246
44729,11750.4,17553.36,2901.4800000000005,1440,1464.0,16.52948495330809,1.0166666666666666
44730,1754.88,2322.34,283.73,192,166.0,12.217418638097781,0.8645833333333334
44731,901.44,1343.04,220.79999999999995,96,96.0,16.440314510364544,1.0
44733,12154.98,20025.34,3935.1800000000003,2342,2266.0,19.65100218023764,0.9675491033304867
44734,35349.12,55313.56,9982.219999999998,6498,6244.0,18.04660557013506,0.9609110495537089
44742,4767.36,3385.1800000000003,-691.0899999999997,192,82.0,-20.415162561518134,0.4270833333333333
44755,2873.28,15574.820000000002,6350.77,32,118.0,40.77588055592295,3.6875
44756,1367.72,5409.54,2020.9099999999999,124,246.0,37.35825966718057,1.9838709677419355
44761,7624.959999999999,11254.5,1814.7700000000004,2072,2050.0,16.12483895330757,0.9893822393822393
44764,299.76,911.52,305.88,24,48.0,33.557135334386516,2.0
44780,19814.4,33953.259999999995,7069.429999999997,1536,1474.0,20.821064015649743,0.9596354166666666
44781,133.2,439.56,153.18,20,44.0,34.84848484848485,2.2
44783,510.0,3059.94,1274.97,50,206.0,41.6665032647699,4.12
44785,4179.6,6316.839999999999,1068.6199999999994,324,316.0,16.917002805200063,0.9753086419753086
44818,5628.86,10465.94,2418.5400000000004,862,1006.0,23.108674423893127,1.1670533642691416
44828,23839.2,39292.28,7726.539999999999,2772,2772.0,19.66426992783315,1.0
44838,25746.840000000004,41561.060000000005,7907.110000000001,1202,1094.0,19.025284725654252,0.9101497504159733
44854,88425.0,125479.54000000001,18527.270000000004,2500,2446.0,14.765172075064989,0.9784
44857,321.3,755.46,217.08,34,54.0,28.734810578984987,1.588235294117647
44859,38372.4,33073.04,-2649.6800000000003,5130,4096.0,-8.011600989809223,0.7984405458089668
44893,275.52,0.0,-137.76,24,0.0,-inf,0.0
44895,1790.88,3214.08,711.5999999999999,168,192.0,22.140083632019113,1.1428571428571428
44906,2229.08,1768.3799999999999,-230.35000000000002,266,162.0,-13.026046437982789,0.6090225563909775
44907,883.2,1203.14,159.97000000000003,96,86.0,13.296042023372175,0.8958333333333334
44911,44794.159999999996,65266.659999999996,10236.25,4258,4134.0,15.683735003445864,0.9708783466416158
44912,11619.84,16145.779999999999,2262.9699999999993,1068,1022.0,14.015860491100456,0.9569288389513109
44915,53044.8,87465.04000000001,17210.120000000003,8224,8296.0,19.676570204506852,1.0087548638132295
44916,29982.000000000004,46003.479999999996,8010.739999999996,2630,2452.0,17.413334817279033,0.932319391634981
44917,33.1,49.98,8.439999999999998,2,2.0,16.88675470188075,1.0
44921,23228.100000000002,35840.68,6306.289999999999,2458,2332.0,17.595341383031794,0.9487388120423108
44922,17381.22,18366.96,492.869999999999,762,504.0,2.683459864887815,0.6614173228346457
44925,1202.9199999999998,1469.02,133.05000000000007,122,98.0,9.057058447128021,0.8032786885245902
44943,82157.90000000001,161115.24,39478.66999999999,7862,10076.0,24.503374106633235,1.2816077334011702
44944,79308.16,52095.34,-13606.410000000003,5312,2266.0,-26.11828620371804,0.4265813253012048
44972,206.39999999999998,2174.64,984.1199999999999,20,136.0,45.2543869330096,6.8
44986,34077.0,49237.02,7580.009999999998,3070,2898.0,15.394940636131105,0.9439739413680782
44992,5269.68,8387.32,1558.8199999999997,78,68.0,18.585436110700435,0.8717948717948718
44993,3052.14,4567.62,757.74,546,538.0,16.589383530153558,0.9853479853479854
45016,2948.64,375.96,-1286.34,48,4.0,-342.1481008617938,0.08333333333333333
45035,18799.14,30087.56,5644.210000000001,822,844.0,18.75928124447446,1.02676399026764
45059,87.8,2454.2400000000002,1183.22,10,176.0,48.21125888258687,17.6
45061,1512.0,2238.6,363.29999999999995,140,140.0,16.22889305816135,1.0
45063,13249.14,23876.56,5313.710000000001,2766,2544.0,22.254922819702674,0.9197396963123644
45082,587.52,863.28,137.88,72,72.0,15.97164303586322,1.0
45090,7148.4,11078.76,1965.1800000000003,888,924.0,17.738266737432713,1.0405405405405406
45128,5128.68,15236.98,5054.15,158,302.0,33.17028702538167,1.9113924050632911
45129,15426.72,4291.24,-5567.74,432,76.0,-129.74664665691037,0.17592592592592593
45185,2288.16,3038.1,374.97,252,190.0,12.342253382047993,0.753968253968254
45203,6799.36,12178.28,2689.4600000000005,1328,1492.0,22.084070985393673,1.1234939759036144
45214,489.59999999999997,719.28,114.84,72,72.0,15.965965965965967,1.0
45234,3831.0400000000004,5375.44,772.1999999999996,64,56.0,14.365335674847076,0.875
45239,1259.04,2302.56,521.76,122,144.0,22.65999583072754,1.180327868852459
45240,29970.0,53748.159999999996,11889.079999999998,3000,3184.0,22.11997582800974,1.0613333333333332
45246,78532.26,77359.64,-586.3099999999977,10862,10836.0,-0.7579016655196401,0.9976063340084699
45266,28457.739999999998,44838.76,8190.510000000002,4358,3924.0,18.266584535343977,0.9004130335016063
45276,14701.44,28599.84,6949.2,3224,3416.0,24.298038030981992,1.0595533498759304
45293,337.68,205.74,-65.97,72,26.0,-32.06474190726159,0.3611111111111111
45294,14879.28,22736.24,3928.4800000000005,1976,1976.0,17.27849459717174,1.0
45298,32931.36,50230.14,8649.39,1008,986.0,17.219521984211074,0.9781746031746031
45300,13235.400000000001,20882.219999999998,3823.409999999998,1026,978.0,18.309403885219094,0.9532163742690059
45314,14637.6,10927.6,-1855.0,1284,840.0,-16.97536513049526,0.6542056074766355
45322,45034.24,81309.86,18137.81,9664,10014.0,22.307024018981217,1.0362168874172186
45329,1240.8,1618.92,189.06000000000006,120,108.0,11.678155807575424,0.9
45330,8574.76,14852.16,3138.7,1852,1784.0,21.13295305194665,0.9632829373650108
45331,4164.16,5622.88,729.3600000000001,572,512.0,12.971288734598641,0.8951048951048951
45332,23281.16,36747.06,6732.949999999999,4964,4894.0,18.322418174406334,0.9858984689766318
45333,19516.0,32826.3,6655.1500000000015,4100,3970.0,20.273835308883427,0.9682926829268292
45334,3196.8,5231.22,1017.21,480,478.0,19.44498606443621,0.9958333333333333
45392,25553.5,37866.06,6156.279999999999,2086,1994.0,16.2580421622952,0.9558964525407478
45424,16405.8,23576.179999999997,3585.1899999999987,1478,1382.0,15.206831641088586,0.9350473612990527
45446,435.84,573.18,68.66999999999999,96,82.0,11.9805296765414,0.8541666666666666
45457,14936.82,25358.58,5210.880000000001,2878,2942.0,20.548784671696918,1.0222376650451703
45459,505.2,319.9,-92.65,24,10.0,-28.96217567989997,0.4166666666666667
45460,69779.58,111119.82,20670.120000000003,10686,10618.0,18.60165000267279,0.9936365337825191
45474,36234.0,51990.44,7878.220000000001,1080,956.0,15.15320893610441,0.8851851851851852
45494,383.76,1087.34,351.78999999999996,36,66.0,32.35326576783711,1.8333333333333333
45495,166.07999999999998,1017.36,425.64,16,64.0,41.83769757018164,4.0
45496,97431.22,146097.82,24333.300000000003,18418,18298.0,16.65548466089364,0.9934846345965903
45503,111914.4,162197.64,25141.62000000001,16458,16236.0,15.500607777030545,0.986511119212541
45521,2982.96,3568.3,292.6700000000001,216,170.0,8.201944903735674,0.7870370370370371
45524,10092.0,16499.54,3203.7700000000004,1740,1646.0,19.41732921039011,0.9459770114942528
45525,15826.98,26787.18,5480.1,2678,2682.0,20.45792054258791,1.001493651979089
45526,13339.900000000001,20750.68,3705.3899999999994,2242,2132.0,17.856716020872565,0.9509366636931311
45535,43086.060000000005,71423.76,14168.849999999995,6558,6624.0,19.83772626924149,1.010064043915828
45565,1351.8400000000001,1259.3,-46.270000000000095,112,70.0,-3.6742634797109583,0.625
45576,1428.0,1293.2,-67.39999999999998,408,180.0,-5.211877513145683,0.4411764705882353
45577,403.20000000000005,1006.02,301.40999999999997,144,138.0,29.96063696546788,0.9583333333333334
45599,14767.199999999999,19920.699999999997,2576.749999999999,1260,1130.0,12.935037423383713,0.8968253968253969
45600,32897.04,46967.9,7035.43,4488,4410.0,14.979230495721547,0.982620320855615
45601,26714.660000000003,41553.799999999996,7419.569999999996,2422,2420.0,17.85533453017533,0.9991742361684558
45602,8835.32,8535.88,-149.72000000000025,676,612.0,-1.7540077883006822,0.9053254437869822
45604,21696.2,71924.01999999999,25113.909999999996,1660,3598.0,34.917277983071585,2.1674698795180722
45605,5948.639999999999,11334.22,2692.79,972,1178.0,23.758053046438132,1.2119341563786008
45632,15451.199999999999,21611.28,3080.04,1392,1272.0,14.25200173242862,0.9137931034482759
45645,854.4,2087.2799999999997,616.4399999999998,48,72.0,29.53317235828446,1.5
45647,11448.359999999999,20415.6,4483.62,1764,1840.0,21.961735143713632,1.0430839002267573
45710,1042.4399999999998,1277.58,117.57000000000005,42,42.0,9.202554830225901,1.0
45745,1746.24,1534.68,-105.77999999999997,214,132.0,-6.892642114316989,0.616822429906542
45752,13582.4,26444.22,6430.910000000001,2080,2378.0,24.31877362992745,1.1432692307692307
45769,50872.5,99057.84,24092.67,7650,8216.0,24.321820463680613,1.073986928104575
45770,36306.9,54755.08,9224.09,3842,3892.0,16.846089897046994,1.0130140551795939
45822,256159.74,428426.42,86133.34,47702,45198.0,20.104581785595762,0.9475074420359734
45823,16410.24,25733.88,4661.82,2464,2412.0,18.115495992054054,0.9788961038961039
45831,30008.719999999998,42919.1,6455.1900000000005,2614,2490.0,15.040366643289351,0.9525631216526397
45837,14585.92,14396.0,-94.96000000000004,608,400.0,-0.6596276743539875,0.6578947368421053
45839,10669.68,12782.439999999999,1056.3799999999992,696,556.0,8.264306345267409,0.7988505747126436
45840,783.84,1199.52,207.83999999999997,48,48.0,17.32693077230892,1.0
45845,17908.8,35360.22,8725.710000000001,1680,1978.0,24.676628143150694,1.1773809523809524
45848,255772.14,371814.06,58020.95999999999,38578,34802.0,15.60483215723472,0.9021203794909015
45859,11419.1,7701.28,-1858.9100000000003,770,472.0,-24.137675814929473,0.612987012987013
45860,5779.2,8622.720000000001,1421.7600000000007,1680,1728.0,16.488532620797155,1.0285714285714285
45866,4297.599999999999,6693.3,1197.8500000000004,632,670.0,17.89625446341865,1.0601265822784811
45871,3622.4,4550.64,464.1200000000001,640,536.0,10.19900497512438,0.8375
45874,654.24,724.6800000000001,35.22000000000003,174,132.0,4.860076171551585,0.7586206896551724
45875,528.9000000000001,651.36,61.22999999999996,82,64.0,9.400331613854084,0.7804878048780488
45876,24526.48,39343.28,7408.4,2372,2472.0,18.83015345949804,1.042158516020236
45884,883.2,1343.04,229.91999999999996,96,96.0,17.119370979270908,1.0
45885,55658.24,82118.92,13230.34,4288,4108.0,16.111195812122226,0.9580223880597015
45912,1687.6799999999998,2244.7799999999997,278.54999999999995,144,122.0,12.408788389062625,0.8472222222222222
45913,540.96,508.98,-15.990000000000009,168,102.0,-3.1415772721914434,0.6071428571428571
45920,952.22,1169.22,108.5,94,78.0,9.279690733993602,0.8297872340425532
45921,12383.82,26361.72,6988.950000000001,2414,2828.0,26.511737473882587,1.171499585749793
45980,3359.16,7678.72,2159.78,84,128.0,28.126823220536757,1.5238095238095237
45991,279.36,0.0,-139.68,24,0.0,-inf,0.0
45992,54.0,1164.94,555.47,8,106.0,47.68228406613216,13.25
45993,51.92,285.74,116.91,8,26.0,40.914817666410016,3.25
46011,106.8,103.92,-1.4399999999999977,12,8.0,-1.3856812933025382,0.6666666666666666
46021,202437.86,363764.5,80663.32,30626,31142.0,22.174599225597884,1.0168484294390387
46023,148981.32,264244.2,57631.44,22676,22172.0,21.809916736110008,0.9777738578232492
46048,778.24,1043.4199999999998,132.58999999999992,64,58.0,12.70725115485614,0.90625
46059,1520.6399999999999,2386.02,432.69000000000005,576,598.0,18.13438277969171,1.0381944444444444
46060,61807.2,99108.58,18650.690000000002,7280,7142.0,18.818441349881113,0.981043956043956
46062,16434.62,25842.14,4703.76,2318,2386.0,18.201898140014723,1.0293356341673856
46065,1738.64,2286.2400000000002,273.80000000000007,206,176.0,11.975995521030166,0.8543689320388349
46070,21145.6,33272.74,6063.57,2360,2526.0,18.223837291428357,1.0703389830508474
46074,891.5999999999999,1099.0,103.70000000000005,120,100.0,9.435850773430396,0.8333333333333334
46083,661.44,939.0600000000001,138.81,96,94.0,14.78180307967542,0.9791666666666666
46088,23988.8,26802.24,1406.7200000000012,1760,1776.0,5.24851654190098,1.009090909090909
46093,53180.32,89955.48,18387.579999999998,8144,8052.0,20.44075580498264,0.9887033398821218
46096,13436.8,22992.24,4777.720000000001,1976,2176.0,20.77970654446892,1.1012145748987854
46098,88339.5,139619.9,25640.199999999997,14650,14410.0,18.364287612295954,0.9836177474402731
46117,434.15999999999997,647.28,106.56,72,72.0,16.46273637374861,1.0
46118,165.76,251.86,43.05000000000001,14,14.0,17.09282934963869,1.0
46119,3959.28,19052.64,7546.679999999999,108,336.0,39.60962890182147,3.111111111111111
46132,2563.2,2961.7200000000003,199.26000000000022,288,228.0,6.727847331955762,0.7916666666666666
46135,6.56,189.62,91.53,2,38.0,48.27022465984601,19.0
46141,5373.719999999999,8590.06,1608.17,414,394.0,18.72128949041101,0.9516908212560387
46145,181.92,109.8,-36.059999999999995,48,20.0,-32.84153005464481,0.4166666666666667
46146,719.28,1114.92,197.82000000000005,108,108.0,17.742977074588314,1.0
46147,280.32,431.76,75.72,24,24.0,17.53752084491384,1.0
46156,16073.199999999999,11694.119999999999,-2189.54,572,588.0,-18.723426816211912,1.027972027972028
46163,3960.3199999999997,6230.4,1135.04,884,960.0,18.21777092963534,1.085972850678733
46164,4158.9800000000005,5866.96,853.9899999999998,974,904.0,14.55591993127616,0.9281314168377823
46165,10947.0,15537.06,2295.0299999999997,2460,2394.0,14.771327393985734,0.973170731707317
46166,1892.0,2738.7799999999997,423.3899999999999,440,422.0,15.459073017913083,0.9590909090909091
46185,4315.5,3816.3399999999997,-249.58000000000015,274,166.0,-6.539773709889585,0.6058394160583942
46189,20960.5,32314.979999999996,5677.239999999998,1850,1902.0,17.56844658421574,1.028108108108108
46190,1361.28,1259.3999999999999,-50.940000000000055,96,60.0,-4.044783230109581,0.625
46199,15892.9,25752.98,4930.04,3086,2902.0,19.14357095761345,0.9403758911211925
46201,109777.5,169443.5,29833.0,9758,9650.0,17.606458790098177,0.9889321582291453
46202,408750.1,644750.92,118000.41000000003,67562,66884.0,18.30170478857169,0.9899647730973032
46217,5796.16,10976.64,2590.24,1228,1336.0,23.597749402367207,1.0879478827361564
46297,28204.559999999998,42156.84,6976.139999999999,3644,3516.0,16.548061951512494,0.964873765093304
46298,16662.72,22493.24,2915.26,2042,1876.0,12.960605052895893,0.9187071498530852
46299,8138.459999999999,12679.6,2270.5700000000006,1254,1240.0,17.907268368087326,0.988835725677831
46308,834.96,916.98,41.00999999999999,142,102.0,4.472289471962309,0.7183098591549296
46310,21032.32,33984.42,6476.049999999999,4456,4558.0,19.055937985700506,1.022890484739677
46311,17735.76,28101.64,5182.9400000000005,3726,3836.0,18.443549913812863,1.0295222758990874
46327,154.35999999999999,685.02,265.33,34,98.0,38.73317567370296,2.8823529411764706
46333,463.2,985.66,261.23,24,34.0,26.503053791368224,1.4166666666666667
46371,4140.0,5844.5599999999995,852.2799999999997,368,344.0,14.582449320393662,0.9347826086956522
46372,362.56,543.68,90.55999999999997,32,32.0,16.656856974690992,1.0
46373,744.96,1087.36,171.19999999999993,64,64.0,15.744555620953497,1.0
46374,1769.2800000000002,2582.4799999999996,406.5999999999997,152,152.0,15.744555620953493,1.0
46378,304.56,229.54000000000002,-37.50999999999999,94,46.0,-16.34137840899189,0.48936170212765956
46379,354622.74,607850.08,126613.66999999998,37766,37592.0,20.829752954873346,0.9953926812476831
46380,73179.12,131780.22,29300.550000000003,8104,8178.0,22.234406650709797,1.0091312931885488
46381,66667.16,102266.45999999999,17799.649999999994,7294,6154.0,17.405168810966952,0.8437071565670414
46402,7045.36,11209.74,2082.19,1288,826.0,18.574828675776605,0.6413043478260869
46418,116.04,1173.26,528.61,12,74.0,45.054804561648744,6.166666666666667
46422,25754.4,41432.1,7838.8499999999985,3920,4190.0,18.919750628136153,1.0688775510204083
46424,81426.0,126847.7,22710.85,12300,12830.0,17.904029793208707,1.0430894308943088
46428,31645.44,51627.44,9991.000000000002,5248,5256.0,19.352111977661494,1.0015243902439024
46429,13989.599999999999,22882.58,4446.490000000002,2412,2342.0,19.43176862049647,0.9709784411276948
46446,390.5,470.82000000000005,40.160000000000025,142,118.0,8.529799073956081,0.8309859154929577
46447,207039.6,380080.86,86520.62999999999,33830,34314.0,22.76374295722231,1.0143068282589418
46453,36371.46,40045.56,1837.0499999999993,4962,3844.0,4.587399951455291,0.7746876259572752
46458,48542.159999999996,136874.82,44166.33,6296,8934.0,32.26768079037473,1.4189961880559085
46475,5184.0,8723.4,1769.6999999999998,768,860.0,20.286814774055987,1.1197916666666667
46476,103611.82,177733.52,37060.84999999999,15038,17448.0,20.8519192102874,1.16026067296183
46485,6828.599999999999,37849.24,15510.32,190,676.0,40.979211207411296,3.557894736842105
46489,42636.0,59594.06,8479.029999999999,5700,5194.0,14.22797842603776,0.9112280701754386
46496,282.24,0.0,-141.12,24,0.0,-inf,0.0
46498,11772.0,17495.22,2861.6100000000006,1744,1678.0,16.356524810776886,0.9621559633027523
46508,714.0,1078.8,182.39999999999998,120,120.0,16.907675194660733,1.0
46551,49437.96,73151.78,11856.91,2948,2822.0,16.208641812953832,0.9572591587516961
46554,12225.78,21348.52,4561.37,1302,1348.0,21.366211802972757,1.0353302611367128
46555,2300.96,3901.66,800.3499999999999,394,434.0,20.51306367033519,1.101522842639594
46568,41787.9,69244.06,13728.079999999998,6930,6794.0,19.825642806039966,0.9803751803751803
46580,1463.58,2320.36,428.3900000000001,282,364.0,18.462221379441125,1.2907801418439717
46582,21286.079999999998,32963.68,5838.800000000001,3112,2632.0,17.712828179378036,0.8457583547557841
46583,1882.0,8350.84,3234.42,40,116.0,38.731672502406944,2.9
46590,1307.28,5040.12,1866.42,156,388.0,37.031261160448565,2.4871794871794872
46599,19065.96,23940.2,2437.120000000001,2532,2380.0,10.18003191284952,0.9399684044233807
46600,44979.719999999994,59067.16,7043.720000000005,5934,5884.0,11.924934261271414,0.9915739804516347
46621,59659.92,89967.59999999999,15153.839999999997,3854,3640.0,16.843663718938814,0.9444732745199792
46628,27213.0,39968.52,6377.759999999998,2820,2748.0,15.956958126045196,0.9744680851063829
46661,246.0,358.8,56.400000000000006,120,120.0,15.719063545150503,1.0
46662,144.72,215.28000000000003,35.280000000000015,72,72.0,16.38795986622074,1.0
46663,477.59999999999997,717.6,120.00000000000003,240,240.0,16.722408026755854,1.0
46664,46.56,143.52,48.480000000000004,24,48.0,33.77926421404682,2.0
46694,24568.6,31805.8,3618.6000000000004,1526,1220.0,11.377170201661334,0.799475753604194
46715,2288.4,1657.46,-315.47,120,54.0,-19.033340171105188,0.45
46725,5062.2,11484.66,3211.23,390,534.0,27.961036722027472,1.3692307692307693
46732,291.6,227.62,-31.99000000000001,72,38.0,-14.054125296546879,0.5277777777777778
46733,3349.68,4867.94,759.1299999999999,408,406.0,15.594481443896186,0.9950980392156863
46734,114118.56,160780.6,23331.020000000004,16684,16172.0,14.511091512284443,0.969311915607768
46762,29786.719999999998,67730.16,18971.72,3728,4784.0,28.01074144812296,1.2832618025751072
46763,11366.599999999999,26641.78,7637.59,1412,2222.0,28.667716646560404,1.5736543909348442
46764,65729.26,123352.08,28811.410000000003,8006,9792.0,23.357052430733233,1.223082687984012
46765,934.4399999999999,2199.6,632.5799999999999,26,40.0,28.75886524822695,1.5384615384615385
46766,3277.1200000000003,1719.48,-778.8200000000002,152,52.0,-45.29392607067253,0.34210526315789475
46774,285.84,431.76,72.96000000000001,24,24.0,16.89827682045581,1.0
46783,17782.52,26372.82,4295.15,3098,3118.0,16.286275036192563,1.0064557779212395
46785,22713.359999999997,32319.8,4803.220000000001,3876,3820.0,14.861539984777137,0.9855521155830753
46788,29583.68,42277.48,6346.9000000000015,5264,5052.0,15.012484187799274,0.959726443768997
46802,4146.719999999999,6876.22,1364.7500000000005,1272,1378.0,19.847387081856024,1.0833333333333333
46816,7235.2,10329.66,1547.23,1064,1034.0,14.978518170007533,0.9718045112781954
46817,619.2,959.52,170.15999999999997,48,48.0,17.73386693346673,1.0
46819,1351.0,2042.54,345.77,140,146.0,16.92843224612492,1.042857142857143
46826,17267.8,22365.08,2548.6400000000012,1670,1492.0,11.395622103743877,0.8934131736526946
46829,13041.0,20474.64,3716.8199999999997,1610,1736.0,18.153286211625698,1.0782608695652174
46830,91226.76000000001,139712.44,24242.839999999997,15436,15380.0,17.351955201698573,0.9963721171287898
46882,2687.04,4029.12,671.04,288,288.0,16.65475339528234,1.0
46904,444.48,111.92,-166.28,48,8.0,-148.57040743388134,0.16666666666666666
46923,4422.6,5085.84,331.6199999999999,546,416.0,6.520456797697133,0.7619047619047619
46928,1439.2,1295.52,-71.84000000000003,80,48.0,-5.5452636779054,0.6
46929,326.4,229.64000000000001,-48.37999999999998,48,36.0,-21.067758230273462,0.75
46934,122214.74,180803.88,29294.57,11854,10940.0,16.202401187408146,0.9228952252404252
46942,1401.84,3178.94,888.5500000000001,72,106.0,27.95114094635319,1.4722222222222223
46947,13540.8,24036.78,5247.99,1860,1922.0,21.8331656736052,1.0333333333333334
46950,257.28,655.1800000000001,198.95000000000005,48,82.0,30.365701028724935,1.7083333333333333
46964,583.68,287.92,-147.87999999999997,24,8.0,-51.36148930258404,0.3333333333333333
46985,106879.5,132610.13999999998,12865.319999999992,6786,5586.0,9.701611053272392,0.8231653404067197
47009,34688.4,57824.7,11568.149999999998,4110,4330.0,20.00555126096633,1.0535279805352797
47011,3528.0,4099.86,285.92999999999984,288,214.0,6.97414058041006,0.7430555555555556
47014,69784.32,115271.9,22743.789999999994,8552,8410.0,19.730558791865143,0.9833956969130028
47027,12558.46,19036.36,3238.9500000000007,2374,2364.0,17.014544797429764,0.995787700084246
47049,1820.3999999999999,1589.3999999999999,-115.5,60,60.0,-7.266893167232919,1.0
47075,1644.72,1426.1999999999998,-109.2600000000001,264,160.0,-7.66091712242323,0.6060606060606061
47090,79551.48,120141.92,20295.22,5106,5008.0,16.892704894344956,0.9808068938503721
50354,721.44,459.90000000000003,-130.77,24,10.0,-28.434442270058707,0.4166666666666667
90010,7408.8,18030.04,5310.620000000001,120,196.0,29.454288509620614,1.6333333333333333
90011,10234.08,28998.0,9381.96,108,200.0,32.35381750465549,1.8518518518518519
90012,1712.0,12497.5,5392.75,50,250.0,43.150630126025206,5.0
90013,5843.7,21797.82,7977.0599999999995,90,218.0,36.59567791641549,2.422222222222222
90014,3425.52,20456.7,8515.59,84,330.0,41.62738858173606,3.9285714285714284
90080,644.16,3599.4,1477.6200000000001,16,60.0,41.05184197366228,3.75
90085,381.76,1331.64,474.94000000000005,16,36.0,35.665795560361666,2.25
90086,68.4,2807.46,1369.53,2,54.0,48.78181701609284,27.0
90087,9337.5,33839.28,12250.89,30,72.0,36.2031638971042,2.4
90088,1109.52,7019.4800000000005,2954.9800000000005,12,52.0,42.09685047895286,4.333333333333333
90089,4986.88,38156.82,16584.97,64,318.0,43.46528353253757,4.96875
90090,5379.24,19499.7,7060.2300000000005,12,30.0,36.20686472099571,2.5
90604,18507.12,18238.48,-134.3199999999997,236,152.0,-0.736464880845332,0.6440677966101694
90609,10914.0,4148.34,-3382.83,642,166.0,-81.54659454143103,0.2585669781931464
90631,49380.24,63008.81999999999,6814.289999999997,3876,3318.0,10.81481925863712,0.8560371517027864
